ticker,close,open,high,low,volume,change_%,value_traded,rvol,atr,perf_1m,perf_3m,volatility,tarih,z_vol,z_range,z_lambda,z_flow,shock_count,is_fresh_shock,shock_score,regime,score_diff,vwap,ema20,sma50,is_above_trend,entry_status,confidence_score,stars,allocation
EDIP,40.26,36.04,40.26,36.04,3791025.0,9.999999999999991,152626666.5,2.380214800569013,1.0,18.97163120567374,6.451612903225801,11.709211986681462,2026-08-31,3.04,6.0,1.01,4.0,4,True,99.5,⚡ SENKRONİZE ŞOK PATLAMASI (DAY-1),0.0,,,,,,,,
KARCL,153.9,129.1,157.2,129.1,26257349.0,7.622377622377627,4041006011.1,3.357503405058049,1.0,299.7402597402597,299.7402597402597,21.766072811773817,2026-08-31,5.19,6.0,0.04,3.27,3,False,93.2,🚀 KISMİ HACİM & MENZİL İVMESİ,1.1,,,,,,,,
DSTKF,2016.0,1773.0,2066.0,1773.0,8807085.0,2.595419847328244,17755083360.0,13.867029585597576,1.0,12.37458193979933,4.132231404958677,16.52566271855612,2026-08-31,6.0,6.0,0.0,2.94,3,True,91.7,⚡ SENKRONİZE ŞOK PATLAMASI (DAY-1),-0.1,,,,,,,,
ANELE,190.8,187.1,197.5,177.8,30079373.0,1.9775521111705063,5739144368.400001,5.233603399045725,1.0,65.91304347826087,101.47835269271384,11.079865016872883,2026-08-31,6.0,6.0,0.01,1.04,3,False,90.7,🚀 KISMİ HACİM & MENZİL İVMESİ,13.1,,,,,,,,
TRHOL,3147.5,3100.0,3182.5,3030.0,1012282.0,1.532258064516129,3186157595.0,2.355391447983052,1.0,70.13513513513513,105.71895424836602,5.033003300330033,2026-08-31,2.98,6.0,0.01,1.75,3,False,88.8,🚀 KISMİ HACİM & MENZİL İVMESİ,12.3,,,,,,,,
KONYA,3890.0,3787.5,4040.0,3775.0,29966.0,2.706270627062706,116567740.0,2.452329901631832,1.0,7.236388697450034,1.0389610389610389,7.0198675496688745,2026-08-31,3.2,6.0,0.42,0.7,2,True,83.4,🚀 KISMİ HACİM & MENZİL İVMESİ,-0.8,,,,,,,,
KARTN,166.2,160.0,175.9,159.0,1259531.0,3.874999999999993,209334052.2,2.3489947780678984,1.0,-24.45454545454546,35.12195121951219,10.628930817610064,2026-08-31,2.97,6.0,0.34,0.66,2,True,81.7,🚀 KISMİ HACİM & MENZİL İVMESİ,-0.2,,,,,,,,
IEYHO,207.2,197.7,209.2,197.5,2016433.0,5.984654731457795,417804917.6,1.866309318028934,1.0,25.57575757575757,77.85407725321888,6.936708860759488,2026-08-31,1.91,6.0,0.27,2.91,2,False,81.2,🚀 KISMİ HACİM & MENZİL İVMESİ,-14.3,,,,,,,,
RYGYO,50.15,46.98,50.3,46.98,7258027.0,6.025369978858355,363990054.05,2.838775479313451,1.0,29.45276200309756,47.58681577398471,7.066836951894424,2026-08-31,4.05,5.8,0.31,3.72,2,False,79.7,🚀 KISMİ HACİM & MENZİL İVMESİ,-13.7,,,,,,,,
BLUME,41.94,40.58,42.38,37.3,5724156.0,2.143205065757417,240071102.64,1.749877857329902,1.0,31.803896920175983,12.62083780880772,13.619302949061678,2026-08-31,1.65,6.0,0.17,2.3,2,False,78.2,🚀 KISMİ HACİM & MENZİL İVMESİ,-13.9,,,,,,,,
KRDMA,66.65,63.45,66.65,61.45,21697312.0,9.98349834983499,1446125844.8000002,1.5997417918065489,1.0,57.19339622641512,64.56790123456791,9.845402766476818,2026-08-31,1.32,6.0,0.13,3.31,2,False,77.2,🚀 KISMİ HACİM & MENZİL İVMESİ,-0.5,,,,,,,,
PRKME,19.5,18.55,19.8,17.92,13112894.0,5.12129380053908,255701433.0,3.5481944379728763,1.0,12.847222222222214,8.877721943048575,10.491071428571422,2026-08-31,5.61,2.2,0.37,2.41,2,True,75.9,🚀 KISMİ HACİM & MENZİL İVMESİ,-12.7,,,,,,,,
TARKM,566.0,547.5,584.0,542.0,315172.0,2.166064981949458,178387352.0,1.3881801288497122,1.0,21.3941018766756,1.161751563896336,7.749077490774908,2026-08-31,0.85,6.0,0.23,1.11,2,True,75.8,🚀 KISMİ HACİM & MENZİL İVMESİ,14.0,,,,,,,,
PNSUT,11.87,11.07,12.15,11.01,19930877.0,7.420814479637995,236579509.99,6.388640541727747,1.0,11.560150375939836,-15.032211882605592,10.354223433242511,2026-08-31,6.0,0.35,0.55,2.38,2,False,75.3,🚀 KISMİ HACİM & MENZİL İVMESİ,-0.7,,,,,,,,
AGHOL,31.96,30.66,32.7,30.48,14405577.0,4.240052185257667,460402240.92,3.592977968581955,1.0,-11.07401224262659,-6.549707602339186,7.283464566929141,2026-08-31,5.7,3.05,0.18,1.79,2,True,74.2,🚀 KISMİ HACİM & MENZİL İVMESİ,0.9,,,,,,,,
TBORG,162.1,161.0,163.5,157.6,505408.0,2.920634920634917,81926636.8,0.972478374051132,1.0,25.561580170410537,18.928833455612605,3.807106598984772,2026-08-31,-0.06,6.0,0.61,1.49,2,False,73.9,🚀 KISMİ HACİM & MENZİL İVMESİ,12.3,,,,,,,,
BIGEN,182.2,182.0,195.9,179.9,22684666.0,0.1098901098901036,4133146145.2,4.936476502493746,1.0,95.91397849462363,307.0598748882931,8.893829905503058,2026-08-31,6.0,6.0,0.0,0.02,2,False,73.2,🚀 KISMİ HACİM & MENZİL İVMESİ,-1.5,,,,,,,,
SELEC,335.5,332.75,341.75,330.75,13410319.0,0.7507507507507507,4499162024.5,2.2144453536683164,1.0,57.51173708920188,237.1859296482412,3.325774754346183,2026-08-31,2.67,6.0,0.0,0.45,2,False,72.0,🚀 KISMİ HACİM & MENZİL İVMESİ,15.4,,,,,,,,
CRFSA,288.75,260.25,294.0,255.25,3914011.0,7.742537313432836,1130170676.25,1.1424442745474437,1.0,70.65602836879434,125.5859375,15.181194906953968,2026-08-31,0.31,6.0,0.13,2.93,2,False,71.9,🚀 KISMİ HACİM & MENZİL İVMESİ,0.1,,,,,,,,
RGYAS,214.6,213.5,216.1,212.0,3120944.0,0.9882352941176444,669754582.4,1.4991276947315837,1.0,6.766169154228853,9.713701431492844,1.9339622641509409,2026-08-31,1.1,6.0,0.03,1.07,2,True,71.8,🚀 KISMİ HACİM & MENZİL İVMESİ,12.1,,,,,,,,
BAHKM,161.8,158.0,164.0,152.1,1848396.0,1.4420062695924836,299070472.8,1.1684610416899508,1.0,35.966386554621856,44.85228290062668,7.823800131492442,2026-08-31,0.37,6.0,0.09,1.96,2,False,70.9,🚀 KISMİ HACİM & MENZİL İVMESİ,13.3,,,,,,,,
MARTI,1.7,1.55,1.7,1.47,188179422.0,9.677419354838705,319905017.4,2.17635596723544,1.0,16.438356164383563,-14.572864321608042,15.64625850340136,2026-08-31,2.59,-1.93,0.53,3.37,2,False,65.1,🚀 KISMİ HACİM & MENZİL İVMESİ,-0.4,,,,,,,,
MRSHL,1641.0,1630.0,1716.0,1618.0,72591.0,1.4842300556586272,119121831.0,2.041510229909302,1.0,7.254901960784314,3.8607594936708862,6.118665018541409,2026-08-31,2.29,6.0,0.23,0.2,1,True,64.2,NÖTR REJİM,-13.1,,,,,,,,
ODINE,2013.0,1757.0,2013.0,1730.0,546739.0,10.0,1100585607.0,0.7342783050675825,1.0,-4.18848167539267,58.13040062843676,16.358381502890172,2026-08-31,-0.58,6.0,0.17,3.83,2,True,63.8,🚀 KISMİ HACİM & MENZİL İVMESİ,0.3,,,,,,,,
OZATD,4845.0,4932.5,4932.5,4812.5,2748495.0,0.5186721991701244,13316458275.0,4.663986997489911,1.0,27.83641160949868,249.5670995670996,2.493506493506493,2026-08-31,6.0,6.0,0.0,0.0,2,False,63.7,🚀 KISMİ HACİM & MENZİL İVMESİ,0.3,,,,,,,,
KUYAS,65.0,65.0,68.85,63.4,15030022.0,0.1540832049306537,976951430.0,3.995826480997284,1.0,-6.474820143884892,-17.46031746031746,8.596214511041003,2026-08-31,6.0,6.0,0.0,0.0,2,False,63.7,🚀 KISMİ HACİM & MENZİL İVMESİ,63.7,,,,,,,,
KRDMB,136.2,133.1,139.4,133.1,3740438.0,2.637528259231349,509447655.6,1.7481465390307505,1.0,2.79245283018867,18.951965065502176,5.033809166040584,2026-08-31,1.65,6.0,0.1,0.89,1,True,62.8,NÖTR REJİM,-0.7,,,,,,,,
PETUN,11.95,11.48,12.69,11.36,18009326.0,3.552859618717505,215211445.7,10.00572809091342,1.0,11.266294227188071,-8.569242540168332,11.70774647887324,2026-08-31,6.0,0.83,0.31,0.64,1,True,59.3,NÖTR REJİM,-0.7,,,,,,,,
TERA,187.8,185.9,192.9,185.7,26338013.0,1.2398921832884158,4946278841.400001,1.6319353391575486,1.0,9.568261376896151,-6.146926536731625,3.984921917070547,2026-08-31,1.39,6.0,0.01,0.48,1,True,58.4,NÖTR REJİM,6.5,,,,,,,,
PINSU,10.71,10.31,11.25,10.28,19125341.0,3.879728419010672,204832402.11,7.089760588706912,1.0,3.578336557059971,-7.592752372735108,9.435797665369655,2026-08-31,6.0,-0.07,0.35,0.74,1,True,58.3,NÖTR REJİM,-0.3,,,,,,,,
VESTL,22.92,22.3,24.18,22.0,34015188.0,2.8725314183123904,779628108.96,4.812252795133805,1.0,-1.2068965517241277,-13.834586466165414,9.909090909090908,2026-08-31,6.0,2.95,0.07,0.51,1,False,57.9,NÖTR REJİM,-12.3,,,,,,,,
CANTE,1.39,1.32,1.43,1.31,1395916046.0,6.923076923076913,1940323303.94,5.804985374501442,1.0,16.806722689075627,-9.740259740259749,9.923664122137396,2026-08-31,6.0,-2.0,0.07,1.78,2,True,57.8,🚀 KISMİ HACİM & MENZİL İVMESİ,9.5,,,,,,,,
RALYH,267.5,265.75,269.5,264.0,1504106.0,0.658513640639699,402348355.0,0.6506424944636551,1.0,14.072494669509595,22.20191868433074,2.083333333333333,2026-08-31,-0.77,6.0,0.03,1.17,2,True,57.2,🚀 KISMİ HACİM & MENZİL İVMESİ,10.0,,,,,,,,
RYSAS,28.54,27.1,28.58,26.9,30764245.0,5.625462620281271,878011552.3,1.9362154996982848,1.0,26.84444444444444,18.521594684385388,6.245353159851301,2026-08-31,2.06,1.7,0.12,3.64,1,False,56.8,NÖTR REJİM,-23.2,,,,,,,,
AKHAN,41.38,40.36,42.0,40.24,2573917.0,2.4257425742574354,106508685.46,1.30308865257706,1.0,-5.308924485125859,33.91585760517801,4.373757455268384,2026-08-31,0.67,1.9,0.41,1.69,1,True,55.8,NÖTR REJİM,0.7,,,,,,,,
MAKTK,10.67,10.45,11.34,10.36,13275357.0,2.301054650047941,141648059.19,2.876735616318653,1.0,8.98876404494383,-20.845697329376858,9.459459459459463,2026-08-31,4.13,-0.05,0.3,0.4,1,False,55.1,NÖTR REJİM,-0.8,,,,,,,,
BRKVY,86.6,87.2,89.95,85.15,853225.0,1.882352941176464,73889285.0,1.3073241871331014,1.0,16.397849462365574,-10.583376355188436,5.8132706987668845,2026-08-31,0.68,6.0,0.45,0.0,1,False,54.2,NÖTR REJİM,-0.1,,,,,,,,
PRZMA,91.0,83.1,94.25,83.1,2142566.0,0.8869179600886887,194973506.0,0.3372755498390228,1.0,30.46594982078853,86.32268632268632,13.417569193742484,2026-08-31,-1.46,6.0,0.09,2.19,2,False,53.1,NÖTR REJİM,53.1,,,,,,,,
PAPIL,13.9,13.68,14.43,13.22,18889767.0,1.6081871345029288,262567761.3,2.181148247500815,1.0,19.21097770154374,-11.57760814249364,9.15279878971255,2026-08-31,2.6,0.52,0.12,0.6,1,False,52.8,NÖTR REJİM,-1.5,,,,,,,,
AYGAZ,334.0,332.0,337.0,330.75,1066830.0,1.596958174904943,356321220.0,0.9196659709884062,1.0,27.72466539196941,36.82916837361737,2.494331065759637,2026-08-31,-0.18,6.0,0.09,0.66,1,False,52.4,NÖTR REJİM,-1.3,,,,,,,,
TUPRS,402.25,406.0,406.25,397.25,31558767.0,1.5782828282828285,12694514025.75,1.0568203794274045,1.0,39.670138888888886,66.35649296939619,2.580239144115796,2026-08-31,0.13,6.0,0.0,0.24,1,False,51.3,NÖTR REJİM,9.2,,,,,,,,
KCHOL,214.9,214.6,217.8,213.7,29874081.0,0.420560747663554,6419940006.900001,1.0247242578569429,1.0,11.868818323789698,14.430244941427048,1.9185774450163888,2026-08-31,0.05,6.0,0.0,0.13,1,True,50.5,NÖTR REJİM,1.0,,,,,,,,
SMRTG,10.36,10.15,10.6,9.92,38329419.0,2.169625246548312,397092780.84,2.0279887000005443,1.0,-6.498194945848381,-14.3801652892562,6.854838709677416,2026-08-31,2.26,-0.8,0.11,1.2,1,False,50.4,NÖTR REJİM,-0.2,,,,,,,,
CATES,69.65,69.0,72.0,65.9,2338970.0,1.753104455807163,162909260.5,0.616384847279406,1.0,51.67682926829269,72.82878411910673,9.256449165402117,2026-08-31,-0.84,6.0,0.2,0.7,1,False,49.6,NÖTR REJİM,0.4,,,,,,,,
VESBE,5.34,5.3,5.71,5.25,37584381.0,0.9451795841209796,200700594.54,3.993499217852038,1.0,-8.247422680412377,-22.043795620437955,8.761904761904763,2026-08-31,6.0,-1.35,0.09,0.16,1,False,48.7,NÖTR REJİM,-0.8,,,,,,,,
EUPWR,106.5,105.7,109.3,105.7,14101219.0,0.9478672985781992,1501779823.5,0.846771241921434,1.0,23.981373690337595,40.68692206076617,3.5950804162724666,2026-08-31,-0.34,6.0,0.01,0.4,1,False,47.9,NÖTR REJİM,-0.8,,,,,,,,
ENERY,9.89,9.84,10.39,9.64,67164278.0,0.6103763987792522,664254709.4200001,2.252128512337629,1.0,8.205689277899342,12.386363636363631,7.780082987551867,2026-08-31,2.75,-0.62,0.02,0.12,1,True,46.8,NÖTR REJİM,0.6,,,,,,,,
KRDMD,47.52,46.68,47.96,46.56,78659939.0,1.9305019305019429,3737920301.28,1.0903442509174786,1.0,15.395823215152996,16.072300928187605,3.006872852233674,2026-08-31,0.2,1.0,0.01,1.9,1,True,45.5,NÖTR REJİM,0.0,,,,,,,,
ZOREN,2.34,2.31,2.47,2.27,151950237.0,1.2987012987012905,355563554.58,5.138746861970441,1.0,-0.8474576271186449,-23.778501628664497,8.810572687224678,2026-08-31,6.0,-2.0,0.07,0.27,1,False,45.5,NÖTR REJİM,-0.8,,,,,,,,
DEVA,93.7,93.3,94.1,92.15,835053.0,2.2925764192139835,78244466.10000001,0.5705747256495594,1.0,29.33057280883368,44.15384615384616,2.7129679869777537,2026-08-31,-0.94,2.37,0.51,1.67,1,False,45.2,NÖTR REJİM,2.2,,,,,,,,
EBEBK,84.9,84.6,85.6,83.75,1030625.0,0.3546099290780277,87500062.5,1.6211433108775983,1.0,0.8313539192399083,1.7375674056321184,2.20895522388059,2026-08-31,1.37,2.12,0.08,0.83,0,True,42.1,NÖTR REJİM,-10.7,,,,,,,,
METRO,8.82,8.71,9.0,8.59,10038384.0,1.2629161882893158,88538546.88000001,1.3558059866417589,1.0,17.443408788282298,13.222079589216948,4.772991850989524,2026-08-31,0.78,-1.47,0.27,0.75,0,True,36.9,NÖTR REJİM,0.7,,,,,,,,
ARSAN,4.4,4.23,4.57,4.23,35740002.0,3.286384976525835,157256008.8,0.8304072457939952,1.0,33.738601823708215,27.536231884057973,8.037825059101651,2026-08-31,-0.37,-1.65,0.38,0.9,0,False,31.0,NÖTR REJİM,-1.3,,,,,,,,
HUNER,4.0,4.02,4.12,3.93,85778301.0,1.010101010101011,343113204.0,1.8710202787105064,1.0,16.618075801749267,3.896103896103894,4.834605597964375,2026-08-31,1.92,-2.0,0.06,0.0,0,True,26.1,NÖTR REJİM,-6.4,,,,,,,,
PETKM,20.14,20.32,20.4,19.91,71034250.0,0.4990019960079911,1430629795.0,1.1166762494435565,1.0,6.786850477200431,-11.975524475524468,2.4610748367654365,2026-08-31,0.26,-1.28,0.01,0.0,0,False,22.4,NÖTR REJİM,0.0,,,,,,,,
TEHOL,36.22,36.54,37.88,36.02,47079563.0,0.6111111111111079,1705221771.86,0.5654576982784391,1.0,-22.107526881720432,28.53087295954577,5.2193225985563645,2026-08-31,-0.96,2.15,0.01,0.0,0,True,20.0,NÖTR REJİM,-5.0,,,,,,,,
SVGYO,17.81,17.68,18.0,17.65,16182583.0,0.6214689265536691,288211803.23,0.3572928127452401,1.0,36.99999999999999,-6.213796735123748,1.983002832861198,2026-08-31,-1.41,-1.62,0.04,0.67,0,False,19.5,NÖTR REJİM,0.4,,,,,,,,
BMSTL,43.5,43.92,44.24,43.32,1524428.0,-1.0013654984069134,66312618.0,0.5566943160889082,1.0,1.2098650535132691,5.454545454545454,2.123730378578028,2026-08-31,-0.98,-0.2,0.28,0.0,0,True,0.0,NÖTR REJİM,0.0,,,,,,,,
ASELS,387.5,404.25,406.75,385.25,29709789.0,-4.084158415841585,11465606971.5,0.9233707637961804,1.0,13.709677419354838,0.7142857142857143,5.580791693705386,2026-08-31,-0.17,6.0,0.01,0.0,1,True,0.0,NÖTR REJİM,0.0,,,,,,,,
ASTOR,325.0,350.0,355.25,317.0,50227937.0,-6.9434502505368645,16324079525.0,1.602271680082407,1.0,11.972437553832902,-2.694610778443114,12.066246056782337,2026-08-31,1.32,6.0,0.01,0.0,1,True,0.0,NÖTR REJİM,0.0,,,,,,,,
EGEEN,5085.0,5150.0,5200.0,5075.0,15798.0,-1.2141816415735796,80332830.0,1.60538991524907,1.0,-2.446043165467626,-13.00256629597947,2.4630541871921183,2026-08-31,1.33,6.0,0.28,0.0,1,False,0.0,NÖTR REJİM,0.0,,,,,,,,
GMTAS,43.88,44.5,44.8,43.46,1833955.0,-2.79131590607,80473945.4,0.5006052586187766,1.0,-6.638297872340421,-10.558499796167958,3.865623561895996,2026-08-31,-1.1,0.85,0.6,0.0,0,False,0.0,NÖTR REJİM,0.0,,,,,,,,
YIGIT,21.74,22.88,23.0,21.74,3709297.0,-5.478260869565224,80640116.78,1.0607373498897297,1.0,6.15234374999999,-12.550281576830256,5.795768169273237,2026-08-31,0.13,0.65,1.04,0.0,1,False,0.0,NÖTR REJİM,0.0,,,,,,,,
ADGYO,58.05,60.55,60.8,55.2,1399732.0,-4.128819157720892,81318503.0,1.181232611246248,1.0,20.28985507246378,4.028648164726947,10.144927536231874,2026-08-31,0.4,6.0,0.82,0.04,2,True,0.0,NÖTR REJİM,0.0,,,,,,,,
CGCAM,35.04,36.98,37.0,34.4,2336503.0,-5.194805194805199,81871065.12,1.008294587870851,1.0,-9.69072164948453,-16.571428571428573,7.558139534883725,2026-08-31,0.02,4.0,0.98,0.0,1,False,0.0,NÖTR REJİM,0.0,,,,,,,,
ISDMR,53.45,54.55,55.2,53.25,1538711.0,-2.016498625114564,82244102.95,0.9249324158572688,1.0,-2.90644868301543,-18.33460656990069,3.661971830985921,2026-08-31,-0.17,2.38,0.44,0.0,0,False,0.0,NÖTR REJİM,0.0,,,,,,,,
BOBET,20.08,20.7,21.1,20.02,4128514.0,-2.524271844660209,82900561.11999999,0.463206115273856,1.0,10.269082921471703,6.243386243386242,5.394605394605404,2026-08-31,-1.18,0.2,0.53,0.0,0,True,0.0,NÖTR REJİM,0.0,,,,,,,,
ECZYT,319.5,324.5,326.0,319.0,262926.0,-1.0069713400464757,84004857.0,0.7939366030785026,1.0,6.5,-11.922811853893869,2.19435736677116,2026-08-31,-0.45,6.0,0.23,0.0,1,False,0.0,NÖTR REJİM,0.0,,,,,,,,
HDFGS,2.43,2.53,2.53,2.4,35435034.0,-3.571428571428566,86107132.62,0.8303999028914663,1.0,-5.44747081712061,-15.624999999999991,5.416666666666663,2026-08-31,-0.37,-2.0,0.69,0.0,1,False,0.0,NÖTR REJİM,0.0,,,,,,,,
AAGYO,12.43,13.04,13.04,12.4,6962878.0,-4.311008468052352,86548573.53999999,0.858970064633973,1.0,-2.8146989835809184,-30.982787340366475,5.161290322580635,2026-08-31,-0.31,-0.9,0.81,0.0,1,False,0.0,🪤 DÜŞEN BIÇAK TUZAĞI,0.0,,,,,,,,
FROTO,77.35,78.4,78.7,76.35,29644369.0,-1.3392857142857286,2292991942.15,1.5663308306854804,1.0,0.5851755526657849,-11.091954022988512,3.077930582842185,2026-08-31,1.25,3.38,0.01,0.0,0,False,0.0,NÖTR REJİM,0.0,,,,,,,,
MANAS,33.18,33.18,34.9,31.66,74865461.0,-0.0602409638554311,2484035995.98,3.459565308076258,1.0,22.075055187637968,30.32207384131971,10.233733417561586,2026-08-31,5.41,5.6,0.0,0.0,1,False,0.0,NÖTR REJİM,-65.8,,,,,,,,
LOGO,134.3,136.3,136.3,132.9,583841.0,-1.467351430667645,78409846.30000001,1.172983180184512,1.0,0.901577761081906,-17.6578786020846,2.558314522197145,2026-08-31,0.38,6.0,0.34,0.0,1,False,0.0,NÖTR REJİM,0.0,,,,,,,,
KAREL,8.56,8.91,8.94,8.54,9179644.0,-3.9281705948372574,78577752.64,0.7758817917350391,1.0,-4.14333706606942,-34.406130268199234,4.683840749414524,2026-08-31,-0.49,-1.5,0.81,0.0,1,False,0.0,🪤 DÜŞEN BIÇAK TUZAĞI,0.0,,,,,,,,
BNTAS,6.4,6.44,6.68,6.3,12497542.0,0.0,79984268.8,3.3349744634812044,1.0,5.436573311367382,-8.045977011494246,6.03174603174603,2026-08-31,5.14,-1.55,0.0,0.0,1,True,0.0,NÖTR REJİM,0.0,,,,,,,,
BINBN,175.5,190.9,191.0,174.6,456174.0,-3.3057851239669422,80058537.0,1.1686224660364148,1.0,-0.9593679458239214,-1.7907106883044146,9.39289805269187,2026-08-31,0.37,6.0,0.69,0.0,2,True,0.0,NÖTR REJİM,0.0,,,,,,,,
SANFM,10.39,11.54,11.54,10.39,7280592.0,-9.96533795493933,75645350.88000001,1.129592917109811,1.0,15.701559020044543,20.53364269141533,11.068334937439833,2026-08-31,0.29,0.37,1.68,0.0,1,True,0.0,NÖTR REJİM,0.0,,,,,,,,
LINK,5.44,5.68,5.75,5.41,14002954.0,-4.393673110720562,76176069.76,0.9154747966796596,1.0,-3.374777975133206,-29.89690721649484,6.284658040665431,2026-08-31,-0.19,-1.65,0.91,0.0,1,False,0.0,🪤 DÜŞEN BIÇAK TUZAĞI,0.0,,,,,,,,
KATMR,2.07,2.12,2.13,2.05,37028576.0,-2.358490566037748,76649152.32,0.4376519070565452,1.0,-6.756756756756772,-27.874564459930323,3.902439024390248,2026-08-31,-1.24,-2.0,0.54,0.0,0,False,0.0,🪤 DÜŞEN BIÇAK TUZAĞI,0.0,,,,,,,,
MERCN,17.24,18.12,18.18,17.01,4457476.0,-4.856512141280367,76846886.24,0.964321658852464,1.0,-17.432950191570885,-24.5183887915937,6.878306878306867,2026-08-31,-0.08,0.42,0.98,0.0,1,False,0.0,NÖTR REJİM,0.0,,,,,,,,
ZERGY,9.4,9.54,9.57,9.12,8220670.0,-1.2605042016806642,77274298.0,0.4321258455644286,1.0,3.752759381898453,-35.39518900343642,4.934210526315802,2026-08-31,-1.25,-1.37,0.3,0.54,0,False,0.0,🪤 DÜŞEN BIÇAK TUZAĞI,0.0,,,,,,,,
LILAK,29.06,30.02,30.12,28.88,2679393.0,-3.455149501661138,77863160.58,0.9846259918128176,1.0,3.6376604850213967,-18.23297692740574,4.293628808864273,2026-08-31,-0.03,0.6,0.73,0.0,1,False,0.0,NÖTR REJİM,0.0,,,,,,,,
EREGL,38.88,39.3,40.1,38.66,143693700.0,-0.7150153217568795,5586811056.0,0.7737327200920201,1.0,-8.646616541353383,-3.9050914483440393,3.7247801345059615,2026-08-31,-0.5,1.1,0.0,0.0,0,True,0.0,NÖTR REJİM,0.0,,,,,,,,
ISCTR,12.63,12.8,12.8,12.54,458587539.0,-1.250977326035953,5791960617.570001,0.7351926937662094,1.0,4.380165289256208,-4.390613171839516,2.073365231259981,2026-08-31,-0.58,-1.85,0.0,0.0,0,True,0.0,NÖTR REJİM,0.0,,,,,,,,
TKNKA,158.0,166.0,182.4,153.0,41754818.0,-4.761904761904765,6597261244.0,1.0,1.0,68.26411075612353,68.26411075612353,19.215686274509807,2026-08-31,0.0,6.0,0.01,0.0,1,False,0.0,NÖTR REJİM,0.0,,,,,,,,
KTLEV,65.5,68.0,68.05,63.1,110023370.0,-5.072463768115942,7206530735.0,1.0625660306687166,1.0,42.35077027544836,70.6454534272709,9.35023771790808,2026-08-31,0.14,6.0,0.01,0.0,1,False,0.0,NÖTR REJİM,0.0,,,,,,,,
YKBNK,36.5,37.36,37.4,36.3,203071502.0,-1.934443847393872,7412109823.0,1.004424549165036,1.0,16.91223574631647,7.542722451384804,3.0303030303030343,2026-08-31,0.01,0.25,0.01,0.0,0,True,0.0,NÖTR REJİM,0.0,,,,,,,,
INVES,790.5,820.0,833.5,771.0,94997.0,-3.597560975609756,74560870.0,0.8814143163243812,1.0,12.86843997124371,25.0,8.106355382619974,2026-08-31,-0.26,6.0,0.79,0.0,2,True,0.0,NÖTR REJİM,0.0,,,,,,,,
DARDL,1.65,1.69,1.76,1.64,45505018.0,-1.7857142857142874,75083279.7,3.090310812207854,1.0,-1.197604790419163,-30.379746835443044,7.317073170731714,2026-08-31,4.6,-2.0,0.43,0.0,1,False,0.0,🪤 DÜŞEN BIÇAK TUZAĞI,0.0,,,,,,,,
ENDAE,18.29,18.5,18.72,17.87,4116556.0,-2.192513368983958,75291809.24,0.4840385449118576,1.0,19.075520833333336,7.461809635722677,4.756575265808606,2026-08-31,-1.14,-0.38,0.51,0.0,0,True,0.0,NÖTR REJİM,0.0,,,,,,,,
DAPGM,7.86,8.57,8.62,7.85,85759952.0,-8.60465116279069,674073222.72,0.9626259772490152,1.0,-10.580204778156984,-21.4,9.808917197452224,2026-08-31,-0.08,-0.58,0.24,0.0,0,False,0.0,NÖTR REJİM,0.0,,,,,,,,
ECILC,78.1,79.0,80.85,77.35,8905477.0,-0.1916932907348315,695517753.6999999,1.6433785063214663,1.0,16.74140508221224,-10.84474885844749,4.524886877828054,2026-08-31,1.42,6.0,0.01,0.0,1,False,0.0,NÖTR REJİM,0.0,,,,,,,,
TCKRC,147.6,159.0,160.8,147.6,4812337.0,-10.000000000000004,710300941.1999999,1.864531728450204,1.0,4.680851063829783,-7.576706324358169,11.111111111111114,2026-08-31,1.9,6.0,0.26,0.0,1,True,0.0,🚨 KURUMSAL BOŞALTIM (DUMP),0.0,,,,,,,,
CEMZY,15.41,16.35,16.5,15.15,48077361.0,-6.6060606060606055,740872133.01,0.4332263344320242,1.0,26.31147540983608,16.214177978883864,8.910891089108908,2026-08-31,-1.25,0.87,0.17,0.0,0,False,0.0,NÖTR REJİM,0.0,,,,,,,,
MAGEN,34.9,35.8,36.86,34.44,21516120.0,-2.7313266443701334,750912588.0,1.2917276245518423,1.0,-8.447009443861488,-45.211930926216645,7.026713124274106,2026-08-31,0.64,3.55,0.07,0.0,0,False,0.0,🪤 DÜŞEN BIÇAK TUZAĞI,0.0,,,,,,,,
ATATR,14.33,15.8,16.07,14.33,52803425.0,-9.987437185929648,756673080.25,1.6393310932250715,1.0,2.4303073624017144,-23.45085470085469,12.142358688066992,2026-08-31,1.41,1.85,0.25,0.0,0,False,0.0,NÖTR REJİM,0.0,,,,,,,,
BJKAS,2.21,2.36,2.37,2.21,355446539.0,-9.795918367346946,785536851.1899999,0.5948094673119991,1.0,24.15730337078651,37.2670807453416,10.85972850678734,2026-08-31,-0.89,-2.0,0.24,0.0,0,False,0.0,NÖTR REJİM,0.0,,,,,,,,
VEYAS,136.2,136.5,141.8,134.0,6050601.0,-0.2928257686676469,824091856.1999999,1.0,1.0,0.1470588235294034,0.1470588235294034,5.820895522388068,2026-08-31,0.0,6.0,0.01,0.0,1,True,0.0,NÖTR REJİM,0.0,,,,,,,,
METEN,20.2,21.44,21.68,19.89,42235978.0,-8.597285067873313,853166755.6,0.5713565745723198,1.0,-3.809523809523813,-8.181818181818185,11.111111111111114,2026-08-31,-0.94,1.97,0.19,0.0,0,True,0.0,NÖTR REJİM,0.0,,,,,,,,
HEKTS,2.76,2.88,2.89,2.75,325118629.0,-3.4965034965035,897327416.04,1.1343659412486258,1.0,-5.154639175257744,-31.17206982543641,5.090909090909095,2026-08-31,0.3,-2.0,0.08,0.0,0,False,0.0,🪤 DÜŞEN BIÇAK TUZAĞI,0.0,,,,,,,,
EFOR,18.63,19.19,19.28,18.22,51563061.0,-2.9181865554976665,960619826.43,0.6002726135262536,1.0,-12.780898876404498,55.24999999999999,5.817782656421528,2026-08-31,-0.88,0.15,0.06,0.0,0,True,0.0,NÖTR REJİM,0.0,,,,,,,,
GLRMK,170.3,181.0,182.7,167.6,5699780.0,-5.388888888888883,970672534.0,1.1885317935872648,1.0,14.21864520456071,-0.467562828755104,9.009546539379471,2026-08-31,0.41,6.0,0.11,0.0,1,True,0.0,NÖTR REJİM,0.0,,,,,,,,
HATSN,81.2,90.0,92.0,79.5,12012864.0,-6.987399770904919,975444556.8,1.117472259365001,1.0,38.92215568862275,44.35555555555556,15.723270440251572,2026-08-31,0.26,6.0,0.14,0.0,1,False,0.0,NÖTR REJİM,0.0,,,,,,,,
BETAE,89.1,94.3,95.7,89.0,11096831.0,-8.709016393442623,988727642.1,0.5867056605671171,1.0,11.514392991239031,102.5,9.6629213483146,2026-08-31,-0.91,6.0,0.17,0.0,1,True,0.0,NÖTR REJİM,0.0,,,,,,,,
BRLSM,24.48,25.22,27.2,22.92,40449497.0,-2.8571428571428523,990203686.56,2.980478375454176,1.0,61.05263157894738,16.79389312977099,18.673647469458977,2026-08-31,4.36,6.0,0.06,0.0,2,False,0.0,🚨 KURUMSAL BOŞALTIM (DUMP),0.0,,,,,,,,
ODAS,7.32,7.52,7.8,7.25,138256808.0,-2.1390374331550817,1012039834.56,2.848520654447825,1.0,-16.151202749140893,-0.8130081300812956,7.586206896551722,2026-08-31,4.07,-1.13,0.04,0.0,1,True,0.0,🚨 KURUMSAL BOŞALTIM (DUMP),0.0,,,,,,,,
KPEKS,122.5,122.5,128.2,122.5,3942332.0,-9.992652461425418,482935670.0,1.0,1.0,18.47195357833656,18.47195357833656,11.102040816326529,2026-08-31,0.0,6.0,0.38,0.0,1,True,0.0,NÖTR REJİM,0.0,,,,,,,,
BSOKE,26.3,28.38,28.5,26.3,2872319.0,-9.993155373032163,75541989.7,0.3546156546312549,1.0,-26.536312849162005,-31.259801359121795,11.102661596958168,2026-08-31,-1.42,3.0,1.69,0.0,1,False,0.0,🪤 DÜŞEN BIÇAK TUZAĞI,0.0,,,,,,,,
ULKER,90.55,92.0,92.0,89.75,5450184.0,-1.4689880304679093,493514161.2,0.5281342593284816,1.0,2.664399092970515,-21.80483592400691,2.5069637883008355,2026-08-31,-1.04,3.12,0.06,0.0,0,False,0.0,NÖTR REJİM,0.0,,,,,,,,
OBAMS,5.83,5.52,5.92,5.44,87721099.0,5.615942028985517,511414007.17,1.4556343435522068,1.0,22.73684210526316,-28.9890377588307,8.823529411764698,2026-08-31,1.0,-1.3,0.21,2.54,1,False,0.0,🪤 DÜŞEN BIÇAK TUZAĞI,0.0,,,,,,,,
TRMET,143.0,143.0,145.5,142.1,3620432.0,-2.5221540558963795,517721776.0,0.504614391889487,1.0,11.024844720496883,25.43859649122807,3.2371569317382085,2026-08-31,-1.09,6.0,0.1,0.0,1,True,0.0,NÖTR REJİM,0.0,,,,,,,,
OYAKC,22.5,23.0,23.1,22.46,22855406.0,-2.1739130434782608,514246635.0,0.8791797015580475,1.0,7.142857142857143,9.011627906976742,2.849510240427429,2026-08-31,-0.27,-0.9,0.08,0.0,0,True,0.0,NÖTR REJİM,0.0,,,,,,,,
AKSEN,79.5,83.35,83.35,78.75,7027713.0,-4.619076184763041,558703183.5,0.910006308667892,1.0,-18.04123711340206,2.7795733678086694,5.841269841269834,2026-08-31,-0.2,6.0,0.16,0.0,1,True,0.0,NÖTR REJİM,0.0,,,,,,,,
CVKMD,16.4,16.66,16.82,16.2,34316166.0,-0.7263922518159867,562785122.4,0.8701952422789622,1.0,14.182835471384632,-9.73285420589132,3.827160493827167,2026-08-31,-0.29,-0.95,0.03,0.0,0,True,0.0,NÖTR REJİM,0.0,,,,,,,,
TMPOL,427.75,429.5,450.0,427.0,1387660.0,-5.678059536934951,593571565.0,0.7712381727936767,1.0,0.2343292325717633,39.33224755700326,6.206088992974239,2026-08-31,-0.5,6.0,0.18,0.0,1,True,0.0,NÖTR REJİM,0.0,,,,,,,,
ALBTN,34.84,35.46,35.76,33.7,14885364.0,-1.1350737797956827,518606081.7600001,0.545696324990644,1.0,4.499100179964007,-6.344086021505374,6.112759643916899,2026-08-31,-1.0,2.65,0.04,0.23,0,True,0.0,NÖTR REJİM,0.0,,,,,,,,
GIPTA,84.85,92.0,93.0,84.85,7274228.0,-9.973474801061014,617218245.8,0.7497024653626725,1.0,45.54030874785591,6.729559748427666,11.078373600471428,2026-08-31,-0.55,6.0,0.3,0.0,1,False,0.0,NÖTR REJİM,0.0,,,,,,,,
BTCIM,4.09,4.54,4.54,4.09,152238766.0,-9.911894273127755,622656552.9399999,1.9141596905066367,1.0,-16.53061224489797,-36.09375000000001,11.002444987775066,2026-08-31,2.01,-1.37,0.3,0.0,0,False,0.0,🪤 DÜŞEN BIÇAK TUZAĞI,0.0,,,,,,,,
EKDMR,47.86,48.2,49.58,47.08,13211797.0,-0.2916666666666678,632316604.42,1.5121828677921991,1.0,1.3983050847457554,-29.56585724797646,5.310110450297366,2026-08-31,1.13,3.75,0.01,0.0,0,False,0.0,🪤 DÜŞEN BIÇAK TUZAĞI,0.0,,,,,,,,
ENJSA,110.6,118.1,118.3,110.4,5915991.0,-6.191687871077193,654308604.6,1.3081772123762596,1.0,-0.3603603603603655,-1.9503546099290805,7.1557971014492665,2026-08-31,0.68,6.0,0.18,0.0,1,True,0.0,NÖTR REJİM,0.0,,,,,,,,
LIDER,34.02,32.0,34.26,31.04,19237095.0,6.246096189881324,654445971.9000001,0.537698544423659,1.0,-64.0,-70.1054481546573,10.373711340206182,2026-08-31,-1.02,5.55,0.18,3.0,1,False,0.0,🪤 DÜŞEN BIÇAK TUZAĞI,0.0,,,,,,,,
MCARD,157.6,168.4,168.4,153.4,2364650.0,-6.190476190476194,372668840.0,0.6864700644735797,1.0,22.93291731669268,-26.59524918490917,9.778357235984354,2026-08-31,-0.69,6.0,0.31,0.0,1,False,0.0,🪤 DÜŞEN BIÇAK TUZAĞI,0.0,,,,,,,,
GENIL,11.49,11.97,12.07,11.32,32675535.0,-3.929765886287631,375441897.15,0.7155541804779594,1.0,26.541850220264315,32.22094361334869,6.625441696113074,2026-08-31,-0.63,-0.62,0.2,0.0,0,False,0.0,NÖTR REJİM,0.0,,,,,,,,
ORZAX,89.25,97.1,98.4,88.65,6786023.0,-9.390862944162436,605652552.75,0.8614908776537424,1.0,-12.328094302554026,17.588932806324102,11.111111111111104,2026-08-31,-0.3,6.0,0.29,0.0,1,True,0.0,NÖTR REJİM,0.0,,,,,,,,
FENER,3.13,3.28,3.31,3.13,122612061.0,-3.692307692307696,383775750.93,0.6469633389983982,1.0,5.387205387205377,-27.880184331797235,5.750798722044733,2026-08-31,-0.78,-2.0,0.18,0.0,0,False,0.0,🪤 DÜŞEN BIÇAK TUZAĞI,0.0,,,,,,,,
EMPAE,65.75,70.45,72.4,65.2,5927979.0,-6.671398154719663,389764619.25,0.5444980581796767,1.0,34.29330065359477,-21.58616577221228,11.042944785276076,2026-08-31,-1.0,6.0,0.32,0.0,1,False,0.0,NÖTR REJİM,0.0,,,,,,,,
CIMSA,44.92,46.64,46.64,44.72,8914955.0,-3.687821612349912,400459778.6,1.0303523573205589,1.0,-2.812635222847246,-13.030009680542104,4.293381037567088,2026-08-31,0.07,2.3,0.18,0.0,0,False,0.0,NÖTR REJİM,0.0,,,,,,,,
UFUK,1640.0,1700.0,1748.0,1622.0,247989.0,-6.285714285714287,406701960.0,5.42931830571483,1.0,-7.396950875211745,13.88888888888889,7.891491985203452,2026-08-31,6.0,6.0,0.29,0.0,2,True,0.0,🚨 KURUMSAL BOŞALTIM (DUMP),0.0,,,,,,,,
ALARK,108.1,109.9,110.3,105.9,3794543.0,-1.905626134301278,410190098.3,0.4996816006190627,1.0,6.712734452122406,11.789038262668036,4.154863078375818,2026-08-31,-1.1,6.0,0.09,0.0,1,True,0.0,NÖTR REJİM,0.0,,,,,,,,
BINHO,9.74,10.85,10.86,9.71,44888546.0,-9.64749536178107,437214438.04,1.302802546750642,1.0,3.1779661016949228,4.731182795698919,11.843460350154464,2026-08-31,0.67,0.37,0.4,0.0,0,True,0.0,NÖTR REJİM,0.0,,,,,,,,
ARDYZ,86.55,89.55,89.55,84.0,5086583.0,-3.8333333333333366,439733216.5,0.7712171644111359,1.0,26.277372262773724,33.79737045630316,7.142857142857143,2026-08-31,-0.5,6.0,0.17,0.0,1,False,0.0,NÖTR REJİM,0.0,,,,,,,,
CCOLA,76.1,77.9,78.05,75.8,5796728.0,-1.996136509980697,441131000.8,0.8853270236402879,1.0,-15.631929046563204,-7.081807081807095,2.9683377308707124,2026-08-31,-0.25,3.12,0.09,0.0,0,True,0.0,NÖTR REJİM,0.0,,,,,,,,
YEOTK,34.4,35.34,35.98,34.0,13015118.0,-2.6598754951896,447720059.2,0.6368274987048395,1.0,-12.289648138704743,-28.8254867207382,5.823529411764697,2026-08-31,-0.8,2.45,0.12,0.0,0,False,0.0,🪤 DÜŞEN BIÇAK TUZAĞI,0.0,,,,,,,,
DMRGD,11.7,12.0,12.02,11.45,39678328.0,-2.500000000000006,464236437.6,1.4617763006714672,1.0,-0.0853970964987323,15.044247787610614,4.978165938864632,2026-08-31,1.02,-1.07,0.1,0.0,0,True,0.0,NÖTR REJİM,0.0,,,,,,,,
ISKPL,8.25,8.2,8.94,8.2,56757756.0,-6.143344709897602,468251487.0,0.9638885477906732,1.0,7.142857142857141,-36.48960739030023,9.024390243902443,2026-08-31,-0.08,-0.65,0.25,0.12,0,False,0.0,🪤 DÜŞEN BIÇAK TUZAĞI,0.0,,,,,,,,
BALSU,9.97,10.5,10.58,9.9,47469779.0,-5.047619047619042,473273696.63000005,0.6438395665096855,1.0,-34.66579292267365,-29.14001421464108,6.868686868686866,2026-08-31,-0.78,-0.8,0.2,0.0,0,False,0.0,🪤 DÜŞEN BIÇAK TUZAĞI,0.0,,,,,,,,
TNZTP,31.84,32.5,32.5,29.04,9629666.0,-0.5000000000000004,306608565.44,2.323113442818416,1.0,13.068181818181818,22.744795682343867,11.914600550964192,2026-08-31,2.91,6.0,0.03,1.36,3,True,0.0,NÖTR REJİM,0.0,,,,,,,,
GEREL,37.98,38.64,38.9,36.22,8177386.0,-1.7080745341615002,310577120.28,1.3022986500767644,1.0,-8.481927710843381,-2.665299846232717,7.399226946438432,2026-08-31,0.67,4.2,0.11,0.69,0,True,0.0,NÖTR REJİM,0.0,,,,,,,,
ATATP,304.75,316.5,322.75,299.5,1033421.0,-2.713487629688747,314935049.75,0.5633347299215375,1.0,33.89718804920914,22.48794212218649,7.762938230383973,2026-08-31,-0.96,6.0,0.17,0.0,1,False,0.0,NÖTR REJİM,0.0,,,,,,,,
NETCD,121.9,128.8,128.8,119.7,3123696.0,-5.283605283605271,380778542.4,0.8592724631940318,1.0,0.4118616144975288,-30.856494611457745,7.602339181286557,2026-08-31,-0.31,6.0,0.26,0.0,1,False,0.0,🪤 DÜŞEN BIÇAK TUZAĞI,0.0,,,,,,,,
ALVES,1.44,1.53,1.54,1.44,227412947.0,-10.000000000000009,327474643.68,1.8538056350860688,1.0,-36.84210526315789,-48.20143884892087,11.11111111111112,2026-08-31,1.88,-2.0,0.53,0.0,0,False,0.0,🪤 DÜŞEN BIÇAK TUZAĞI,0.0,,,,,,,,
PAHOL,1.32,1.37,1.38,1.31,256648246.0,-3.6496350364963535,338775684.72,1.2563019859564657,1.0,-0.7518796992481209,-20.958083832335323,5.3435114503816665,2026-08-31,0.56,-2.0,0.2,0.0,0,False,0.0,NÖTR REJİM,0.0,,,,,,,,
MASFN,39.74,42.4,42.42,39.32,8776211.0,-6.273584905660369,348766625.14000005,0.4152516405842527,1.0,-12.965396408234769,-20.83665338645418,7.884028484231946,2026-08-31,-1.29,5.25,0.33,0.0,0,False,0.0,NÖTR REJİM,0.0,,,,,,,,
IZFAS,58.45,64.75,64.75,58.45,5814333.0,-9.93836671802774,339847763.85,0.9459892548023042,1.0,-9.938366718027735,-11.17021276595744,11.035072711719424,2026-08-31,-0.12,6.0,0.51,0.0,1,False,0.0,NÖTR REJİM,0.0,,,,,,,,
HKTM,13.8,15.5,15.92,13.7,26056409.0,-8.1225033288948,359578444.20000005,1.0857758047419046,1.0,27.89620018535683,-8.488063660477449,16.2043795620438,2026-08-31,0.19,3.05,0.41,0.0,0,False,0.0,NÖTR REJİM,0.0,,,,,,,,
QUICK,67.7,67.85,72.95,67.2,5348176.0,-8.389715832205686,362071515.2,0.7136951755553622,1.0,-11.618798955613563,-11.618798955613563,9.970238095238098,2026-08-31,-0.63,6.0,0.42,0.0,1,False,0.0,NÖTR REJİM,0.0,,,,,,,,
GOLDA,12.96,13.63,13.63,12.75,28291930.0,-2.775693923480864,366663412.8,0.7292530549623294,1.0,-7.954545454545449,28.063241106719385,6.901960784313732,2026-08-31,-0.6,-0.3,0.15,0.0,0,True,0.0,NÖTR REJİM,0.0,,,,,,,,
SOHOE,10.62,11.75,11.75,10.62,33132601.0,-9.923664122137405,351868222.61999995,1.3187031658072983,1.0,-0.6548175865294695,-34.64615384615385,11.016949152542374,2026-08-31,0.7,0.33,0.5,0.0,0,False,0.0,🪤 DÜŞEN BIÇAK TUZAĞI,0.0,,,,,,,,
ONCSM,224.9,244.9,247.5,223.0,1646726.0,-9.204683084376256,370348677.4,2.028255204596567,1.0,-11.890303623898138,-25.03333333333333,11.076233183856498,2026-08-31,2.26,6.0,0.44,0.0,1,False,0.0,🪤 DÜŞEN BIÇAK TUZAĞI,0.0,,,,,,,,
MRGYO,1.6,1.62,1.67,1.5,232763260.0,-0.6211180124223608,372421216.0,2.1951000268863923,1.0,23.07692307692308,-6.976744186046505,11.333333333333329,2026-08-31,2.63,-2.0,0.03,0.39,1,False,0.0,NÖTR REJİM,-43.9,,,,,,,,
CITAS,128.0,128.0,145.0,128.0,14982198.0,-9.985935302390992,1917721344.0,1.0,1.0,57.92720542874769,57.92720542874769,13.28125,2026-08-31,0.0,6.0,0.1,0.0,1,False,0.0,NÖTR REJİM,0.0,,,,,,,,
PGSUS,147.3,150.0,150.1,146.0,13121410.0,-2.3209549071618034,1932783693.0,1.3784043717279753,1.0,-1.5374331550802025,-13.04604486422668,3.28767123287672,2026-08-31,0.83,6.0,0.02,0.0,1,False,0.0,NÖTR REJİM,0.0,,,,,,,,
SARAE,88.55,92.6,93.65,87.2,22015577.0,-5.5466666666666695,1949479343.35,0.5433361529145132,1.0,13.525641025641022,14.999999999999996,7.511467889908254,2026-08-31,-1.0,6.0,0.06,0.0,1,True,0.0,NÖTR REJİM,0.0,,,,,,,,
SISE,39.8,40.2,40.38,39.46,50402633.0,-0.8470353761833668,2006024793.4,0.7572651771541938,1.0,-3.864734299516912,-13.327526132404191,2.331474911302589,2026-08-31,-0.53,-0.2,0.01,0.0,0,False,0.0,NÖTR REJİM,0.0,,,,,,,,
TTKOM,51.3,53.6,53.65,50.95,41795817.0,-4.112149532710286,2144125412.1,1.499397746801704,1.0,0.7858546168958714,-16.51749389747763,5.299313052011767,2026-08-31,1.1,4.25,0.04,0.0,0,False,0.0,NÖTR REJİM,0.0,,,,,,,,
MOGAN,19.03,20.32,20.38,18.46,19378190.0,-6.532416502946948,368766955.7000001,1.2779261096756769,1.0,15.47330097087379,48.671875,10.400866738894898,2026-08-31,0.61,2.3,0.33,0.0,0,True,0.0,NÖTR REJİM,0.0,,,,,,,,
VAKBN,31.74,33.22,33.24,31.62,68356483.0,-5.47945205479452,2169634770.42,1.249645888787585,1.0,9.67519004837594,0.761904761904757,6.198608475648315,2026-08-31,0.55,1.55,0.05,0.0,0,True,0.0,NÖTR REJİM,0.0,,,,,,,,
AHGAZ,37.9,38.2,38.84,36.72,7364352.0,-0.2631578947368458,279108940.8,1.4060790038868474,1.0,14.01925391095065,17.264851485148508,5.773420479302845,2026-08-31,0.89,2.8,0.02,0.25,0,True,0.0,NÖTR REJİM,-49.5,,,,,,,,
MIATK,28.38,29.64,29.74,28.22,9889860.0,-4.186360567184341,280674226.8,0.8096915672507865,1.0,-8.214747736093152,-49.18531781557745,5.3862508858965255,2026-08-31,-0.42,1.3,0.28,0.0,0,False,0.0,🪤 DÜŞEN BIÇAK TUZAĞI,0.0,,,,,,,,
EUREN,3.93,3.98,4.21,3.91,72301569.0,-1.9950124688279207,284145166.17,3.0955193475372487,1.0,1.0282776349614404,-19.95926680244399,7.6726342710997395,2026-08-31,4.61,-1.75,0.14,0.0,1,False,0.0,NÖTR REJİM,0.0,,,,,,,,
ALTNY,17.77,18.45,18.56,17.62,16219954.0,-3.893996755002698,288228582.58,0.4268536542912081,1.0,15.539661898569562,2.71676300578034,5.334846765039714,2026-08-31,-1.26,-0.15,0.25,0.0,0,True,0.0,NÖTR REJİM,0.0,,,,,,,,
KOCMT,4.64,5.06,5.12,4.64,62200991.0,-9.902912621359237,288612598.24,0.9592945423317984,1.0,-13.27102803738318,75.75757575757574,10.991379310344843,2026-08-31,-0.09,-1.3,0.59,0.0,0,True,0.0,NÖTR REJİM,0.0,,,,,,,,
KARSN,9.88,9.75,10.07,9.52,29753976.0,1.3333333333333417,293969282.88,1.6219397194720369,1.0,-1.0020040080160284,-25.15151515151514,5.777310924369756,2026-08-31,1.37,-1.12,0.09,1.11,1,False,0.0,🪤 DÜŞEN BIÇAK TUZAĞI,-48.4,,,,,,,,
BIGTK,345.0,370.0,376.75,344.75,855884.0,-9.92167101827676,295279980.0,1.2276249023038155,1.0,-7.87716955941255,40.98896608091542,11.094996374184191,2026-08-31,0.5,6.0,0.58,0.0,1,True,0.0,NÖTR REJİM,0.0,,,,,,,,
AKFIS,17.95,18.65,18.83,17.88,16722603.0,-3.7533512064343126,300170723.85,0.6007125738920736,1.0,16.432199568033294,64.67856972542937,5.313199105145411,2026-08-31,-0.88,-0.13,0.24,0.0,0,True,0.0,NÖTR REJİM,0.0,,,,,,,,
GRTHO,220.1,244.0,244.0,220.1,1391251.0,-9.979550102249492,306214345.1,1.7323109852406589,1.0,-11.250000000000002,2.467411545623828,11.085870059064064,2026-08-31,1.61,6.0,0.56,0.0,1,True,0.0,🚨 KURUMSAL BOŞALTIM (DUMP),0.0,,,,,,,,
TURSG,6.13,6.24,6.31,6.09,39518900.0,-2.076677316293928,242250857.0,0.5994173604223364,1.0,-2.543720190779017,-1.6840417000801993,3.612479474548436,2026-08-31,-0.88,-1.95,0.16,0.0,0,True,0.0,NÖTR REJİM,0.0,,,,,,,,
TGSAS,232.2,254.0,257.0,232.2,1062614.0,-10.000000000000004,246738970.8,0.8943979575741446,1.0,34.45280833815866,29.720670391061446,11.111111111111116,2026-08-31,-0.23,6.0,0.68,0.0,1,False,0.0,NÖTR REJİM,0.0,,,,,,,,
ISVEA,84.15,86.0,95.0,82.8,2946923.0,-8.532608695652169,247983570.45,0.4462246688012621,1.0,93.89400921658988,266.1879895561358,14.734299516908216,2026-08-31,-1.22,6.0,0.59,0.0,1,False,0.0,NÖTR REJİM,0.0,,,,,,,,
SOKM,55.65,57.8,58.25,55.5,4502827.0,-3.7197231833910016,250582322.55,0.7740295693405955,1.0,5.798479087452466,15.696465696465692,4.954954954954955,2026-08-31,-0.5,4.38,0.28,0.0,0,True,0.0,NÖTR REJİM,0.0,,,,,,,,
KBORU,21.62,24.02,24.02,21.62,11899206.0,-9.991673605328886,257260833.72,0.7613891582722709,1.0,-16.2015503875969,-11.6107931316435,11.100832562442177,2026-08-31,-0.52,3.5,0.66,0.0,0,False,0.0,NÖTR REJİM,0.0,,,,,,,,
BIOEN,19.13,20.28,20.66,18.75,13811131.0,-6.591796875000007,264206936.03,1.5248615042852882,1.0,10.069044879171464,11.415259172976103,10.186666666666667,2026-08-31,1.15,2.28,0.45,0.0,0,True,0.0,NÖTR REJİM,0.0,,,,,,,,
DUNYH,146.8,159.6,161.9,144.9,1833469.0,-8.819875776397508,269153249.20000005,2.435097608092072,1.0,3.966005665722396,25.79263067694945,11.732229123533472,2026-08-31,3.16,6.0,0.57,0.0,2,True,0.0,🚨 KURUMSAL BOŞALTIM (DUMP),0.0,,,,,,,,
INFO,5.9,6.55,6.55,5.9,46370317.0,-9.923664122137396,273584870.3,1.0557009681176146,1.0,0.0,54.45026178010473,11.016949152542365,2026-08-31,0.12,-0.88,0.62,0.0,0,True,0.0,NÖTR REJİM,0.0,,,,,,,,
MGROS,539.0,558.5,558.5,538.5,2722675.0,-3.405017921146954,1467521825.0,0.8364777190330123,1.0,-13.55252606255012,-19.06906906906907,3.714020427112349,2026-08-31,-0.36,6.0,0.05,0.0,1,False,0.0,NÖTR REJİM,0.0,,,,,,,,
ENKAI,88.35,89.55,89.8,86.8,17021545.0,-0.7303370786516917,1503853500.75,0.7397534284024636,1.0,3.393797542422459,-10.304568527918788,3.456221198156682,2026-08-31,-0.57,5.0,0.01,0.07,0,False,0.0,NÖTR REJİM,0.0,,,,,,,,
ALTIN,74.53,74.87,75.7,74.3,20285828.0,-3.782597469661752,1511902760.84,1.000313602896581,1.0,9.95868987902036,-5.825120040434672,4.25302826379542,2026-08-31,0.0,1.0,0.05,0.0,0,True,0.0,NÖTR REJİM,0.0,,,,,,,,
BRSAN,726.0,726.5,734.5,717.5,2235158.0,-0.0688231245698554,1622724708.0,0.7030224905058571,1.0,35.95505617977528,35.06976744186046,2.3693379790940767,2026-08-31,-0.65,6.0,0.0,0.0,1,False,0.0,NÖTR REJİM,0.0,,,,,,,,
TAVHL,267.25,281.75,282.0,266.25,6102361.0,-5.565371024734982,1630855977.25,1.837584264680796,1.0,-0.2798507462686567,2.1012416427889207,6.291079812206573,2026-08-31,1.84,6.0,0.07,0.0,1,True,0.0,🚨 KURUMSAL BOŞALTIM (DUMP),0.0,,,,,,,,
GUBRF,482.75,496.0,496.75,471.25,3447738.0,-3.0135610246107487,1664395519.5,0.7621064605256658,1.0,19.19753086419753,-11.013824884792626,5.623342175066313,2026-08-31,-0.52,6.0,0.04,0.0,1,False,0.0,NÖTR REJİM,0.0,,,,,,,,
MEGMT,44.3,47.0,47.0,43.92,4418406.0,-5.744680851063836,195735385.8,0.3668494881047612,1.0,-38.12849162011173,-41.595253790375736,7.012750455373402,2026-08-31,-1.39,5.2,0.51,0.0,0,False,0.0,🪤 DÜŞEN BIÇAK TUZAĞI,0.0,,,,,,,,
ORGE,24.06,24.18,25.0,23.54,8264382.0,-0.0830564784053138,198841030.92,0.9658676581016064,1.0,16.796116504854353,9.264305177111712,6.202209005947328,2026-08-31,-0.08,1.15,0.01,0.0,0,True,0.0,NÖTR REJİM,-32.8,,,,,,,,
GRSEL,301.0,315.5,316.0,300.0,685610.0,-4.595879556259905,206368610.0,2.066500187628005,1.0,-17.079889807162534,-5.9375,5.333333333333333,2026-08-31,2.35,6.0,0.4,0.0,2,True,0.0,🚨 KURUMSAL BOŞALTIM (DUMP),0.0,,,,,,,,
TSPOR,1.1,1.1,1.11,1.08,193157241.0,-2.654867256637151,212472965.1,0.3557952469502732,1.0,18.27956989247312,14.583333333333346,4.629629629629613,2026-08-31,-1.42,-2.0,0.24,0.73,0,True,0.0,NÖTR REJİM,0.0,,,,,,,,
GUNDG,1670.0,1650.0,1801.0,1572.0,131671.0,-1.7647058823529411,219890570.0,0.4647089300234912,1.0,-3.3005211349160395,53.35169880624426,14.567430025445292,2026-08-31,-1.18,6.0,0.15,0.16,1,True,0.0,NÖTR REJİM,0.0,,,,,,,,
TATEN,8.42,8.92,8.92,8.36,26536145.0,-5.605381165919283,223434340.9,0.5665089847821224,1.0,-32.151490733279616,-42.21002059025395,6.698564593301442,2026-08-31,-0.95,-1.1,0.45,0.0,0,False,0.0,🪤 DÜŞEN BIÇAK TUZAĞI,0.0,,,,,,,,
MPARK,421.5,434.0,434.25,420.75,532076.0,-2.880184331797235,224270034.0,1.0731901931688292,1.0,5.309181761399126,-8.269858541893363,3.2085561497326203,2026-08-31,0.16,6.0,0.24,0.0,1,True,0.0,NÖTR REJİM,0.0,,,,,,,,
TSKB,10.93,11.29,11.3,10.89,20553446.0,-3.18866253321523,224649164.78,1.2685645436207404,1.0,-0.6363636363636389,-3.2743362831858494,3.7649219467401296,2026-08-31,0.59,-1.47,0.27,0.0,0,True,0.0,NÖTR REJİM,0.0,,,,,,,,
AKSA,10.76,11.02,11.02,10.67,21249451.0,-2.3593466424682377,228644092.76,1.137621962716482,1.0,-13.225806451612907,1.8939393939393872,3.2802249297094623,2026-08-31,0.3,-1.63,0.2,0.0,0,True,0.0,NÖTR REJİM,0.0,,,,,,,,
HEDEF,84.25,90.6,91.05,84.25,2742274.0,-9.989316239316237,231036584.5,0.2347271411276185,1.0,-70.12411347517731,-12.278966787706908,11.097922848664682,2026-08-31,-1.68,6.0,0.72,0.0,2,False,0.0,NÖTR REJİM,0.0,,,,,,,,
FORTE,114.1,117.0,119.2,113.4,2062863.0,-4.916666666666671,235372668.3,0.7866086446748111,1.0,8.66666666666666,18.730489073881376,5.820105820105815,2026-08-31,-0.47,6.0,0.38,0.0,1,True,0.0,NÖTR REJİM,0.0,,,,,,,,
PSGYO,3.23,3.34,3.35,3.2,73002429.0,-3.2934131736526906,235797845.67,0.6073499519799741,1.0,-9.01408450704225,4.1935483870967705,4.687499999999997,2026-08-31,-0.86,-2.0,0.26,0.0,0,True,0.0,NÖTR REJİM,0.0,,,,,,,,
IZENR,7.66,8.29,8.29,7.53,30969191.0,-7.599517490952944,237224003.06,0.900743595041114,1.0,-12.95454545454546,-29.4659300184162,10.092961487383782,2026-08-31,-0.22,-0.6,0.56,0.0,0,False,0.0,🪤 DÜŞEN BIÇAK TUZAĞI,0.0,,,,,,,,
ISMEN,33.26,33.84,34.14,33.12,7174790.0,-0.8348240906380475,238633515.4,1.0385950465108047,1.0,-3.032069970845479,-11.495476317189995,3.079710144927546,2026-08-31,0.08,0.05,0.07,0.0,0,False,0.0,NÖTR REJİM,0.0,,,,,,,,
ECOGR,34.82,36.16,36.16,34.38,6903922.0,-3.7057522123893705,240394564.04,1.0146162828942051,1.0,5.451241671714104,-12.24798387096774,5.177428737638144,2026-08-31,0.03,1.95,0.29,0.0,0,False,0.0,NÖTR REJİM,0.0,,,,,,,,
DAGI,10.3,11.04,11.04,9.9,16342505.0,-6.363636363636357,168327801.5,2.1994778050315174,1.0,13.93805309734515,45.275035260930906,11.515151515151503,2026-08-31,2.64,0.35,0.64,0.0,1,True,0.0,🚨 KURUMSAL BOŞALTIM (DUMP),0.0,,,,,,,,
PEKGY,15.75,15.75,15.75,15.75,10716920.0,-10.0,168791490.0,0.0643245475319061,1.0,7.142857142857148,23.33594361785435,11.11111111111111,2026-08-31,-2.0,-2.0,0.93,0.0,1,True,0.0,NÖTR REJİM,0.0,,,,,,,,
MEYSU,11.93,12.64,12.69,11.64,14165631.0,-5.467511885895401,168995977.82999998,0.8307113189951695,1.0,6.044444444444442,-36.54255319148937,9.02061855670102,2026-08-31,-0.37,0.12,0.56,0.0,0,False,0.0,🪤 DÜŞEN BIÇAK TUZAĞI,0.0,,,,,,,,
TABGD,242.4,247.6,247.9,240.1,706826.0,-2.1396851029471065,171334622.4,1.3760594323671616,1.0,2.0631578947368445,-12.25339366515837,3.248646397334449,2026-08-31,0.83,6.0,0.24,0.0,1,False,0.0,NÖTR REJİM,0.0,,,,,,,,
KGYO,13.05,13.3,13.31,12.79,13189076.0,-1.7319277108433635,172117441.8,0.450536695115913,1.0,29.98007968127492,6.183889340927596,4.065676309616899,2026-08-31,-1.21,-1.2,0.19,0.0,0,False,0.0,NÖTR REJİM,0.0,,,,,,,,
GSRAY,1.09,1.12,1.13,1.08,158381256.0,-1.8018018018018032,172635569.04000002,0.4272854687587306,1.0,11.224489795918378,1.8691588785046744,4.629629629629613,2026-08-31,-1.26,-2.0,0.2,0.0,0,True,0.0,NÖTR REJİM,0.0,,,,,,,,
SDTTR,22.3,23.56,23.72,22.2,7802720.0,-5.348047538200332,174000656.0,0.6027299279095611,1.0,9.655898659027857,-8.127248951218984,6.846846846846844,2026-08-31,-0.87,1.3,0.54,0.0,0,True,0.0,NÖTR REJİM,0.0,,,,,,,,
BESTE,31.54,32.74,32.8,30.6,5577014.0,-3.547400611620806,175899021.56,0.5447565196969621,1.0,10.279720279720271,-11.304836895388084,7.189542483660117,2026-08-31,-1.0,3.0,0.37,0.0,0,False,0.0,NÖTR REJİM,0.0,,,,,,,,
OFSYM,66.9,67.0,69.1,65.5,2663112.0,-0.8154188287620416,178162192.8,1.0366893575174785,1.0,29.651162790697683,12.154233025984924,5.496183206106862,2026-08-31,0.08,6.0,0.09,0.0,1,False,0.0,NÖTR REJİM,0.0,,,,,,,,
HLGYO,4.39,4.46,4.89,4.31,40781454.0,-1.348314606741584,179030583.05999997,1.5407545402911853,1.0,-5.387931034482759,-28.501628664495115,13.457076566125291,2026-08-31,1.19,-1.05,0.15,0.0,0,False,0.0,🪤 DÜŞEN BIÇAK TUZAĞI,0.0,,,,,,,,
ALBRK,8.65,9.11,9.12,8.54,20872561.0,-5.049396267837532,180547652.65,1.5756445507259738,1.0,8.125000000000004,9.079445145018925,6.791569086651055,2026-08-31,1.27,-1.05,0.49,0.0,0,True,0.0,NÖTR REJİM,0.0,,,,,,,,
ESEN,3.65,3.82,3.82,3.62,49500561.0,-2.6666666666666687,180677047.65,1.238065549155346,1.0,7.352941176470589,-12.470023980815348,5.524861878453031,2026-08-31,0.52,-2.0,0.28,0.0,0,False,0.0,NÖTR REJİM,0.0,,,,,,,,
KCAER,15.94,16.27,16.35,15.9,11443566.0,-2.028272894898587,182410442.04,0.724619023463862,1.0,7.921462423832092,17.0337738619677,2.830188679245289,2026-08-31,-0.61,-1.37,0.21,0.0,0,True,0.0,NÖTR REJİM,0.0,,,,,,,,
ULUUN,8.51,9.15,9.2,8.29,21450905.0,-7.197382769901855,182547201.55,2.113806689447845,1.0,2.5301204819277,-1.7321016166281795,10.977080820265384,2026-08-31,2.45,-0.22,0.66,0.0,1,True,0.0,🚨 KURUMSAL BOŞALTIM (DUMP),0.0,,,,,,,,
PSDTC,175.0,190.0,196.3,174.9,1096265.0,-5.303030303030309,191846375.0,2.120861426503315,1.0,24.201561391057485,40.336808340016034,12.235563178959408,2026-08-31,2.47,6.0,0.49,0.0,2,False,0.0,🚨 KURUMSAL BOŞALTIM (DUMP),0.0,,,,,,,,
EKIM,19.08,20.0,20.2,18.95,10162599.0,-4.456685027541315,193902388.92,0.4160394323511346,1.0,-0.5213764337852004,-33.09957924263675,6.596306068601583,2026-08-31,-1.28,0.62,0.41,0.0,0,False,0.0,🪤 DÜŞEN BIÇAK TUZAĞI,0.0,,,,,,,,
IZMDC,12.56,13.95,13.95,12.56,10769512.0,-9.964157706093182,135265070.72,1.1564370255212135,1.0,12.343470483005374,52.79805352798053,11.06687898089171,2026-08-31,0.34,0.97,1.1,0.0,1,True,0.0,NÖTR REJİM,0.0,,,,,,,,
GENKM,9.92,10.57,10.59,9.88,14225515.0,-6.149479659413437,141117108.8,1.3268784920475334,1.0,-4.707012487992317,-29.99294283697953,7.186234817813756,2026-08-31,0.72,-0.73,0.72,0.0,1,False,0.0,🪤 DÜŞEN BIÇAK TUZAĞI,0.0,,,,,,,,
ENSRI,5.11,5.44,5.45,5.08,28069772.0,-7.594936708860758,143436534.92000002,0.9736173094594464,1.0,-7.761732851985554,-50.29182879377432,8.858267716535435,2026-08-31,-0.06,-1.57,0.85,0.0,1,False,0.0,🪤 DÜŞEN BIÇAK TUZAĞI,0.0,,,,,,,,
ZGYO,26.58,28.5,30.62,26.58,5496734.0,-9.95934959349594,146103189.72,0.5285750468598156,1.0,-26.16666666666667,-29.120000000000005,15.199398043641848,2026-08-31,-1.04,6.0,1.04,0.0,2,False,0.0,🪤 DÜŞEN BIÇAK TUZAĞI,0.0,,,,,,,,
MAVI,36.94,38.26,38.32,36.88,4009166.0,-3.450078410872975,148098592.04,0.9800200782130708,1.0,-5.427547363031246,-10.9450337512054,3.904555314533616,2026-08-31,-0.04,1.1,0.42,0.0,0,False,0.0,NÖTR REJİM,0.0,,,,,,,,
SAYAS,57.8,59.65,59.8,57.4,2594794.0,-3.1014249790444284,149979093.2,0.7977256343183173,1.0,28.046078865750985,1.3146362839614374,4.181184668989545,2026-08-31,-0.45,3.5,0.38,0.0,0,False,0.0,NÖTR REJİM,0.0,,,,,,,,
UCAYM,24.04,26.04,26.2,23.4,6312838.0,-7.538461538461541,151760625.51999998,0.9364793061170402,1.0,-5.651491365777084,-40.01996007984032,11.96581196581197,2026-08-31,-0.14,4.5,0.81,0.0,1,False,0.0,🪤 DÜŞEN BIÇAK TUZAĞI,0.0,,,,,,,,
AKENR,10.63,10.78,11.09,10.45,14372612.0,-1.6651248843663249,152780865.56,0.93672443031403,1.0,8.802456499488242,-23.470122390208783,6.124401913875604,2026-08-31,-0.14,-0.9,0.21,0.0,0,False,0.0,NÖTR REJİM,0.0,,,,,,,,
QUAGR,3.21,3.4,3.41,3.16,47781578.0,-5.309734513274341,153378865.38,0.9727301225484456,1.0,-4.74777448071217,-20.544554455445542,7.911392405063291,2026-08-31,-0.06,-1.88,0.59,0.0,0,False,0.0,NÖTR REJİM,0.0,,,,,,,,
BERA,13.57,13.7,14.37,13.47,11497055.0,-0.6588579795021952,156015036.35,1.386862445302911,1.0,6.934594168636729,-21.01280558789289,6.681514476614688,2026-08-31,0.85,-0.25,0.08,0.0,0,False,0.0,NÖTR REJİM,0.0,,,,,,,,
ARMGD,186.4,200.5,205.7,184.4,842251.0,-6.799999999999998,156995586.4,0.8928060534987621,1.0,-7.722772277227721,49.120000000000005,11.550976138828624,2026-08-31,-0.24,6.0,0.72,0.0,2,True,0.0,NÖTR REJİM,0.0,,,,,,,,
DOAS,163.9,166.4,166.8,163.4,965822.0,-1.502403846153846,158298225.8,1.0124037069609817,1.0,-10.437158469945352,-11.405405405405403,2.0807833537331737,2026-08-31,0.03,6.0,0.18,0.0,1,False,0.0,NÖTR REJİM,0.0,,,,,,,,
PATEK,20.76,21.66,21.72,20.62,7638658.0,-3.710575139146554,158578540.08,0.3636344525322946,1.0,10.425531914893622,-17.944664031620547,5.33462657613966,2026-08-31,-1.4,0.25,0.42,0.0,0,False,0.0,NÖTR REJİM,0.0,,,,,,,,
ARCLK,91.4,93.0,93.0,90.5,1737005.0,-1.7732401934443758,158762257.0,1.1374776999022898,1.0,-5.870236869206992,-12.284069097888674,2.8176795580110467,2026-08-31,0.3,3.75,0.21,0.0,0,False,0.0,NÖTR REJİM,0.0,,,,,,,,
ADESE,0.85,0.88,0.89,0.85,132282635.0,-2.2988505747126458,112440239.75,0.958773960575408,1.0,1.1904761904761916,-18.269230769230777,4.705882352941181,2026-08-31,-0.09,-2.0,0.37,0.0,0,False,0.0,NÖTR REJİM,0.0,,,,,,,,
TRENJ,106.4,107.4,108.1,106.0,1067553.0,-1.754385964912273,113587639.2,0.3679363476560167,1.0,13.857677902621726,22.29885057471265,2.1698113207547145,2026-08-31,-1.39,2.75,0.29,0.0,0,True,0.0,NÖTR REJİM,0.0,,,,,,,,
ESCAR,43.24,46.0,46.32,42.14,2652268.0,-6.890611541774323,114684068.32,0.8411414366436503,1.0,-7.448630136986294,-10.364842454394692,10.204081632653054,2026-08-31,-0.35,6.0,0.94,0.0,2,False,0.0,NÖTR REJİM,0.0,,,,,,,,
ADEL,34.08,35.98,36.4,34.0,3368158.0,-3.8374717832957095,114786824.64,0.4547378020180416,1.0,19.74701335207308,3.460837887067397,7.058823529411761,2026-08-31,-1.2,3.5,0.58,0.0,0,True,0.0,NÖTR REJİM,0.0,,,,,,,,
SOKE,12.78,14.0,14.0,12.78,9096800.0,-10.0,116257104.0,3.617696840122679,1.0,-22.59236826165961,-30.918918918918926,11.111111111111112,2026-08-31,5.76,0.55,1.24,0.0,2,False,0.0,🪤 DÜŞEN BIÇAK TUZAĞI,0.0,,,,,,,,
SSAAT,35.14,37.08,37.08,35.04,3313244.0,-5.231930960086293,116427394.16,0.5473456360676623,1.0,-1.843575418994404,-34.925925925925924,5.821917808219176,2026-08-31,-1.0,2.6,0.74,0.0,1,False,0.0,🪤 DÜŞEN BIÇAK TUZAĞI,0.0,,,,,,,,
KLRHO,65.35,65.85,65.95,64.7,1797778.0,-0.6838905775076032,117484792.3,0.3756145179274034,1.0,-15.129870129870136,-34.38755020080321,1.9319938176197835,2026-08-31,-1.37,0.62,0.11,0.09,0,False,0.0,🪤 DÜŞEN BIÇAK TUZAĞI,0.0,,,,,,,,
MOPAS,25.92,28.24,28.32,25.52,4598034.0,-8.085106382978715,119181041.28,1.977192194560465,1.0,-11.354309165526663,-36.99562469615945,10.971786833855802,2026-08-31,2.15,4.5,1.04,0.0,1,False,0.0,🪤 DÜŞEN BIÇAK TUZAĞI,0.0,,,,,,,,
GZNMI,57.1,60.0,60.15,56.85,2095928.0,-5.385252692626346,119677488.8,0.9977681311908329,1.0,-8.125502815768298,-19.350282485875702,6.156552330694811,2026-08-31,-0.0,5.75,0.74,0.0,1,False,0.0,NÖTR REJİM,0.0,,,,,,,,
TKNSA,17.99,19.05,19.56,17.93,6696805.0,-5.315789473684219,120475521.95,0.421159577708975,1.0,13.287153652392933,-13.091787439613531,9.090909090909085,2026-08-31,-1.27,1.57,0.73,0.0,1,False,0.0,NÖTR REJİM,0.0,,,,,,,,
TRGYO,96.3,97.0,97.75,95.5,1288824.0,-0.7216494845360854,124113751.2,0.7439355489516407,1.0,3.4371643394199816,3.5483870967741904,2.356020942408377,2026-08-31,-0.56,3.12,0.11,0.0,0,True,0.0,NÖTR REJİM,0.0,,,,,,,,
ALGYO,3.7,3.89,3.89,3.68,34234263.0,-3.896103896103894,126666773.1,1.32338213331566,1.0,10.447761194029852,-50.0,5.706521739130434,2026-08-31,0.71,-1.98,0.54,0.0,0,False,0.0,🪤 DÜŞEN BIÇAK TUZAĞI,0.0,,,,,,,,
MAALT,1020.0,1154.0,1154.0,1018.0,125527.0,-7.272727272727272,128037540.0,3.9986684590439663,1.0,1.694915254237288,-19.874312647289862,13.359528487229865,2026-08-31,6.0,6.0,0.9,0.0,3,False,0.0,🚨 KURUMSAL BOŞALTIM (DUMP),0.0,,,,,,,,
AKFYE,22.7,23.6,23.82,22.62,5842229.0,-3.731976251060217,132618598.3,0.7676477864117031,1.0,-5.730897009966773,3.747714808043877,5.305039787798405,2026-08-31,-0.51,0.5,0.5,0.0,0,True,0.0,NÖTR REJİM,0.0,,,,,,,,
TUKAS,2.02,2.06,2.06,2.01,65760356.0,-1.941747572815536,132835919.12,1.1841082847047129,1.0,2.020202020202022,-16.8724279835391,2.48756218905474,2026-08-31,0.41,-2.0,0.27,0.0,0,False,0.0,NÖTR REJİM,0.0,,,,,,,,
DOHOL,22.08,22.6,22.62,21.86,6057383.0,-2.559576345984121,133400051.52,0.5060699132760441,1.0,3.857008466603936,-2.127659574468088,3.6596523330283657,2026-08-31,-1.09,-0.6,0.35,0.0,0,True,0.0,NÖTR REJİM,0.0,,,,,,,,
BLCYT,21.64,22.66,22.88,20.7,4526495.0,-4.41696113074205,97953351.8,1.2299331023253797,1.0,11.431513903192576,-41.82795698924731,10.531400966183574,2026-08-31,0.51,2.95,0.74,0.0,1,False,0.0,🪤 DÜŞEN BIÇAK TUZAĞI,0.0,,,,,,,,
BRYAT,1678.0,1703.0,1717.0,1670.0,58865.0,-1.698886936145284,98775470.0,0.7052420214741493,1.0,-0.119047619047619,-18.06640625,2.81437125748503,2026-08-31,-0.65,6.0,0.32,0.0,1,False,0.0,NÖTR REJİM,0.0,,,,,,,,
NIBAS,4.15,4.41,4.47,4.02,23816493.0,-5.681818181818182,98838445.95,0.7646582098640512,1.0,12.162162162162163,-16.666666666666664,11.194029850746274,2026-08-31,-0.52,-1.37,0.91,0.0,1,False,0.0,NÖTR REJİM,0.0,,,,,,,,
OTKAR,318.25,332.75,332.75,316.25,314686.0,-4.069329314242653,100148819.5,0.5257259668057862,1.0,2.661290322580645,-14.333781965006729,5.217391304347826,2026-08-31,-1.04,6.0,0.68,0.0,1,False,0.0,NÖTR REJİM,0.0,,,,,,,,
SARKY,25.1,26.06,26.14,25.06,3997271.0,-3.535741737125281,100331502.1,0.4894233143965758,1.0,6.808510638297879,-14.915254237288131,4.309656823623311,2026-08-31,-1.12,0.2,0.6,0.0,0,False,0.0,NÖTR REJİM,0.0,,,,,,,,
AGROT,2.04,2.09,2.1,2.03,49212622.0,-1.923076923076925,100393748.88,0.2392429820791964,1.0,-13.924050632911396,-31.08108108108108,3.44827586206898,2026-08-31,-1.67,-2.0,0.35,0.0,0,False,0.0,🪤 DÜŞEN BIÇAK TUZAĞI,0.0,,,,,,,,
NETAS,91.95,93.5,94.2,90.5,1095899.0,-0.48701298701299,100767913.05,0.2859305723200846,1.0,46.65071770334928,34.23357664233577,4.088397790055252,2026-08-31,-1.57,6.0,0.09,0.0,1,False,0.0,NÖTR REJİM,0.0,,,,,,,,
A1CAP,8.09,8.67,8.67,8.0,12582426.0,-6.3657407407407485,101791826.34,1.874078603630826,1.0,-6.148491879350341,-20.84148727984345,8.375,2026-08-31,1.92,-0.83,0.97,0.0,1,False,0.0,🚨 KURUMSAL BOŞALTIM (DUMP),0.0,,,,,,,,
GWIND,22.8,23.46,23.48,22.6,4554095.0,-2.8132992327365733,103833366.0,1.2460180717005775,1.0,-6.480721903199337,-15.867158671586717,3.8938053097345087,2026-08-31,0.54,-0.3,0.48,0.0,0,False,0.0,NÖTR REJİM,0.0,,,,,,,,
OZSUB,43.66,44.7,44.74,43.5,2379986.0,-2.107623318385661,103910188.76,0.6305904958325141,1.0,34.66995681677975,44.95351925630808,2.8505747126436827,2026-08-31,-0.81,0.6,0.37,0.0,0,False,0.0,NÖTR REJİM,0.0,,,,,,,,
KLYPV,62.15,63.3,63.3,61.1,1697792.0,-1.661392405063298,105517772.8,0.4401270873601168,1.0,7.155172413793101,-1.5835312747426762,3.600654664484445,2026-08-31,-1.23,3.0,0.29,0.0,0,True,0.0,NÖTR REJİM,0.0,,,,,,,,
SEGMN,47.7,51.05,53.9,46.76,2221940.0,-8.180943214629451,105986538.0,1.8117061391997016,1.0,3.8763066202090615,-22.31270358306188,15.269461077844312,2026-08-31,1.79,6.0,1.14,0.0,2,False,0.0,🚨 KURUMSAL BOŞALTIM (DUMP),0.0,,,,,,,,
AGESA,261.5,261.0,266.25,257.25,412661.0,-0.1908396946564885,107910851.5,1.645998334301268,1.0,9.920134510298444,13.943355119825709,3.498542274052478,2026-08-31,1.42,6.0,0.04,0.1,1,True,0.0,NÖTR REJİM,0.0,,,,,,,,
GLYHO,16.61,16.81,18.64,16.61,6503531.0,-2.0058997050147487,108023649.91,2.1479748279093496,1.0,3.61821584529007,5.0600885515496445,12.221553281155938,2026-08-31,2.53,2.58,0.34,0.0,1,True,0.0,🚨 KURUMSAL BOŞALTIM (DUMP),0.0,,,,,,,,
KORDS,84.35,88.3,88.35,84.2,1331285.0,-4.473386183465462,112293889.75,0.422933744599973,1.0,22.157856625633595,8.488745980707389,4.928741092636569,2026-08-31,-1.27,6.0,0.67,0.0,1,False,0.0,NÖTR REJİM,0.0,,,,,,,,
BULGS,31.94,32.5,32.54,30.42,3516919.0,-1.236858379715529,112330392.86,1.722703496894335,1.0,-17.425025853154082,-21.252465483234715,6.969099276791575,2026-08-31,1.59,2.8,0.21,0.95,0,False,0.0,NÖTR REJİM,0.0,,,,,,,,
SASA,2.36,2.4,2.4,2.33,1503894589.0,-1.255230125523023,3549191230.04,0.6519760616470932,1.0,-5.22088353413656,-14.181818181818189,3.0042918454935554,2026-08-31,-0.77,-2.0,0.01,0.0,0,False,0.0,NÖTR REJİM,0.0,,,,,,,,
BIMAS,404.25,415.75,417.0,401.5,9144660.0,-2.707581227436823,3696728805.0,0.862132114926135,1.0,5.204944697462589,8.088235294117647,3.8605230386052303,2026-08-31,-0.3,6.0,0.01,0.0,1,True,0.0,NÖTR REJİM,0.0,,,,,,,,
SAHOL,93.6,93.45,95.1,92.5,45682872.0,-0.0533902829685118,4275916819.2,1.2648960947647532,1.0,12.975256487628243,1.9607843137254872,2.8108108108108047,2026-08-31,0.58,4.0,0.0,0.1,0,True,0.0,NÖTR REJİM,0.0,,,,,,,,
GARAN,130.7,133.9,134.0,130.0,35130875.0,-2.31689088191332,4591605362.5,0.9886997806950863,1.0,5.658852061438954,5.148833467417531,3.076923076923077,2026-08-31,-0.02,6.0,0.01,0.0,1,True,0.0,NÖTR REJİM,0.0,,,,,,,,
CWENE,37.26,39.3,40.44,36.44,137838019.0,-6.146095717884142,5135844587.94,1.7043596230408309,1.0,2.6446280991735565,-10.861244019138754,10.976948408342482,2026-08-31,1.55,6.0,0.02,0.0,1,False,0.0,🚨 KURUMSAL BOŞALTIM (DUMP),0.0,,,,,,,,
FONET,5.01,5.18,5.18,4.98,17680789.0,-3.281853281853281,88580752.89,0.7330538389008779,1.0,0.1999999999999957,-11.484098939929334,4.0160642570280976,2026-08-31,-0.59,-2.0,0.63,0.0,0,False,0.0,NÖTR REJİM,0.0,,,,,,,,
HRKET,93.0,97.5,99.0,91.55,969151.0,-4.370179948586118,90131043.0,0.5851849427658741,1.0,-2.2082018927444738,-7.0,8.137629710540692,2026-08-31,-0.91,6.0,0.79,0.0,2,True,0.0,NÖTR REJİM,0.0,,,,,,,,
GOKNR,17.62,18.1,18.16,17.5,5255404.0,-2.3281596452328057,92600218.48,0.4581402855625612,1.0,-22.98951048951048,-28.022875816993466,3.771428571428572,2026-08-31,-1.19,-0.85,0.45,0.0,0,False,0.0,🪤 DÜŞEN BIÇAK TUZAĞI,0.0,,,,,,,,
LMKDC,23.4,24.38,24.4,23.18,3964532.0,-4.019688269073013,92770048.8,0.8912389100999315,1.0,2.6315789473684115,-33.142857142857146,5.263157894736837,2026-08-31,-0.24,0.55,0.72,0.0,1,False,0.0,🪤 DÜŞEN BIÇAK TUZAĞI,0.0,,,,,,,,
FZLGY,9.43,9.95,9.95,9.38,10030735.0,-4.361054766734277,94589831.05,0.4905237079192795,1.0,-15.045045045045043,-32.642857142857146,6.076759061833672,2026-08-31,-1.12,-1.08,0.76,0.0,1,False,0.0,🪤 DÜŞEN BIÇAK TUZAĞI,0.0,,,,,,,,
EKGYO,20.04,20.7,20.88,19.92,127592317.0,-2.812803103782744,2556950032.68,0.9642635521355776,1.0,12.08053691275168,3.298969072164952,4.819277108433721,2026-08-31,-0.08,-0.1,0.02,0.0,0,True,0.0,NÖTR REJİM,0.0,,,,,,,,
TRALT,52.65,52.6,53.4,52.3,48960027.0,-2.4096385542168752,2577745421.55,0.4262098541986515,1.0,15.308804204993436,18.58108108108108,3.1548757170172195,2026-08-31,-1.26,0.25,0.02,0.08,0,True,0.0,NÖTR REJİM,0.0,,,,,,,,
PASEU,241.2,263.5,267.0,241.2,11757457.0,-10.000000000000004,2835898628.4,0.9066657127138426,1.0,61.33779264214046,118.4782608695652,11.111111111111116,2026-08-31,-0.21,6.0,0.07,0.0,1,False,0.0,NÖTR REJİM,0.0,,,,,,,,
DOFRB,126.4,140.4,140.4,126.4,8210860.0,-9.971509971509972,1037852704.0,1.7758662048110208,1.0,-5.741983594332579,-27.481353987378085,11.075949367088606,2026-08-31,1.71,6.0,0.18,0.0,1,False,0.0,🪤 DÜŞEN BIÇAK TUZAĞI,0.0,,,,,,,,
TKFEN,208.7,221.4,223.0,204.6,5065159.0,-5.565610859728512,1057098683.3,0.8055060406206251,1.0,36.22715404699739,38.02910052910053,8.993157380254157,2026-08-31,-0.43,6.0,0.1,0.0,1,False,0.0,NÖTR REJİM,0.0,,,,,,,,
AEFES,17.92,18.42,18.44,17.77,59485581.0,-2.6615969581748966,1065981611.52,1.1595964886915249,1.0,-18.39708561020036,-7.960965588084218,3.7703995498030487,2026-08-31,0.35,-0.82,0.05,0.0,0,True,0.0,NÖTR REJİM,0.0,,,,,,,,
SKBNK,6.25,6.85,6.89,6.2,181789154.0,-6.994047619047615,1136182212.5,1.0860161735175142,1.0,-10.3299856527977,-51.43745143745143,11.129032258064507,2026-08-31,0.19,-0.78,0.12,0.0,0,False,0.0,🪤 DÜŞEN BIÇAK TUZAĞI,0.0,,,,,,,,
TOASO,271.25,271.25,275.0,268.0,4508246.0,-0.2757352941176471,1217978956.25,1.430285675534048,1.0,3.827751196172249,-9.50792326939116,2.611940298507463,2026-08-31,0.95,6.0,0.0,0.0,1,True,0.0,NÖTR REJİM,0.0,,,,,,,,
GESAN,92.35,92.9,94.1,92.35,13229951.0,-0.6455083378160393,1221785974.85,0.9933826429880308,1.0,22.48010610079574,28.531663187195548,1.8949648077964267,2026-08-31,-0.01,1.88,0.01,0.0,0,False,0.0,NÖTR REJİM,0.0,,,,,,,,
ALKLC,427.25,427.25,431.75,423.5,3334153.0,0.0,1424516869.25,1.328682308506273,1.0,7.891414141414141,32.68633540372671,1.948051948051948,2026-08-31,0.72,6.0,0.0,0.0,1,True,0.0,NÖTR REJİM,0.0,,,,,,,,
IHLAS,1.07,1.1,1.1,1.07,68162490.0,-2.7272727272727297,72933864.3,0.697833620369206,1.0,5.940594059405946,-31.271033994213727,2.803738317757012,2026-08-31,-0.66,-2.0,0.64,0.0,0,False,0.0,🪤 DÜŞEN BIÇAK TUZAĞI,0.0,,,,,,,,
ESCOM,5.49,5.62,5.63,5.45,13401650.0,-2.486678507992889,73575058.5,0.5660602631025755,1.0,6.189555125725344,1.855287569573293,3.3027522935779765,2026-08-31,-0.95,-2.0,0.58,0.0,0,True,0.0,NÖTR REJİM,0.0,,,,,,,,
MARMR,2.27,2.34,2.35,2.25,32531257.0,-2.991452991452985,73845953.39,0.4619995413102671,1.0,5.581395348837215,-13.3587786259542,4.444444444444448,2026-08-31,-1.18,-2.0,0.68,0.0,0,False,0.0,NÖTR REJİM,0.0,,,,,,,,
FRIGO,2.66,2.68,2.7,2.6,27874769.0,-1.1152416356877253,74146885.54,0.5866865044328968,1.0,23.72093023255815,-16.614420062695917,3.84615384615385,2026-08-31,-0.91,-2.0,0.28,0.44,0,False,0.0,NÖTR REJİM,0.0,,,,,,,,
KZBGY,1.94,2.03,2.03,1.94,38307815.0,-4.433497536945806,74317161.1,1.279037758032707,1.0,-3.960396039603964,-38.21656050955414,4.639175257731951,2026-08-31,0.61,-2.0,0.94,0.0,1,False,0.0,🪤 DÜŞEN BIÇAK TUZAĞI,0.0,,,,,,,,
CRDFA,25.0,23.5,26.86,23.5,3830387.0,-4.214559386973185,95759675.0,2.767930056921825,1.0,-41.72494172494172,-31.20528343423226,14.29787234042553,2026-08-31,3.89,5.9,0.73,0.8,2,False,0.0,🪤 DÜŞEN BIÇAK TUZAĞI,0.0,,,,,,,,
ANSGR,27.28,27.5,27.5,26.94,3559653.0,-0.7999999999999958,97107333.84,0.7693490091515341,1.0,1.0370370370370412,-0.7999999999999958,2.0786933927245683,2026-08-31,-0.51,-1.1,0.16,0.47,0,True,0.0,NÖTR REJİM,0.0,,,,,,,,
SURGY,31.38,33.2,33.4,31.26,3107998.0,-5.481927710843385,97528977.24,0.3175390681859089,1.0,-53.78497790868926,-53.852941176470594,6.845809341010867,2026-08-31,-1.5,2.85,0.89,0.0,1,False,0.0,🪤 DÜŞEN BIÇAK TUZAĞI,0.0,,,,,,,,
AKBNK,71.8,73.4,73.4,71.25,141903617.0,-1.9125683060109369,10188679700.6,0.9936874988157816,1.0,15.806451612903222,11.317829457364338,3.017543859649131,2026-08-31,-0.01,2.88,0.0,0.0,0,True,0.0,NÖTR REJİM,0.0,,,,,,,,
MTRKS,32.24,33.06,33.2,30.38,2079943.0,-2.480338777979432,67057362.32000001,1.0869453657023385,1.0,21.7522658610272,19.40740740740741,9.28242264647796,2026-08-31,0.19,4.55,0.63,0.7,0,True,0.0,NÖTR REJİM,0.0,,,,,,,,
SNGYO,3.41,3.62,3.62,3.41,19678738.0,-5.80110497237569,67104496.580000006,1.1513701958740286,1.0,10.355987055016191,-5.277777777777776,6.158357771260996,2026-08-31,0.33,-1.98,1.25,0.0,1,True,0.0,NÖTR REJİM,0.0,,,,,,,,
HOROZ,58.85,61.0,61.2,58.25,1140337.0,-3.3661740558292235,67108832.45,0.4016047609768494,1.0,6.90281562216168,-18.49030470914128,5.064377682403438,2026-08-31,-1.32,4.88,0.81,0.0,1,False,0.0,NÖTR REJİM,0.0,,,,,,,,
ALFAS,40.92,41.72,42.32,40.5,1646572.0,-1.9175455417066087,67377726.24000001,0.6392928755448457,1.0,-1.397590361445779,-22.352941176470587,4.493827160493828,2026-08-31,-0.79,2.05,0.5,0.0,0,False,0.0,NÖTR REJİM,0.0,,,,,,,,
PRDGS,7.88,8.48,8.48,7.65,8610027.0,-6.413301662707839,67847012.76,0.9773607632498432,1.0,12.250712250712256,-5.51558752997602,10.849673202614378,2026-08-31,-0.05,-0.42,1.33,0.0,1,True,0.0,NÖTR REJİM,0.0,,,,,,,,
VAKFN,1.18,1.19,1.2,1.16,58600776.0,-1.6666666666666683,69148915.67999999,1.4697584081746056,1.0,-2.479338842975209,-16.21299613542386,3.448275862068969,2026-08-31,1.03,-2.0,0.43,0.0,0,False,0.0,NÖTR REJİM,0.0,,,,,,,,
SMRVA,11.17,11.64,11.65,11.1,6233633.0,-4.037800687285229,69629680.61,0.5514397130419724,1.0,-1.7590149516270828,-32.953181272509006,4.954954954954961,2026-08-31,-0.99,-1.12,0.91,0.0,1,False,0.0,🪤 DÜŞEN BIÇAK TUZAĞI,0.0,,,,,,,,
AYCES,449.0,475.75,486.0,443.0,157503.0,-5.622700998423542,70718847.0,1.3821181017166897,1.0,-3.492745835572273,-12.13307240704501,9.706546275395034,2026-08-31,0.84,6.0,1.17,0.0,2,False,0.0,NÖTR REJİM,0.0,,,,,,,,
INDES,11.85,11.94,12.07,11.73,6031925.0,-1.250000000000003,71478311.25,0.5877004974383411,1.0,20.18255578093307,-3.892944038929444,2.89855072463768,2026-08-31,-0.91,-1.65,0.32,0.0,0,True,0.0,NÖTR REJİM,0.0,,,,,,,,
CEMAS,4.12,4.35,4.35,4.08,17452272.0,-5.28735632183907,71903360.64,0.8577630454623429,1.0,0.4878048780487918,-18.57707509881422,6.617647058823519,2026-08-31,-0.31,-1.83,1.1,0.0,1,False,0.0,NÖTR REJİM,0.0,,,,,,,,
VERUS,661.0,695.5,695.5,626.5,109852.0,-5.028735632183908,72612172.0,1.1420349580048592,1.0,30.37475345167653,14.558058925476605,11.093375897845172,2026-08-31,0.31,6.0,1.05,0.0,2,False,0.0,NÖTR REJİM,0.0,,,,,,,,
HALKB,42.34,45.8,46.68,41.94,175796863.0,-8.15618221258134,7443239179.420001,6.506794260047829,1.0,17.741935483870975,-4.381210478771449,11.301859799713885,2026-08-31,6.0,6.0,0.02,0.0,2,True,0.0,🚨 KURUMSAL BOŞALTIM (DUMP),0.0,,,,,,,,
TCELL,95.25,103.5,103.5,93.5,97624194.0,-7.971014492753622,9298704478.5,3.366120554942061,1.0,-6.617647058823529,-8.059845559845554,10.6951871657754,2026-08-31,5.21,6.0,0.02,0.0,2,True,0.0,🚨 KURUMSAL BOŞALTIM (DUMP),0.0,,,,,,,,
THYAO,302.5,305.5,306.5,302.25,33103766.0,-1.6260162601626018,10013889215.0,0.7152022959262181,1.0,-3.0448717948717947,2.7164685908319184,1.7369727047146402,2026-08-31,-0.63,6.0,0.0,0.0,1,True,0.0,NÖTR REJİM,0.0,,,,,,,,
PKART,135.0,126.7,135.0,124.4,372557.0,9.934853420195443,50295195.0,0.7502687967952615,1.0,16.179001721170394,-18.181818181818183,9.807073954983924,2026-09-01,-0.55,6.0,2.18,3.61,3,False,99.5,🚀 KISMİ HACİM & MENZİL İVMESİ,0.0,131.46666666666667,,,,,,,
TURGG,28.78,28.16,29.46,27.38,1006330.0,2.201704545454549,28962177.4,2.104727076507669,1.0,10.94834232845027,-5.824607329842925,7.59678597516436,2026-09-01,2.43,2.7,1.13,1.3,3,True,97.1,⚡ SENKRONİZE ŞOK PATLAMASI (DAY-1),32.1,28.540000000000003,,,,,,,
ARTMS,42.3,40.32,42.4,40.32,994886.0,5.171556439582294,42083677.8,0.882748279219987,1.0,6.818181818181807,-0.2828854314002936,5.406746031746031,2026-09-01,-0.26,2.7,1.6,3.7,2,True,85.9,🚀 KISMİ HACİM & MENZİL İVMESİ,0.3,41.67333333333333,,,,,,,
AYCES,461.25,457.75,470.0,451.0,88176.0,2.728285077951002,40671180.0,0.7482897942661327,1.0,-0.8597528210639441,-10.61046511627907,4.656319290465632,2026-09-01,-0.55,6.0,1.03,0.51,2,False,83.5,🚀 KISMİ HACİM & MENZİL İVMESİ,15.2,460.75,,,,,,,
TKNKA,169.8,164.0,172.8,161.0,9892091.0,8.084022915340558,1679677051.8000002,1.0,1.0,80.83067092651757,80.83067092651757,9.751552795031069,2026-09-01,0.0,6.0,0.09,1.97,2,False,81.8,🚀 KISMİ HACİM & MENZİL İVMESİ,-1.4,167.86666666666667,,,,,,,
AVPGY,56.4,54.45,56.95,54.4,382315.0,3.10786106032906,21562566.0,0.4779600072059989,1.0,12.462612163509473,-12.14953271028038,4.687500000000008,2026-09-01,-1.15,3.88,1.79,2.63,2,False,80.2,🚀 KISMİ HACİM & MENZİL İVMESİ,0.5,55.91666666666666,,,,,,,
KARSN,10.55,9.97,10.59,9.97,28807352.0,6.781376518218623,303917563.6,1.5074236686600908,1.0,5.711422845691385,-22.254974207811344,7.1213640922768215,2026-09-01,1.12,-0.95,0.4,3.6,2,False,74.8,🚀 KISMİ HACİM & MENZİL İVMESİ,1.6,10.37,,,,,,,
BORSK,6.43,6.15,6.56,6.15,8268491.0,4.723127035830619,53166397.13,1.1669862868482654,1.0,10.29159519725557,-4.457652303120367,6.829268292682925,2026-09-01,0.37,-1.48,1.27,2.03,2,True,74.0,🚀 KISMİ HACİM & MENZİL İVMESİ,-1.4,6.38,,,,,,,
CRFSA,297.5,290.75,299.5,282.0,1482417.0,3.0303030303030303,441019057.5,0.3933723672561276,1.0,75.82742316784872,132.421875,6.205673758865248,2026-09-01,-1.33,6.0,0.13,2.39,2,False,73.3,🚀 KISMİ HACİM & MENZİL İVMESİ,17.4,293.0,,,,,,,
ASELS,394.5,386.75,396.5,382.5,15396097.0,2.135922330097088,6073760266.5,0.4801906855264807,1.0,15.689149560117302,-3.663003663003663,3.660130718954248,2026-09-01,-1.14,6.0,0.01,2.57,2,True,73.0,🚀 KISMİ HACİM & MENZİL İVMESİ,0.2,391.1666666666667,,,,,,,
HURGZ,7.2,6.87,7.28,6.85,5689260.0,5.109489051094899,40962672.0,0.5706931055458743,1.0,-1.5047879616962987,-11.547911547911552,6.277372262773731,2026-09-01,-0.94,-1.42,1.62,2.76,2,False,71.1,🚀 KISMİ HACİM & MENZİL İVMESİ,0.9,7.109999999999999,,,,,,,
TBORG,162.5,161.1,163.6,159.6,141015.0,0.9316770186335404,22914937.5,0.2567915038368946,1.0,25.87141750580945,15.740740740740735,2.5062656641604013,2026-09-01,-1.64,6.0,0.68,1.62,2,False,69.9,🚀 KISMİ HACİM & MENZİL İVMESİ,-1.2,161.9,,,,,,,
RUBNS,33.14,31.72,33.5,31.72,958172.0,3.5625000000000018,31753820.08,0.310302666964521,1.0,51.87901008249312,4.542586750788647,5.611601513240862,2026-09-01,-1.52,1.95,1.5,2.75,2,False,69.8,🚀 KISMİ HACİM & MENZİL İVMESİ,1.9,32.78666666666667,,,,,,,
NIBAS,4.46,4.2,4.46,4.1,16893790.0,9.852216748768484,75346303.4,0.507915671300876,1.0,20.540540540540533,-10.4417670682731,9.756097560975618,2026-09-01,-1.08,-1.6,1.67,3.5,2,False,69.5,🚀 KISMİ HACİM & MENZİL İVMESİ,-0.7,4.34,,,,,,,
DSTKF,2160.0,2075.0,2175.0,2069.0,528745.0,3.796251802018261,1142089200.0,0.3245404892870857,1.0,20.401337792642146,6.772120612951063,5.123247945867569,2026-09-01,-1.49,6.0,0.07,3.02,2,True,69.4,🚀 KISMİ HACİM & MENZİL İVMESİ,0.3,2134.6666666666665,,,,,,,
PRDGS,8.07,7.85,8.22,7.83,5042928.0,3.065134099616861,40696428.96,0.6233359624733291,1.0,14.957264957264968,-1.1029411764705863,4.980842911877402,2026-09-01,-0.83,-1.52,1.12,1.52,2,True,68.6,🚀 KISMİ HACİM & MENZİL İVMESİ,24.1,8.040000000000001,,,,,,,
NETAS,95.25,91.95,97.1,90.8,830426.0,3.927986906710305,79098076.5,0.2133204646346216,1.0,51.91387559808612,32.01663201663201,6.938325991189425,2026-09-01,-1.73,6.0,0.81,1.85,2,False,67.3,🚀 KISMİ HACİM & MENZİL İVMESİ,0.6,94.38333333333333,,,,,,,
KLGYO,5.1,4.95,5.17,4.95,5493223.0,3.2388663967611184,28015437.3,0.4864025975837141,1.0,19.43793911007026,3.03030303030302,4.646464646464637,2026-09-01,-1.13,-1.95,1.54,2.03,2,True,64.4,🚀 KISMİ HACİM & MENZİL İVMESİ,-0.6,5.073333333333333,,,,,,,
PGSUS,149.9,147.5,150.3,147.0,7182925.0,1.9727891156462625,1076720457.5,0.7104647556247699,1.0,0.2005347593582963,-12.44158878504672,2.2448979591836813,2026-09-01,-0.64,5.75,0.04,2.98,1,False,62.9,NÖTR REJİM,0.3,149.0666666666667,,,,,,,
RYGYO,51.4,50.25,52.0,50.1,1939003.0,1.1811023622047274,99664754.2,0.621588919872479,1.0,32.67940113577696,49.15844457341845,3.792415169660676,2026-09-01,-0.83,2.25,0.22,1.9,1,False,61.1,NÖTR REJİM,-2.8,51.16666666666666,,,,,,,
CATES,72.6,72.9,73.0,69.9,1215047.0,3.640256959314772,88212412.19999999,0.3387527494716428,1.0,58.10104529616723,73.26968973747016,4.434907010014298,2026-09-01,-1.45,5.25,0.69,1.63,1,False,59.5,NÖTR REJİM,1.5,71.83333333333333,,,,,,,
SELEC,335.75,334.5,337.25,329.0,1655482.0,0.6746626686656672,555828081.5,0.2375034865546602,1.0,57.629107981220656,238.79919273461152,2.507598784194529,2026-09-01,-1.68,6.0,0.02,1.67,2,False,59.3,🚀 KISMİ HACİM & MENZİL İVMESİ,0.4,334.0,,,,,,,
VERUS,674.0,670.0,688.0,656.0,35930.0,0.5970149253731344,24216820.0,0.3840948595643148,1.0,32.938856015779095,17.217391304347824,4.878048780487805,2026-09-01,-1.35,6.0,0.44,0.5,1,False,59.3,NÖTR REJİM,2.2,672.6666666666666,,,,,,,
ANELE,191.4,190.5,195.9,182.5,4364846.0,0.4724409448818927,835431524.4,0.5017522461849598,1.0,66.43478260869566,108.26985854189336,7.34246575342466,2026-09-01,-1.1,6.0,0.01,0.84,1,False,58.2,NÖTR REJİM,0.4,189.9333333333333,,,,,,,
SNGYO,3.47,3.44,3.51,3.37,8047681.0,2.058823529411773,27925453.07,0.4408954086045114,1.0,12.297734627831728,-4.931506849315061,4.154302670623136,2026-09-01,-1.23,-2.0,1.1,1.33,2,True,57.8,🚀 KISMİ HACİM & MENZİL İVMESİ,19.9,3.45,,,,,,,
EKDMR,49.28,48.18,49.46,48.02,3880028.0,2.6666666666666687,191207779.84,0.4395950959578185,1.0,4.406779661016945,-22.14849921011058,3.04039983340275,2026-09-01,-1.23,1.1,0.26,3.03,1,False,57.4,NÖTR REJİM,1.6,48.92,,,,,,,
DEVA,94.9,93.25,95.4,92.15,446627.0,1.3347570742124932,42384902.3,0.2946962759795121,1.0,30.986887508626644,42.06586826347307,3.52685838307108,2026-09-01,-1.55,5.62,0.55,2.44,1,False,57.4,NÖTR REJİM,2.7,94.15000000000002,,,,,,,
GOLDA,13.4,12.86,13.8,12.75,21687088.0,3.474903474903483,290606979.2,0.5594891799638004,1.0,-4.829545454545452,32.411067193675905,8.235294117647065,2026-09-01,-0.97,0.13,0.23,1.45,1,True,56.6,NÖTR REJİM,12.5,13.316666666666666,,,,,,,
TUPRS,410.75,404.0,417.25,402.5,12436860.0,2.623360399750156,5108440245.0,0.4038585109601232,1.0,42.62152777777778,62.67326732673267,4.22360248447205,2026-09-01,-1.31,6.0,0.01,1.08,1,False,56.0,NÖTR REJİM,0.7,410.1666666666667,,,,,,,
HALKB,42.96,42.5,43.08,41.8,24905049.0,1.8492176386913253,1069920905.04,0.5790145885303986,1.0,19.46607341490545,-12.647417649450992,3.062200956937802,2026-09-01,-0.93,0.7,0.03,2.43,1,False,54.7,NÖTR REJİM,2.7,42.61333333333334,,,,,,,
SMRTG,10.45,10.23,10.56,10.08,18949518.0,1.3579049466537223,198022463.1,0.9164960735511498,1.0,-5.685920577617336,-19.49152542372882,4.761904761904766,2026-09-01,-0.18,-1.3,0.13,2.02,1,False,54.4,NÖTR REJİM,8.2,10.363333333333332,,,,,,,
MARTI,1.82,1.78,1.87,1.76,150345318.0,7.058823529411772,273628478.76,1.477921996229426,1.0,24.65753424657535,-9.452736318407949,9.659090909090915,2026-09-01,1.05,-2.0,0.46,0.85,1,False,51.4,NÖTR REJİM,-3.7,1.8166666666666669,,,,,,,
EUREN,4.0,3.93,4.01,3.88,14215400.0,2.30179028132992,56861600.0,0.4825809442169367,1.0,2.827763496143956,-19.83967935871744,3.350515463917523,2026-09-01,-1.14,-2.0,0.68,2.83,1,False,50.3,NÖTR REJİM,50.3,3.963333333333333,,,,,,,
ENERY,10.13,10.02,10.23,9.92,20728660.0,2.530364372469636,209981325.8,0.603704527927833,1.0,10.831509846827135,12.680756395995555,3.528225806451609,2026-09-01,-0.87,-1.72,0.23,1.42,1,True,50.3,NÖTR REJİM,11.3,10.093333333333334,,,,,,,
ECOGR,35.22,34.68,35.4,34.28,2015425.0,1.5570934256055338,70983268.5,0.2838643992331841,1.0,6.662628709872791,-14.431486880466467,3.2672112018669703,2026-09-01,-1.58,0.3,0.4,2.36,1,False,49.5,NÖTR REJİM,0.5,34.96666666666667,,,,,,,
OTKAR,319.5,317.75,321.5,316.0,80922.0,0.5507474429583006,25854579.0,0.1487070688322869,1.0,3.064516129032258,-14.285714285714286,1.740506329113924,2026-09-01,-1.87,6.0,0.39,1.17,1,False,48.8,NÖTR REJİM,-10.7,319.0,,,,,,,
PAHOL,1.35,1.32,1.36,1.32,103963804.0,2.2727272727272747,140351135.4,0.5088728896076162,1.0,1.503759398496242,-20.58823529411764,3.030303030303033,2026-09-01,-1.08,-2.0,0.3,2.45,1,False,47.7,NÖTR REJİM,0.1,1.3433333333333333,,,,,,,
LILAK,29.42,29.3,29.56,29.06,832162.0,1.0996563573883171,24482206.040000003,0.2938075103622894,1.0,4.92154065620543,-18.50415512465374,1.720578114246387,2026-09-01,-1.55,-1.25,0.74,1.4,1,False,46.8,NÖTR REJİM,14.6,29.346666666666664,,,,,,,
AKFIS,18.47,17.8,18.49,17.57,5313302.0,3.764044943820214,98136687.94,0.1922311363766863,1.0,19.80516579507381,66.64628324878687,5.236198064883313,2026-09-01,-1.78,-0.2,0.65,3.42,1,True,45.7,NÖTR REJİM,1.1,18.176666666666662,,,,,,,
ULKER,91.2,89.95,92.15,89.95,2262636.0,1.3896609227348526,206352403.2,0.2214130338160216,1.0,3.401360544217687,-22.58064516129032,2.445803224013344,2026-09-01,-1.71,3.0,0.13,1.32,1,False,44.6,NÖTR REJİM,-0.9,91.1,,,,,,,
PETKM,20.56,20.12,21.06,20.08,49604937.0,2.4925224327018944,1019877504.72,0.762407755883357,1.0,9.013785790031813,-14.759535655058052,4.9800796812749,2026-09-01,-0.52,-0.05,0.05,0.81,0,False,42.7,NÖTR REJİM,0.2,20.566666666666663,,,,,,,
ULUUN,8.51,8.3,8.6,8.3,3559094.0,0.4722550177095531,30287889.94,0.2999727823399435,1.0,2.5301204819277,-4.48933782267116,3.614457831325288,2026-09-01,-1.54,-1.75,0.29,2.14,1,True,41.8,NÖTR REJİM,41.8,8.469999999999999,,,,,,,
OFSYM,68.55,67.5,69.5,67.45,723580.0,2.237136465324385,49601409.0,0.2653045757614545,1.0,32.84883720930232,16.780238500851777,3.6323202372127534,2026-09-01,-1.62,2.62,0.74,1.08,0,False,41.6,NÖTR REJİM,0.6,68.5,,,,,,,
AKFYE,22.98,22.64,23.12,22.64,1609901.0,1.4121800529567532,36995524.98,0.2079471274445268,1.0,-4.56810631229235,2.0426287744227394,2.120141342756185,2026-09-01,-1.74,-1.3,0.65,2.19,1,True,41.4,NÖTR REJİM,0.3,22.91333333333333,,,,,,,
ANHYT,104.8,104.0,106.2,104.0,206956.0,0.6724303554274763,21688988.8,0.3017340420196393,1.0,-4.204753199268747,-0.4748338081671415,2.115384615384618,2026-09-01,-1.54,3.0,0.54,0.65,0,True,41.3,NÖTR REJİM,-1.9,105.0,,,,,,,
RYSAS,29.18,28.7,29.68,28.7,9160923.0,1.3194444444444409,267315733.14,0.4941183483747456,1.0,29.68888888888889,13.717848791893996,3.414634146341465,2026-09-01,-1.11,-0.05,0.1,0.88,0,False,41.0,NÖTR REJİM,-13.8,29.186666666666667,,,,,,,
TRHOL,3150.0,3130.0,3182.5,3115.0,66095.0,0.4784688995215311,208199250.0,0.1185449329148141,1.0,70.27027027027027,105.61357702349868,2.1669341894061,2026-09-01,-1.94,6.0,0.05,0.61,1,False,40.8,NÖTR REJİM,1.3,3149.1666666666665,,,,,,,
SAHOL,94.1,93.35,95.4,93.35,16540511.0,0.965665236051493,1556462085.1,0.4290757827148502,1.0,13.578756789378396,1.5102481121898506,2.356722013926088,2026-09-01,-1.26,2.63,0.01,0.66,0,True,39.3,NÖTR REJİM,0.1,94.28333333333336,,,,,,,
IEYHO,208.1,207.8,210.0,207.0,486712.0,0.2408477842003853,101284767.2,0.3965335657346742,1.0,26.12121212121212,80.17316017316017,1.4492753623188406,2026-09-01,-1.33,5.0,0.05,0.18,0,False,39.0,NÖTR REJİM,-2.0,208.3666666666667,,,,,,,
DAGI,10.54,10.3,10.8,10.12,2593409.0,1.151631477927056,27334530.86,0.3066814255752911,1.0,16.5929203539823,48.450704225352105,6.719367588932821,2026-09-01,-1.53,-0.8,0.7,1.15,0,True,39.0,NÖTR REJİM,39.0,10.486666666666666,,,,,,,
VBTYZ,38.5,38.02,39.0,37.78,1027626.0,2.013778484366714,39563601.0,0.2486521981171677,1.0,29.80445043830074,20.3125,3.3350979354155585,2026-09-01,-1.65,0.55,0.82,1.1,0,False,38.6,NÖTR REJİM,3.4,38.42666666666667,,,,,,,
HKTM,14.08,13.76,14.54,13.6,8533039.0,2.325581395348839,120145189.12,0.3367084774240483,1.0,30.49119555143653,-7.062706270627064,6.911764705882349,2026-09-01,-1.46,-0.15,0.35,0.66,0,False,38.2,NÖTR REJİM,-12.7,14.073333333333332,,,,,,,
VAKBN,32.2,31.78,32.72,31.7,26267460.0,1.4492753623188546,845812212.0000001,0.4411224953029094,1.0,11.264685556323434,-5.682483889865254,3.2176656151419545,2026-09-01,-1.23,0.05,0.03,0.74,0,True,37.8,NÖTR REJİM,-12.1,32.20666666666667,,,,,,,
ENJSA,110.6,110.1,111.7,110.0,1619840.0,0.4541326067211626,179154304.0,0.3311965637211523,1.0,-0.3603603603603655,-2.6408450704225355,1.545454545454548,2026-09-01,-1.47,1.75,0.05,0.53,0,True,36.0,NÖTR REJİM,-1.5,110.76666666666664,,,,,,,
METEN,20.22,20.16,20.68,19.18,25667719.0,0.2976190476190413,519001278.18,0.3396874915769503,1.0,-3.71428571428572,-8.090909090909095,7.820646506777893,2026-09-01,-1.45,1.25,0.01,0.92,0,True,36.0,NÖTR REJİM,36.0,20.026666666666667,,,,,,,
BERA,13.78,13.64,13.98,13.64,3090564.0,1.3235294117647038,42587971.92,0.3571486145561285,1.0,8.58944050433412,-19.6969696969697,2.7859237536656947,2026-09-01,-1.41,-1.65,0.54,0.74,0,False,35.6,NÖTR REJİM,-0.4,13.8,,,,,,,
MRGYO,1.63,1.63,1.66,1.59,102245064.0,1.874999999999988,166659454.32,0.8126260419994124,1.0,25.384615384615373,-4.678362573099419,4.40251572327043,2026-09-01,-0.41,-2.0,0.21,0.31,0,False,35.1,NÖTR REJİM,-13.9,1.6266666666666667,,,,,,,
AHGAZ,38.26,38.1,38.56,37.88,1739100.0,0.7372301211163801,66537966.0,0.3038583351673277,1.0,15.102286401925378,18.672456575682368,1.7951425554382252,2026-09-01,-1.53,-0.8,0.21,0.68,0,True,34.3,NÖTR REJİM,8.8,38.23333333333333,,,,,,,
TURSG,6.13,6.02,6.24,6.02,23358048.0,2.6800670016750443,143184834.24,0.3500687151942989,1.0,-2.543720190779017,-4.218750000000007,4.485049833887051,2026-09-01,-1.43,-1.95,0.34,0.9,0,True,33.4,NÖTR REJİM,-0.6,6.130000000000001,,,,,,,
KORDS,84.55,83.65,85.3,83.65,282163.0,0.6547619047619014,23856881.65,0.1215126946600527,1.0,22.447501810282404,5.031055900621115,1.972504482964724,2026-09-01,-1.93,1.62,0.49,1.18,0,False,33.2,NÖTR REJİM,1.0,84.5,,,,,,,
TNZTP,32.02,31.58,32.5,31.58,1517792.0,0.0625000000000097,48599699.84,0.3032467351354972,1.0,13.707386363636374,22.77607361963192,2.913236225459157,2026-09-01,-1.53,-0.2,0.03,0.86,0,True,33.0,NÖTR REJİM,-14.9,32.03333333333333,,,,,,,
GLRMK,169.9,169.5,171.8,168.9,1114051.0,0.1768867924528369,189277264.9,0.221630513965485,1.0,13.950368879946351,-5.083798882681561,1.7169923031379548,2026-09-01,-1.71,4.75,0.02,0.25,0,True,30.6,NÖTR REJİM,30.6,170.20000000000002,,,,,,,
BJKAS,2.28,2.25,2.34,2.17,218862428.0,3.1674208144796308,499006335.84,0.3680446030643741,1.0,28.089887640449422,24.59016393442621,7.834101382488476,2026-09-01,-1.39,-2.0,0.12,0.96,0,False,30.0,NÖTR REJİM,9.2,2.263333333333333,,,,,,,
ALKLC,426.75,425.75,429.0,425.75,98869.0,0.2348796241926012,42192345.75,0.0330667387651717,1.0,7.765151515151516,31.307692307692307,0.7633587786259542,2026-09-01,-2.0,5.62,0.11,0.55,0,True,29.9,NÖTR REJİM,-0.5,427.16666666666674,,,,,,,
ISCTR,12.74,12.66,12.89,12.65,259715130.0,0.7911392405063262,3308770756.2000003,0.4070397162000437,1.0,5.289256198347112,-6.116433308769344,1.976284584980237,2026-09-01,-1.3,-1.9,0.0,0.6,0,True,29.3,NÖTR REJİM,-0.8,12.759999999999998,,,,,,,
MAVI,37.14,36.92,37.44,36.92,783596.0,0.7049891540130098,29102755.44,0.1835712282725498,1.0,-4.915514592933952,-13.386194029850753,1.5167930660888276,2026-09-01,-1.8,-1.2,0.43,0.76,0,False,28.9,NÖTR REJİM,3.5,37.16666666666666,,,,,,,
ENKAI,87.9,87.65,88.85,87.45,4594814.0,0.5720823798627002,403884150.6,0.2340825676311661,1.0,2.867173785839676,-11.391129032258062,1.6580903373356073,2026-09-01,-1.69,1.0,0.03,0.32,0,False,28.4,NÖTR REJİM,0.7,88.06666666666668,,,,,,,
MASFN,39.92,39.78,40.68,39.12,3452850.0,0.4024144869215385,137837772.0,0.1699100398712483,1.0,-12.571178274200603,-20.47808764940239,3.9877300613497,2026-09-01,-1.83,1.4,0.06,0.22,0,False,26.1,NÖTR REJİM,0.1,39.906666666666666,,,,,,,
ODAS,7.38,7.37,7.43,7.27,15104774.0,0.8196721311475357,111473232.12,0.2597038465987073,1.0,-15.4639175257732,-3.6553524804177577,2.2008253094910613,2026-09-01,-1.63,-2.0,0.14,0.94,0,True,25.9,NÖTR REJİM,1.3,7.359999999999999,,,,,,,
TUKAS,2.03,2.03,2.05,2.02,22187438.0,0.4950495049504845,45040499.13999999,0.3862966622078346,1.0,2.525252525252516,-18.145161290322587,1.4851485148514754,2026-09-01,-1.35,-2.0,0.21,0.0,0,False,22.9,NÖTR REJİM,0.8,2.033333333333333,,,,,,,
DOHOL,22.14,22.04,22.34,21.98,2036451.0,0.0904159132007214,45087025.14,0.1704520215983196,1.0,4.1392285983066746,-5.947323704333044,1.6378525932666037,2026-09-01,-1.83,-1.6,0.04,0.5,0,True,20.4,NÖTR REJİM,-2.4,22.153333333333336,,,,,,,
BIOEN,19.15,19.16,19.57,18.8,1815980.0,0.261780104712027,34776017.0,0.1797017085031233,1.0,10.18411967779056,12.647058823529404,4.095744680851062,2026-09-01,-1.8,-0.58,0.15,0.0,0,True,20.2,NÖTR REJİM,20.2,19.17333333333333,,,,,,,
GWIND,22.68,22.68,22.82,22.64,891240.0,0.1766784452296782,20213323.2,0.2349108387060755,1.0,-6.972928630024608,-18.70967741935484,0.7950530035335677,2026-09-01,-1.68,-2.0,0.17,0.0,0,False,16.6,NÖTR REJİM,0.0,22.71333333333334,,,,,,,
ASTOR,320.5,329.25,342.25,319.0,18222180.0,-1.6116653875671527,5840208690.0,0.4800936250780411,1.0,10.422049956933678,-12.670299727520437,7.288401253918495,2026-09-01,-1.14,6.0,0.01,0.0,1,False,0.0,🚨 VWAP ALTI (SABAH TUZAĞI),0.0,327.25,,,,,,,
AKBNK,72.25,71.85,73.6,71.75,61644129.0,0.55671537926236,4453788320.25,0.4079652459923071,1.0,16.532258064516128,9.96955859969558,2.578397212543546,2026-09-01,-1.3,2.12,0.0,0.39,0,True,0.0,🚨 VWAP ALTI (SABAH TUZAĞI),-37.7,72.53333333333333,,,,,,,
KCHOL,217.2,215.8,222.6,215.4,23543871.0,1.0702652396463392,5113728781.2,0.7822093768427614,1.0,13.066111400312336,13.124999999999996,3.5747446610956306,2026-09-01,-0.48,6.0,0.0,0.35,1,True,0.0,🚨 VWAP ALTI (SABAH TUZAĞI),-59.4,218.40000000000003,,,,,,,
YKBNK,36.64,36.6,37.36,36.5,98598753.0,0.3285870755750203,3612658309.92,0.469030420173667,1.0,17.360666239590014,5.28735632183909,2.356164383561642,2026-09-01,-1.17,-0.35,0.0,0.08,0,True,0.0,🚨 VWAP ALTI (SABAH TUZAĞI),-34.2,36.833333333333336,,,,,,,
KTLEV,58.7,57.3,60.2,57.3,48159632.0,-6.528662420382157,2826970398.4,0.4499130107192677,1.0,27.57236969723388,53.283866601464005,9.598603839441536,2026-09-01,-1.21,4.75,0.05,0.87,0,False,0.0,NÖTR REJİM,0.0,58.73333333333333,,,,,,,
CITAS,116.5,127.9,130.1,115.2,19863838.0,-8.984375,2314137127.0,1.008576980359768,1.0,43.738433066008646,43.738433066008646,12.93402777777777,2026-09-01,0.02,6.0,0.08,0.0,1,False,0.0,🚨 VWAP ALTI (SABAH TUZAĞI),0.0,120.6,,,,,,,
TCELL,95.4,95.5,96.75,95.1,22089389.0,0.3682272488164214,2107327710.6,0.5952381757576768,1.0,-6.470588235294112,-11.255813953488367,1.7875920084122008,2026-09-01,-0.89,1.63,0.0,0.0,0,False,0.0,🚨 VWAP ALTI (SABAH TUZAĞI),-33.7,95.75,,,,,,,
GARAN,131.8,131.0,133.5,130.9,13831253.0,0.6875477463712801,1822959145.4,0.3807476604852418,1.0,6.548100242522239,2.3291925465838506,1.98624904507257,2026-09-01,-1.36,4.0,0.01,0.55,0,True,0.0,🚨 VWAP ALTI (SABAH TUZAĞI),-39.2,132.06666666666666,,,,,,,
EREGL,38.7,38.82,39.1,38.38,40777118.0,-0.2062919030428011,1578074466.6,0.2226908604514461,1.0,-9.06954887218045,-4.538727183029098,1.8759770713913464,2026-09-01,-1.71,-0.7,0.0,0.0,0,True,0.0,NÖTR REJİM,0.0,38.72666666666667,,,,,,,
BIMAS,402.0,405.5,406.0,399.25,3491161.0,-0.8631319358816275,1403446722.0,0.3089814736578978,1.0,4.6193884189980485,5.928853754940712,1.6906700062617408,2026-09-01,-1.52,6.0,0.01,0.0,1,True,0.0,NÖTR REJİM,0.0,402.4166666666667,,,,,,,
SASA,2.35,2.35,2.37,2.33,568899789.0,0.0,1336914504.15,0.2534670441679422,1.0,-5.622489959839362,-13.919413919413914,1.716738197424894,2026-09-01,-1.64,-2.0,0.0,0.0,0,False,0.0,NÖTR REJİM,0.0,2.35,,,,,,,
KRDMD,46.14,47.4,47.42,45.94,27270290.0,-2.617138032925289,1258251180.6,0.4036737831535316,1.0,12.044681884409911,12.48171623598244,3.2215933826730607,2026-09-01,-1.31,1.2,0.04,0.0,0,True,0.0,🚨 VWAP ALTI (SABAH TUZAĞI),0.0,46.5,,,,,,,
KPEKS,110.3,116.5,120.0,110.3,10186705.0,-9.95918367346939,1123593561.5,1.0,1.0,6.673114119922621,6.673114119922621,11.060743427017227,2026-09-01,0.0,6.0,0.17,0.0,1,True,0.0,🚨 VWAP ALTI (SABAH TUZAĞI),0.0,113.53333333333336,,,,,,,
TRALT,50.9,52.95,53.0,50.85,22038717.0,-3.780718336483932,1121770695.3,0.2055270975864237,1.0,11.476127901883492,13.464110566205973,4.228121927236969,2026-09-01,-1.75,2.87,0.07,0.0,0,True,0.0,🚨 VWAP ALTI (SABAH TUZAĞI),0.0,51.583333333333336,,,,,,,
PASEU,231.4,218.0,233.0,218.0,4840162.0,-4.0630182421227135,1120013486.8,0.362875634371971,1.0,54.78260869565218,109.60144927536231,10.642201834862382,2026-09-01,-1.4,6.0,0.07,3.34,2,False,0.0,NÖTR REJİM,0.0,227.46666666666667,,,,,,,
GESAN,82.9,92.4,93.2,82.9,13081291.0,-9.989142236699228,1084439023.9,0.933261854052479,1.0,9.946949602122016,3.625000000000007,12.424607961399271,2026-09-01,-0.15,6.0,0.18,0.0,1,True,0.0,🚨 VWAP ALTI (SABAH TUZAĞI),0.0,86.33333333333333,,,,,,,
TTKOM,51.3,51.3,51.8,51.15,16951518.0,0.3913894324853145,869612873.4,0.5700544160525001,1.0,0.7858546168958714,-18.506751389992065,1.368523949169102,2026-09-01,-0.95,-0.88,0.01,0.0,0,False,0.0,🚨 VWAP ALTI (SABAH TUZAĞI),-30.3,51.41666666666666,,,,,,,
DMRGD,11.37,12.0,12.0,11.25,75760653.0,-2.820512820512821,861398624.6099999,2.586362432590139,1.0,-2.903501280956461,11.799410029498516,6.666666666666667,2026-09-01,3.49,-0.62,0.06,0.0,1,True,0.0,🚨 VWAP ALTI (SABAH TUZAĞI),0.0,11.54,,,,,,,
KRDMA,68.15,70.0,71.15,67.6,12380487.0,2.250562640660165,843730189.0500001,0.8571385785418492,1.0,60.73113207547172,69.95012468827932,6.656804733727811,2026-09-01,-0.31,6.0,0.05,0.0,1,False,0.0,🚨 VWAP ALTI (SABAH TUZAĞI),-53.5,68.96666666666667,,,,,,,
EKGYO,19.92,20.1,20.46,19.85,39780166.0,-0.3999999999999915,792420906.72,0.3027656011474022,1.0,11.409395973154378,0.3526448362720417,3.0730478589420622,2026-09-01,-1.53,-0.98,0.01,0.0,0,True,0.0,🚨 VWAP ALTI (SABAH TUZAĞI),0.0,20.076666666666668,,,,,,,
ODINE,1973.0,2013.0,2074.0,1822.0,399391.0,-1.987083954297069,787998443.0,0.506703441766169,1.0,-6.092336982389338,43.178519593613935,13.830954994511526,2026-09-01,-1.09,6.0,0.05,0.44,1,True,0.0,NÖTR REJİM,0.0,1956.333333333333,,,,,,,
OTTO,147.0,151.0,155.9,143.6,185748.0,-2.260638297872344,27304956.0,0.9657127973010702,1.0,-18.33333333333333,-32.32044198895027,8.565459610027863,2026-09-01,-0.08,6.0,1.21,0.0,2,False,0.0,🚨 VWAP ALTI (SABAH TUZAĞI),0.0,148.83333333333334,,,,,,,
KAREL,8.6,8.58,8.62,8.48,3055698.0,0.4672897196261582,26279002.8,0.2620222699438757,1.0,-3.6954087346024647,-38.48354792560802,1.6509433962264008,2026-09-01,-1.62,-2.0,0.33,1.83,1,False,0.0,🪤 DÜŞEN BIÇAK TUZAĞI,0.0,8.566666666666668,,,,,,,
LINK,5.32,5.42,5.45,5.29,4898515.0,-1.6635859519408478,26060099.8,0.3262667008609031,1.0,-5.506216696269975,-33.913043478260875,3.024574669187148,2026-09-01,-1.48,-2.0,0.99,0.0,1,False,0.0,🚨 VWAP ALTI (SABAH TUZAĞI),0.0,5.353333333333334,,,,,,,
GOKNR,17.72,17.62,18.05,17.56,1435254.0,0.5675368898978312,25432700.88,0.1661163959440884,1.0,-22.55244755244756,-28.375101050929672,2.7904328018223348,2026-09-01,-1.83,-1.27,0.4,0.37,0,False,0.0,🚨 VWAP ALTI (SABAH TUZAĞI),0.0,17.776666666666667,,,,,,,
MAKTK,10.58,10.93,10.95,10.41,2387326.0,-1.3059701492537366,25257909.08,0.4223627428917564,1.0,8.069458631256394,-22.43401759530792,5.187319884726216,2026-09-01,-1.27,-1.15,0.83,0.0,0,False,0.0,🚨 VWAP ALTI (SABAH TUZAĞI),0.0,10.646666666666668,,,,,,,
ESCAR,42.38,43.42,43.78,42.0,595018.0,-0.9350163627863454,25216862.84,0.2088479128809742,1.0,-9.28938356164383,-20.48780487804877,4.238095238095241,2026-09-01,-1.74,1.95,0.63,0.0,0,False,0.0,🚨 VWAP ALTI (SABAH TUZAĞI),0.0,42.72,,,,,,,
BINBN,176.1,175.1,180.0,174.6,141659.0,0.6285714285714253,24946149.9,0.3863656633434694,1.0,-0.620767494356656,-10.609137055837566,3.0927835051546424,2026-09-01,-1.35,6.0,0.45,0.33,1,False,0.0,🚨 VWAP ALTI (SABAH TUZAĞI),-58.1,176.9,,,,,,,
ISGYO,26.14,26.6,26.6,25.94,949078.0,-0.6083650190114074,24808898.92,0.5294436573483502,1.0,1.8706157443491835,23.88625592417061,2.5443330763299925,2026-09-01,-1.04,-0.85,0.44,0.0,0,True,0.0,🚨 VWAP ALTI (SABAH TUZAĞI),0.0,26.22666666666667,,,,,,,
KZBGY,1.94,1.96,1.96,1.92,12684254.0,0.0,24607452.76,0.4068032067253089,1.0,-3.960396039603964,-37.41935483870968,2.083333333333336,2026-09-01,-1.31,-2.0,0.0,0.0,0,False,0.0,🪤 DÜŞEN BIÇAK TUZAĞI,0.0,1.94,,,,,,,
EGEGY,26.64,28.94,28.94,26.64,922423.0,-10.000000000000002,24573348.72,0.2414648467205027,1.0,-11.495016611295684,-14.119922630560923,11.111111111111114,2026-09-01,-1.67,3.25,3.25,0.0,1,False,0.0,🚨 VWAP ALTI (SABAH TUZAĞI),0.0,27.406666666666663,,,,,,,
DCTTR,6.27,6.4,6.47,6.15,3907540.0,-3.240740740740754,24500275.8,0.4298583612772327,1.0,-44.46412754650133,-47.79350541215653,5.365853658536587,2026-09-01,-1.25,-1.7,1.69,0.0,1,False,0.0,🚨 VWAP ALTI (SABAH TUZAĞI),0.0,6.296666666666667,,,,,,,
YYLGD,10.11,10.15,10.18,10.07,2383431.0,-0.1974333662389076,24096487.41,0.3284378847690244,1.0,2.953156822810582,-15.397489539748957,1.0923535253227352,2026-09-01,-1.48,-2.0,0.16,0.0,0,False,0.0,NÖTR REJİM,0.0,10.12,,,,,,,
AAGYO,12.44,12.5,12.55,12.37,1931004.0,-0.4800000000000039,24021689.76,0.2332345218989067,1.0,-2.7365129007036724,-31.156613171001663,1.4551333872271746,2026-09-01,-1.69,-2.0,0.36,0.0,0,False,0.0,🪤 DÜŞEN BIÇAK TUZAĞI,0.0,12.453333333333331,,,,,,,
THYAO,302.25,302.25,305.5,300.75,12372576.0,0.0,3739611096.0,0.2642639169296996,1.0,-3.125,1.682085786375105,1.5793848711554448,2026-09-01,-1.62,6.0,0.0,0.0,1,True,0.0,NÖTR REJİM,0.0,302.8333333333333,,,,,,,
SAFKR,17.4,17.96,17.99,17.07,1364402.0,-3.064066852367692,23740594.8,0.4015317158825299,1.0,-8.709338929695699,-25.321888412017177,5.389572349150546,2026-09-01,-1.32,-0.2,1.66,0.0,1,False,0.0,🚨 VWAP ALTI (SABAH TUZAĞI),0.0,17.486666666666668,,,,,,,
TKNSA,17.9,18.11,18.35,17.83,1313271.0,-0.5555555555555635,23507550.9,0.0834573554730617,1.0,12.72040302267001,-14.517669531996193,2.9164329781267706,2026-09-01,-2.0,-1.2,0.42,0.0,0,False,0.0,🚨 VWAP ALTI (SABAH TUZAĞI),0.0,18.026666666666667,,,,,,,
PSDTC,173.6,174.3,175.7,170.0,134546.0,-0.401606425702821,23357185.6,0.2252016413846387,1.0,23.207948899929026,38.99119295436349,3.3529411764705817,2026-09-01,-1.7,6.0,0.32,0.58,1,False,0.0,NÖTR REJİM,0.0,173.1,,,,,,,
PLTUR,20.08,20.44,20.44,19.94,1164618.0,0.0997008973080736,23210592.48,0.2007297885263003,1.0,-1.278269419862348,-16.956162117452443,2.507522567703109,2026-09-01,-1.76,-1.25,0.08,0.0,0,False,0.0,🚨 VWAP ALTI (SABAH TUZAĞI),0.0,20.15333333333333,,,,,,,
KUVVA,189.9,190.9,200.0,184.3,121388.0,1.0106382978723434,23051581.2,0.4425817389639865,1.0,17.222222222222225,21.73076923076924,8.518719479110139,2026-09-01,-1.23,6.0,0.73,0.0,1,True,0.0,🚨 VWAP ALTI (SABAH TUZAĞI),-55.4,191.4,,,,,,,
EKOS,5.22,5.33,5.33,5.2,4376324.0,-1.3232514177693817,22844411.28,0.36730911262951,1.0,-2.429906542056073,-36.26373626373626,2.499999999999998,2026-09-01,-1.39,-2.0,0.91,0.0,0,False,0.0,🚨 VWAP ALTI (SABAH TUZAĞI),0.0,5.25,,,,,,,
BLCYT,2.09,2.18,2.18,2.03,10844982.0,-90.3863845446182,22666012.38,2.728455849171204,1.0,-89.2378990731205,-95.26721014492752,970.935960591133,2026-09-01,3.8,-2.0,5.0,0.0,2,False,0.0,🚨 VWAP ALTI (SABAH TUZAĞI),0.0,2.1,,,,,,,
TATGD,17.8,17.69,18.02,17.66,1233766.0,-0.0561482313307019,21961034.8,0.4055474290072746,1.0,-6.266456029489193,-15.318744053282582,2.0385050962627376,2026-09-01,-1.31,-1.6,0.05,0.55,0,False,0.0,NÖTR REJİM,0.0,17.826666666666668,,,,,,,
REEDR,5.71,5.75,5.79,5.68,3831316.0,-0.6956521739130441,21876814.36,0.365870247823655,1.0,-10.361067503924648,-21.994535519125687,1.9366197183098648,2026-09-01,-1.4,-2.0,0.55,0.0,0,False,0.0,🚨 VWAP ALTI (SABAH TUZAĞI),0.0,5.726666666666667,,,,,,,
ANSGR,27.22,27.2,27.52,27.14,799629.0,0.0735294117647043,21765901.38,0.1713306839748073,1.0,0.8148148148148106,-4.491228070175443,1.4001473839351477,2026-09-01,-1.82,-1.55,0.07,0.09,0,True,0.0,🚨 VWAP ALTI (SABAH TUZAĞI),0.0,27.293333333333333,,,,,,,
DOCO,11225.0,11410.0,11422.5,11212.5,1929.0,-1.5350877192982455,21653025.0,0.4448185214223124,1.0,0.3576218149307107,12.418627941912868,1.872909698996656,2026-09-01,-1.22,6.0,1.07,0.0,2,True,0.0,🚨 VWAP ALTI (SABAH TUZAĞI),0.0,11286.666666666666,,,,,,,
EDIP,39.12,40.42,41.5,37.54,4078076.0,-2.831594634873325,159534333.11999995,2.2099697692824805,1.0,15.602836879432603,5.672609400324133,10.548748002131063,2026-09-01,2.66,6.0,0.33,0.0,2,True,0.0,🚨 VWAP ALTI (SABAH TUZAĞI),0.0,39.38666666666666,,,,,,,
QUICK,66.7,67.7,67.8,65.95,2300265.0,-1.4771048744460855,153063760.3,0.3069963358442729,1.0,-12.924281984334192,-12.924281984334192,2.8051554207733043,2026-09-01,-1.52,2.12,0.18,0.0,0,False,0.0,NÖTR REJİM,0.0,66.81666666666666,,,,,,,
ECILC,77.5,77.85,78.7,76.9,1956014.0,-0.3215434083601286,151591085.0,0.3379987599543235,1.0,15.844544095665164,-12.626832018038334,2.340702210663195,2026-09-01,-1.46,2.0,0.04,0.0,0,False,0.0,🚨 VWAP ALTI (SABAH TUZAĞI),0.0,77.7,,,,,,,
MOGAN,18.04,19.25,19.28,17.6,8206475.0,-5.450733752620541,148044809.0,0.5297975677127125,1.0,9.46601941747572,40.062111801242224,9.545454545454543,2026-09-01,-1.03,1.7,0.63,0.0,0,True,0.0,🚨 VWAP ALTI (SABAH TUZAĞI),0.0,18.30666666666667,,,,,,,
OBAMS,5.69,5.79,5.83,5.59,25510987.0,-2.4013722126929617,145157516.03,0.3928173053500105,1.0,19.78947368421053,-29.66625463535228,4.293381037567088,2026-09-01,-1.34,-1.9,0.31,0.0,0,False,0.0,🚨 VWAP ALTI (SABAH TUZAĞI),0.0,5.703333333333334,,,,,,,
YEOTK,33.28,34.32,34.4,33.16,4340246.0,-2.9171528588098017,144443386.88,0.2292270616911657,1.0,-15.145334013258536,-37.14972536777428,3.739445114595905,2026-09-01,-1.7,0.6,0.37,0.0,0,False,0.0,🚨 VWAP ALTI (SABAH TUZAĞI),0.0,33.61333333333334,,,,,,,
MCARD,155.0,157.8,161.2,153.1,925725.0,-1.7743979721166103,143487375.0,0.2737609075190719,1.0,20.904836193447743,-26.88679245283019,5.290659699542779,2026-09-01,-1.6,6.0,0.23,0.0,1,False,0.0,🚨 VWAP ALTI (SABAH TUZAĞI),0.0,156.4333333333333,,,,,,,
KBORU,19.71,21.04,21.54,19.5,7261422.0,-8.834412580943571,143122627.62,0.4725740926235907,1.0,-23.6046511627907,-21.16,10.871794871794878,2026-09-01,-1.16,2.6,0.96,0.0,1,False,0.0,🚨 VWAP ALTI (SABAH TUZAĞI),0.0,20.25,,,,,,,
BALSU,9.62,9.9,9.93,9.57,14300914.0,-3.2193158953722363,137574792.67999998,0.2302210502898797,1.0,-36.95937090432504,-32.25352112676057,3.866248693834892,2026-09-01,-1.69,-1.6,0.42,0.0,0,False,0.0,🚨 VWAP ALTI (SABAH TUZAĞI),0.0,9.706666666666669,,,,,,,
OYAKC,22.38,22.46,22.76,22.38,5961822.0,-0.4448398576512518,133425576.36,0.2318595248056999,1.0,6.571428571428566,6.571428571428566,1.697944593386964,2026-09-01,-1.69,-1.55,0.07,0.0,0,True,0.0,🚨 VWAP ALTI (SABAH TUZAĞI),0.0,22.506666666666664,,,,,,,
ALARK,107.2,108.3,110.0,107.0,1241241.0,-1.0156971375807888,133061035.2,0.1608902719222797,1.0,5.8242843040473895,8.832487309644673,2.803738317757009,2026-09-01,-1.85,5.0,0.15,0.0,0,True,0.0,🚨 VWAP ALTI (SABAH TUZAĞI),0.0,108.06666666666666,,,,,,,
HATSN,72.9,75.0,78.7,72.9,1811048.0,-9.999999999999991,132025399.2,0.1582761456107889,1.0,24.72198460222413,23.55932203389831,11.111111111111102,2026-09-01,-1.85,6.0,1.13,0.0,2,False,0.0,🚨 VWAP ALTI (SABAH TUZAĞI),0.0,74.83333333333334,,,,,,,
EMPAE,64.1,65.8,66.85,63.4,2050174.0,-2.286585365853659,131416153.4,0.2077092179960811,1.0,30.923202614379072,-31.14930182599356,5.441640378548889,2026-09-01,-1.74,6.0,0.32,0.0,1,False,0.0,🚨 VWAP ALTI (SABAH TUZAĞI),0.0,64.78333333333333,,,,,,,
FENER,3.13,3.13,3.15,3.11,41479501.0,0.0,129830838.13,0.2138786527025532,1.0,5.387205387205377,-28.70159453302961,1.2861736334405156,2026-09-01,-1.73,-2.0,0.0,0.0,0,False,0.0,🪤 DÜŞEN BIÇAK TUZAĞI,0.0,3.1300000000000003,,,,,,,
BAHKM,160.8,161.2,168.5,158.0,793568.0,-0.248138957816363,127605734.4,0.4779074805834729,1.0,35.12605042016808,36.50254668930392,6.6455696202531644,2026-09-01,-1.15,6.0,0.04,0.0,1,False,0.0,🚨 VWAP ALTI (SABAH TUZAĞI),0.0,162.43333333333334,,,,,,,
ORZAX,88.15,88.85,89.3,87.0,1432975.0,-0.6760563380281627,126316746.25,0.1934227817947787,1.0,-13.408644400785846,16.13965744400527,2.643678160919537,2026-09-01,-1.77,3.25,0.1,0.0,0,True,0.0,NÖTR REJİM,0.0,88.15000000000002,,,,,,,
MIATK,27.5,28.28,29.16,27.34,4534894.0,-2.6893135173390004,124709585.0,0.4067949640961194,1.0,-11.060802069857704,-50.93666369313113,6.656912948061449,2026-09-01,-1.31,2.05,0.39,0.0,0,False,0.0,🚨 VWAP ALTI (SABAH TUZAĞI),0.0,28.0,,,,,,,
CIMSA,44.78,44.86,45.28,44.7,2778984.0,0.223813786929278,124442903.52,0.3098032974074267,1.0,-3.115534400692336,-16.843082636954502,1.342281879194634,2026-09-01,-1.52,-1.05,0.04,0.0,0,False,0.0,🚨 VWAP ALTI (SABAH TUZAĞI),-22.7,44.92,,,,,,,
NETCD,123.2,121.5,125.0,121.1,988234.0,1.5663643858202851,121750428.8,0.2757586310430695,1.0,1.4827018121911013,-32.30769230769231,3.2204789430223006,2026-09-01,-1.59,6.0,0.24,0.95,1,False,0.0,🪤 DÜŞEN BIÇAK TUZAĞI,0.0,123.1,,,,,,,
MEGMT,45.06,44.26,45.22,43.92,2693337.0,1.8075011296882155,121361765.22,0.2331937419600758,1.0,-37.067039106145245,-40.94364351245085,2.9599271402550027,2026-09-01,-1.69,0.75,0.28,2.77,1,False,0.0,🪤 DÜŞEN BIÇAK TUZAĞI,0.0,44.73333333333333,,,,,,,
ATATP,299.0,298.0,305.25,293.0,398892.0,-0.0835421888053467,119268708.0,0.2239775310487992,1.0,31.37082601054482,26.37362637362638,4.180887372013652,2026-09-01,-1.71,6.0,0.01,0.15,1,False,0.0,NÖTR REJİM,-45.2,299.0833333333333,,,,,,,
SVGYO,18.09,18.06,18.45,17.94,6485278.0,0.1661129568106375,117318679.02,0.1374806817978718,1.0,39.15384615384615,-7.515337423312878,2.842809364548484,2026-09-01,-1.9,-1.23,0.03,0.11,0,False,0.0,🚨 VWAP ALTI (SABAH TUZAĞI),-21.7,18.16,,,,,,,
HEDEF,75.85,77.05,80.5,75.85,1507777.0,-9.970326409495556,114364885.45,0.1334679469906232,1.0,-73.10283687943263,-27.067307692307697,11.07448912326962,2026-09-01,-1.91,6.0,1.25,0.0,2,False,0.0,🚨 VWAP ALTI (SABAH TUZAĞI),0.0,77.39999999999999,,,,,,,
MPARK,412.0,418.75,422.25,411.75,266163.0,-2.137767220902613,109509188.0,0.5248249244203852,1.0,2.935665209244222,-11.20689655172414,2.550091074681238,2026-09-01,-1.05,6.0,0.36,0.0,1,False,0.0,🚨 VWAP ALTI (SABAH TUZAĞI),0.0,415.3333333333333,,,,,,,
BINHO,9.9,9.9,10.07,9.8,10718767.0,1.6427104722792625,106115793.3,0.2867655782660216,1.0,4.872881355932213,4.430379746835442,3.3673469387755106,2026-09-01,-1.57,-1.83,0.29,0.0,0,True,0.0,🚨 VWAP ALTI (SABAH TUZAĞI),-21.7,9.923333333333334,,,,,,,
VEYAS,135.0,136.1,136.2,134.0,776344.0,-0.7352941176470588,104806440.0,1.0,1.0,-0.7352941176470589,-0.7352941176470589,1.6417910447761108,2026-09-01,0.0,3.0,0.14,0.0,0,True,0.0,NÖTR REJİM,0.0,135.06666666666666,,,,,,,
PSGYO,3.19,3.21,3.26,3.18,32066672.0,-0.6230529595015583,102292683.68,0.2655392109923322,1.0,-10.140845070422532,0.0,2.51572327044024,2026-09-01,-1.62,-2.0,0.12,0.0,0,True,0.0,🚨 VWAP ALTI (SABAH TUZAĞI),0.0,3.2099999999999995,,,,,,,
AKSEN,78.3,80.0,80.1,77.85,3609483.0,-1.3853904282115974,282622518.9,0.468729200003205,1.0,-19.27835051546392,-1.447451227186917,2.8901734104046244,2026-09-01,-1.17,3.12,0.1,0.0,0,True,0.0,🚨 VWAP ALTI (SABAH TUZAĞI),0.0,78.75,,,,,,,
BETAE,87.7,89.25,90.0,87.5,3198949.0,-1.7366946778711454,280547827.3,0.2163671969086715,1.0,9.762202753441798,99.3181818181818,2.857142857142857,2026-09-01,-1.72,3.75,0.12,0.0,0,True,0.0,🚨 VWAP ALTI (SABAH TUZAĞI),0.0,88.39999999999999,,,,,,,
AYGAZ,338.25,335.0,346.5,334.5,811189.0,0.9701492537313432,274384679.25,0.7128005674363119,1.0,29.349904397705544,37.054294975688805,3.587443946188341,2026-09-01,-0.63,6.0,0.07,0.49,1,False,0.0,🚨 VWAP ALTI (SABAH TUZAĞI),-60.7,339.75,,,,,,,
TCKRC,146.1,139.9,147.3,139.4,1777484.0,-1.016260162601626,259690412.4,0.6941626275020296,1.0,3.617021276595741,-6.346153846153849,5.882352941176462,2026-09-01,-0.67,6.0,0.08,2.94,2,True,0.0,NÖTR REJİM,0.0,144.26666666666668,,,,,,,
BRLSM,22.94,24.44,25.2,22.42,10981028.0,-6.290849673202612,251904782.32,0.6324249813623426,1.0,50.921052631578966,10.28846153846154,12.39964317573594,2026-09-01,-0.81,4.45,0.45,0.0,0,False,0.0,🚨 VWAP ALTI (SABAH TUZAĞI),0.0,23.52,,,,,,,
GIPTA,76.4,79.9,80.45,76.4,3119805.0,-9.958750736593975,238353102.00000003,0.3089091430434674,1.0,31.046312178387662,-1.7994858611825084,11.060209424083752,2026-09-01,-1.52,6.0,0.7,0.0,1,False,0.0,🚨 VWAP ALTI (SABAH TUZAĞI),0.0,77.75000000000001,,,,,,,
SKBNK,6.24,6.26,6.28,6.2,37492422.0,0.0,233952713.28,0.2513044244951113,1.0,-10.473457675753222,-52.905660377358494,1.2903225806451624,2026-09-01,-1.65,-2.0,0.0,0.0,0,False,0.0,🪤 DÜŞEN BIÇAK TUZAĞI,0.0,6.239999999999999,,,,,,,
BTCIM,4.09,4.09,4.13,3.83,56666294.0,0.0,231765142.46,0.6656346700675935,1.0,-16.53061224489797,-35.99374021909233,7.832898172323755,2026-09-01,-0.74,-1.75,0.0,1.61,1,False,0.0,🪤 DÜŞEN BIÇAK TUZAĞI,0.0,4.016666666666667,,,,,,,
ATATR,13.93,14.14,14.51,13.9,16279435.0,-2.7913468248429893,226772529.55,0.4752778063077626,1.0,-0.4288777698356004,-23.03867403314917,4.388489208633089,2026-09-01,-1.15,-0.98,0.23,0.0,0,False,0.0,🚨 VWAP ALTI (SABAH TUZAĞI),0.0,14.113333333333337,,,,,,,
VESTL,23.0,23.44,24.0,22.54,9536520.0,0.1742160278745607,219339960.0,0.9636938732612178,1.0,-0.8620689655172383,-14.62509279881218,6.477373558118904,2026-09-01,-0.08,1.15,0.02,0.0,0,False,0.0,🚨 VWAP ALTI (SABAH TUZAĞI),-35.8,23.18,,,,,,,
MANAS,33.08,33.08,34.06,32.94,6507447.0,-0.0604229607250849,215266346.76,0.2344620812367733,1.0,21.707137601177333,24.360902255639083,3.400121432908332,2026-09-01,-1.68,0.3,0.01,0.0,0,True,0.0,🚨 VWAP ALTI (SABAH TUZAĞI),0.0,33.36,,,,,,,
PEKGY,14.18,14.18,14.18,14.18,14589291.0,-9.96825396825397,206876146.38,0.0917502559874789,1.0,-3.537414965986392,9.41358024691357,11.071932299012696,2026-09-01,-2.0,-2.0,0.79,0.0,0,True,0.0,NÖTR REJİM,0.0,14.18,,,,,,,
KRDMB,132.4,135.5,136.4,130.7,1544144.0,-1.0463378176382705,204444665.6,0.6532267640797468,1.0,-0.0754716981132032,22.592592592592595,4.361132364192821,2026-09-01,-0.76,6.0,0.1,0.0,1,True,0.0,🚨 VWAP ALTI (SABAH TUZAĞI),0.0,133.16666666666666,,,,,,,
CVKMD,16.72,16.76,16.88,16.49,11891354.0,-0.2386634844868896,198823438.88,0.3053422393277488,1.0,16.410793236679943,-5.929137058087621,2.365069739235904,2026-09-01,-1.53,-1.52,0.02,0.39,0,True,0.0,NÖTR REJİM,0.0,16.696666666666665,,,,,,,
CEMZY,15.01,15.0,15.19,14.71,12326903.0,-2.910737386804664,185026814.03,0.1078659693452705,1.0,23.03278688524591,15.46153846153846,5.098572399728075,2026-09-01,-1.96,-1.3,0.29,0.59,0,False,0.0,NÖTR REJİM,0.0,14.97,,,,,,,
GRTHO,198.1,203.2,217.7,198.1,927037.0,-9.995456610631532,183646029.7,1.0387573238152448,1.0,-20.120967741935488,-8.28703703703704,11.10550227158001,2026-09-01,0.09,6.0,0.87,0.0,1,True,0.0,🚨 VWAP ALTI (SABAH TUZAĞI),0.0,204.63333333333333,,,,,,,
KOCMT,4.18,4.64,4.64,4.18,41359705.0,-9.913793103448276,172883566.89999998,0.7269480382237489,1.0,-21.86915887850468,58.33333333333332,11.004784688995215,2026-09-01,-0.6,-1.35,0.91,0.0,0,True,0.0,🚨 VWAP ALTI (SABAH TUZAĞI),0.0,4.333333333333333,,,,,,,
RGYAS,212.4,214.9,215.0,211.2,792489.0,-1.392757660167131,168324663.6,0.3277732295595088,1.0,5.671641791044778,8.644501278772381,1.988636363636372,2026-09-01,-1.48,6.0,0.16,0.0,1,True,0.0,🚨 VWAP ALTI (SABAH TUZAĞI),0.0,212.86666666666667,,,,,,,
ARDYZ,83.2,86.5,87.75,83.0,2011266.0,-3.8150289017341006,167337331.20000002,0.3765343312613454,1.0,21.459854014598545,14.758620689655176,5.72289156626506,2026-09-01,-1.37,6.0,0.41,0.0,1,True,0.0,🚨 VWAP ALTI (SABAH TUZAĞI),0.0,84.64999999999999,,,,,,,
TSPOR,1.06,1.05,1.06,1.03,156281766.0,-2.752293577981653,165654618.52,0.2822434235661819,1.0,13.978494623655914,10.416666666666677,5.825242718446607,2026-09-01,-1.58,-2.0,0.31,2.8,1,True,0.0,NÖTR REJİM,0.0,1.05,,,,,,,
INFO,5.51,5.4,5.76,5.39,29663902.0,-6.610169491525434,163448100.01999998,0.6473195247661304,1.0,-6.610169491525433,41.282051282051285,9.46196660482376,2026-09-01,-0.78,-1.57,0.68,0.54,0,True,0.0,🚨 VWAP ALTI (SABAH TUZAĞI),0.0,5.553333333333332,,,,,,,
TMPOL,405.25,412.75,422.0,403.75,400803.0,-4.590935844614479,162425415.75,0.2189479096339691,1.0,-5.038078500292912,37.84013605442177,5.201238390092879,2026-09-01,-1.72,6.0,0.5,0.0,1,True,0.0,🚨 VWAP ALTI (SABAH TUZAĞI),0.0,410.3333333333333,,,,,,,
IZFAS,58.15,58.0,59.0,56.25,1747527.0,-0.5132591958939338,101618695.05,0.2800631171580233,1.0,-10.400616332819732,-13.724035608308617,4.888888888888889,2026-09-01,-1.58,4.38,0.1,0.94,0,False,0.0,NÖTR REJİM,0.0,57.8,,,,,,,
HOROZ,59.7,58.45,62.2,58.4,1698313.0,2.2260273972602813,101389286.1,0.6810317019975974,1.0,8.446866485013635,-16.44506648005598,6.506849315068501,2026-09-01,-0.7,6.0,0.4,0.59,1,False,0.0,🚨 VWAP ALTI (SABAH TUZAĞI),-67.3,60.1,,,,,,,
GENIL,11.4,11.42,11.49,11.25,8680900.0,-0.1751313485113798,98962260.0,0.1875205253472767,1.0,25.550660792951543,31.034482758620705,2.133333333333335,2026-09-01,-1.79,-1.9,0.04,0.55,0,False,0.0,NÖTR REJİM,0.0,11.38,,,,,,,
BYDNR,38.12,38.4,38.72,37.4,627918.0,-0.7291666666666696,23936234.16,0.970269561558586,1.0,0.3157894736842038,-10.34807149576671,3.529411764705883,2026-09-01,-0.07,0.8,0.53,0.2,0,False,0.0,NÖTR REJİM,0.0,38.080000000000005,,,,,,,
ALTNY,17.42,17.73,17.73,17.38,5649472.0,-1.8038331454340293,98413802.24,0.1526802830191639,1.0,13.263979193758132,0.2301495972382203,2.071346375143841,2026-09-01,-1.86,-1.62,0.34,0.0,0,True,0.0,🚨 VWAP ALTI (SABAH TUZAĞI),0.0,17.51,,,,,,,
GUNDG,1558.0,1684.0,1697.0,1500.0,61925.0,-6.482593037214886,96479150.0,0.2260230348223296,1.0,-9.785755645628257,37.876106194690266,13.133333333333333,2026-09-01,-1.7,6.0,1.03,0.0,2,True,0.0,🚨 VWAP ALTI (SABAH TUZAĞI),0.0,1585.0,,,,,,,
AGHOL,32.04,32.02,32.64,31.88,2858499.0,0.1249999999999973,91586307.96,0.5611115355463953,1.0,-10.85141903171953,-8.40480274442538,2.3839397741530792,2026-09-01,-0.97,-0.6,0.03,0.05,0,True,0.0,🚨 VWAP ALTI (SABAH TUZAĞI),0.0,32.18666666666667,,,,,,,
MAGEN,34.0,34.9,35.2,33.4,2805972.0,-2.18642117376294,95403048.0,0.1588399113770872,1.0,-10.807974816369354,-46.624803767660914,5.38922155688624,2026-09-01,-1.85,2.0,0.41,0.0,0,False,0.0,🚨 VWAP ALTI (SABAH TUZAĞI),0.0,34.2,,,,,,,
IZENR,7.52,7.6,7.65,7.37,11333492.0,-1.0526315789473697,85227859.83999999,0.3870979279789613,1.0,-14.545454545454556,-34.72222222222222,3.79918588873813,2026-09-01,-1.35,-1.8,0.23,0.16,0,False,0.0,🪤 DÜŞEN BIÇAK TUZAĞI,0.0,7.513333333333333,,,,,,,
DAPGM,7.87,8.08,8.11,7.8,10682338.0,-2.9593094944512863,84070000.06,0.1155352768851036,1.0,-10.466439135381105,-22.767419038272813,3.9743589743589696,2026-09-01,-1.95,-1.73,0.6,0.0,0,False,0.0,🚨 VWAP ALTI (SABAH TUZAĞI),0.0,7.926666666666667,,,,,,,
ALVES,1.39,1.37,1.42,1.37,60357495.0,-3.472222222222225,83896918.05,0.4325024595961715,1.0,-39.03508771929824,-54.276315789473685,5.109489051094879,2026-09-01,-1.25,-2.0,0.69,0.72,0,False,0.0,🚨 VWAP ALTI (SABAH TUZAĞI),0.0,1.393333333333333,,,,,,,
CCOLA,75.75,75.9,76.8,75.45,1143157.0,0.7313829787234004,86594142.75,0.1732709292009148,1.0,-16.019955654102,-11.299765807962537,2.120609675281636,2026-09-01,-1.82,0.87,0.16,0.0,0,False,0.0,🚨 VWAP ALTI (SABAH TUZAĞI),-21.9,76.0,,,,,,,
ARCLK,90.85,90.8,92.05,90.6,917020.0,0.2206287920573509,83311267.0,0.5203430103484719,1.0,-6.436663233779609,-14.854732895970017,1.600441501103756,2026-09-01,-1.06,1.13,0.05,0.06,0,False,0.0,🚨 VWAP ALTI (SABAH TUZAĞI),-31.3,91.16666666666669,,,,,,,
EKIM,19.04,18.91,19.55,18.91,4214916.0,1.0079575596816854,80252000.64,0.1751592991292531,1.0,-0.7299270072992731,-33.2398316970547,3.7017451084082458,2026-09-01,-1.81,-0.9,0.24,0.37,0,False,0.0,🚨 VWAP ALTI (SABAH TUZAĞI),0.0,19.166666666666668,,,,,,,
BLUME,41.32,42.0,42.5,40.3,1923326.0,-1.337153772683864,79471830.32000001,0.5215511072228739,1.0,29.855436832181017,11.978319783197836,5.459057071960305,2026-09-01,-1.05,3.0,0.31,0.0,0,False,0.0,NÖTR REJİM,0.0,41.373333333333335,,,,,,,
SOKM,55.55,55.45,56.7,55.25,1424696.0,0.2707581227436797,79141862.8,0.2444816902399879,1.0,5.608365019011398,12.586137008512347,2.624434389140277,2026-09-01,-1.66,1.13,0.07,0.12,0,True,0.0,🚨 VWAP ALTI (SABAH TUZAĞI),-29.3,55.833333333333336,,,,,,,
ISKPL,8.24,8.18,8.38,8.11,9424050.0,0.6105006105006192,77654172.0,0.1681712452722697,1.0,7.012987012987013,-46.35416666666666,3.329223181257724,2026-09-01,-1.83,-1.82,0.15,0.4,0,False,0.0,🪤 DÜŞEN BIÇAK TUZAĞI,0.0,8.243333333333334,,,,,,,
TABGD,234.0,235.8,239.3,232.7,315070.0,-0.763358778625959,73726380.0,0.5707232572761464,1.0,-1.4736842105263157,-16.2041181736795,2.8362698753760305,2026-09-01,-0.94,6.0,0.2,0.0,1,False,0.0,🚨 VWAP ALTI (SABAH TUZAĞI),0.0,235.33333333333337,,,,,,,
ISVEA,83.15,84.6,88.65,82.55,883984.0,-4.31530494821634,73503269.60000001,0.1485281650958744,1.0,91.5898617511521,261.83637946040034,7.3894609327680305,2026-09-01,-1.87,6.0,0.92,0.0,2,False,0.0,🚨 VWAP ALTI (SABAH TUZAĞI),0.0,84.78333333333333,,,,,,,
TGSAS,217.0,228.0,233.9,215.1,385685.0,-6.546080964685612,83693645.0,0.3138515130843413,1.0,25.651418645049223,25.43352601156069,8.740120874012092,2026-09-01,-1.51,6.0,1.16,0.0,2,False,0.0,🚨 VWAP ALTI (SABAH TUZAĞI),0.0,222.0,,,,,,,
SDTTR,21.82,22.3,22.3,21.68,3284644.0,-2.1524663677130063,71670932.08,0.2546256675843416,1.0,7.295592320178824,-15.187194339137797,2.8597785977859824,2026-09-01,-1.64,-0.95,0.53,0.0,0,False,0.0,🚨 VWAP ALTI (SABAH TUZAĞI),0.0,21.933333333333337,,,,,,,
PRZMA,88.4,89.3,90.5,87.0,809532.0,-2.857142857142851,71562628.80000001,0.1276001160665935,1.0,26.738351254480293,73.16356513222333,4.597701149425287,2026-09-01,-1.92,6.0,0.67,0.0,1,False,0.0,🚨 VWAP ALTI (SABAH TUZAĞI),0.0,88.63333333333333,,,,,,,
IZMDC,11.67,12.5,12.5,11.6,6024967.0,-7.085987261146501,70311364.89,0.6779359098047035,1.0,4.3828264758497335,48.85204081632653,8.275862068965525,2026-09-01,-0.71,-0.25,1.39,0.0,1,True,0.0,🚨 VWAP ALTI (SABAH TUZAĞI),0.0,11.923333333333332,,,,,,,
OZATD,4812.5,4827.5,4885.0,4810.0,14538.0,-0.4653567735263702,69964125.0,0.0206884509689546,1.0,26.97889182058048,243.25962910128388,1.5592515592515592,2026-09-01,-2.0,6.0,0.13,0.0,1,False,0.0,🚨 VWAP ALTI (SABAH TUZAĞI),0.0,4835.833333333333,,,,,,,
SOHOE,10.72,10.63,10.94,10.56,6373991.0,0.9416195856873958,68329183.52000001,0.2347981830882785,1.0,0.2806361085126392,-34.030769230769224,3.598484848484839,2026-09-01,-1.68,-1.55,0.26,0.43,0,False,0.0,🪤 DÜŞEN BIÇAK TUZAĞI,0.0,10.74,,,,,,,
TSKB,10.98,10.95,11.09,10.95,6219885.0,0.4574565416285518,68294337.3,0.3645462873535787,1.0,-0.1818181818181779,-6.073567151411456,1.4611872146118736,2026-09-01,-1.4,-2.0,0.13,0.39,0,True,0.0,🚨 VWAP ALTI (SABAH TUZAĞI),-28.8,11.006666666666666,,,,,,,
ALBRK,8.61,8.68,8.75,8.55,7333100.0,-0.8064516129032291,63137990.99999999,0.5104905882009161,1.0,7.624999999999993,5.000000000000002,2.339181286549699,2026-09-01,-1.08,-2.0,0.24,0.0,0,True,0.0,🚨 VWAP ALTI (SABAH TUZAĞI),0.0,8.636666666666667,,,,,,,
TRGYO,94.75,96.4,96.45,94.5,662155.0,-1.8134715025906727,62738712.5,0.3778668359948364,1.0,1.7722878625134326,0.8515167642362929,2.1164021164021163,2026-09-01,-1.37,2.38,0.51,0.0,0,True,0.0,🚨 VWAP ALTI (SABAH TUZAĞI),0.0,95.23333333333332,,,,,,,
ISMEN,33.26,33.22,33.9,33.04,1841392.0,0.1204093919325681,61244697.92,0.26901409732617,1.0,-3.032069970845479,-13.20459290187892,2.6029055690072624,2026-09-01,-1.61,-0.35,0.04,0.08,0,False,0.0,🚨 VWAP ALTI (SABAH TUZAĞI),0.0,33.4,,,,,,,
PATEK,20.26,20.7,20.78,20.18,2900762.0,-2.2200772200772074,58769438.120000005,0.1379847829065362,1.0,7.765957446808515,-22.07692307692308,2.97324083250744,2026-09-01,-1.9,-1.0,0.64,0.0,0,False,0.0,🚨 VWAP ALTI (SABAH TUZAĞI),0.0,20.406666666666663,,,,,,,
ICUGS,4.34,4.74,4.74,4.28,13236836.0,-8.631578947368423,57447868.24,1.465593939440979,1.0,-24.65277777777778,-24.65277777777778,10.981308411214949,2026-09-01,1.02,-1.35,1.83,0.0,2,False,0.0,🚨 VWAP ALTI (SABAH TUZAĞI),0.0,4.453333333333333,,,,,,,
FORTE,112.1,113.9,114.3,111.5,483538.0,-1.7528483786152498,54204609.8,0.1860188451711206,1.0,6.7619047619047565,13.807106598984769,2.511210762331836,2026-09-01,-1.79,4.5,0.56,0.0,0,True,0.0,🚨 VWAP ALTI (SABAH TUZAĞI),0.0,112.63333333333333,,,,,,,
GENKM,9.71,9.93,10.35,9.66,5570574.0,-2.116935483870958,54090273.54000001,0.5196025321493325,1.0,-6.724303554274729,-33.67486338797814,7.142857142857137,2026-09-01,-1.06,-0.78,0.66,0.0,0,False,0.0,🚨 VWAP ALTI (SABAH TUZAĞI),0.0,9.906666666666666,,,,,,,
UCAYM,23.12,24.14,24.18,23.02,2315445.0,-4.225352112676054,53533088.400000006,0.3448640355951629,1.0,-9.262166405023546,-35.41899441340781,5.039096437880105,2026-09-01,-1.44,0.4,1.16,0.0,1,False,0.0,🚨 VWAP ALTI (SABAH TUZAĞI),0.0,23.44,,,,,,,
KCAER,15.83,16.0,16.03,15.82,3279616.0,-0.4402515723270458,51916321.28,0.2123392304273612,1.0,7.176709546377797,16.912850812407687,1.3274336283185897,2026-09-01,-1.73,-1.97,0.16,0.0,0,True,0.0,🚨 VWAP ALTI (SABAH TUZAĞI),0.0,15.893333333333333,,,,,,,
RALYH,268.0,270.0,271.25,267.0,267824.0,-1.19815668202765,71776832.0,0.1152716666242719,1.0,14.285714285714286,25.76255279211638,1.591760299625468,2026-09-01,-1.95,6.0,0.31,0.0,1,True,0.0,🚨 VWAP ALTI (SABAH TUZAĞI),0.0,268.75,,,,,,,
SAYAS,56.85,58.2,58.2,56.25,881990.0,-1.8134715025906685,50141131.5,0.2686915475017312,1.0,25.94151528577758,-6.803278688524588,3.466666666666672,2026-09-01,-1.61,2.38,0.62,0.0,0,False,0.0,🚨 VWAP ALTI (SABAH TUZAĞI),0.0,57.1,,,,,,,
FZLGY,9.07,9.42,9.48,9.04,5495153.0,-3.613177470775769,49841037.71,0.291222797229173,1.0,-18.288288288288285,-38.84018880647336,4.867256637168156,2026-09-01,-1.56,-1.4,1.09,0.0,1,False,0.0,🚨 VWAP ALTI (SABAH TUZAĞI),0.0,9.196666666666667,,,,,,,
KATMR,2.04,2.07,2.07,2.03,24139708.0,-0.4878048780487701,49245004.32,0.2912236288671932,1.0,-8.108108108108114,-30.847457627118647,1.9704433497536968,2026-09-01,-1.56,-2.0,0.19,0.0,0,False,0.0,🚨 VWAP ALTI (SABAH TUZAĞI),0.0,2.0466666666666664,,,,,,,
ADEL,33.0,34.1,34.14,32.52,1482596.0,-3.2258064516129075,48925668.0,0.1989015762958908,1.0,15.952213633169356,-0.1210653753026608,4.981549815498147,2026-09-01,-1.76,1.55,1.01,0.0,1,True,0.0,🚨 VWAP ALTI (SABAH TUZAĞI),0.0,33.22,,,,,,,
GZNMI,54.75,58.4,58.4,54.3,885812.0,-4.782608695652174,48498207.0,0.4124463810671706,1.0,-11.906677393403056,-27.0,7.550644567219155,2026-09-01,-1.29,6.0,1.37,0.0,2,False,0.0,🚨 VWAP ALTI (SABAH TUZAĞI),0.0,55.81666666666666,,,,,,,
ESCOM,5.48,5.46,5.58,5.43,8618961.0,0.1828153564899575,47231906.28,0.3862191335007499,1.0,5.996131528046432,-0.3636363636363559,2.762430939226526,2026-09-01,-1.35,-2.0,0.08,0.24,0,True,0.0,🚨 VWAP ALTI (SABAH TUZAĞI),0.0,5.496666666666667,,,,,,,
GRSEL,296.0,310.0,310.0,295.75,159176.0,-1.3333333333333337,47116096.0,0.4481045164316156,1.0,-18.45730027548209,-7.644305772230889,4.818258664412511,2026-09-01,-1.21,6.0,0.5,0.0,1,True,0.0,🚨 VWAP ALTI (SABAH TUZAĞI),0.0,300.5833333333333,,,,,,,
AKSA,10.77,10.82,10.88,10.72,4338884.0,0.0,46729780.68,0.2281554292495022,1.0,-13.145161290322587,-0.919963201471938,1.492537313432837,2026-09-01,-1.7,-2.0,0.0,0.0,0,True,0.0,NÖTR REJİM,0.0,10.79,,,,,,,
PNSUT,11.33,11.82,12.02,11.26,4092736.0,-3.901611535199314,46370698.88,0.8082389686876952,1.0,6.484962406015032,-17.6,6.749555950266427,2026-09-01,-0.42,-0.6,1.22,0.0,1,False,0.0,🚨 VWAP ALTI (SABAH TUZAĞI),0.0,11.536666666666669,,,,,,,
TATEN,8.32,8.5,8.51,8.28,5572147.0,-1.1876484560570029,46360263.04,0.1295366151864651,1.0,-32.957292506043515,-47.00636942675159,2.777777777777783,2026-09-01,-1.92,-1.92,0.46,0.0,0,False,0.0,🚨 VWAP ALTI (SABAH TUZAĞI),0.0,8.37,,,,,,,
SURGY,31.38,31.4,32.04,31.2,1443581.0,-0.0636942675159222,45299571.78,0.1851361493849342,1.0,-53.78497790868926,-53.30357142857144,2.692307692307692,2026-09-01,-1.79,-0.4,0.03,0.0,0,False,0.0,🚨 VWAP ALTI (SABAH TUZAĞI),0.0,31.54,,,,,,,
QUAGR,3.1,3.18,3.21,3.08,14528540.0,-2.5157232704402537,45038474.0,0.283248433706858,1.0,-8.01186943620178,-27.40046838407493,4.220779220779217,2026-09-01,-1.58,-2.0,0.89,0.0,0,False,0.0,🚨 VWAP ALTI (SABAH TUZAĞI),0.0,3.1300000000000003,,,,,,,
ZOREN,2.31,2.32,2.39,2.3,19479361.0,-0.4310344827586115,44997323.91,0.4798542556976229,1.0,-2.1186440677966027,-25.96153846153846,3.913043478260883,2026-09-01,-1.14,-2.0,0.18,0.0,0,False,0.0,🚨 VWAP ALTI (SABAH TUZAĞI),0.0,2.333333333333333,,,,,,,
OZSUB,42.82,42.96,43.4,41.72,1036284.0,-1.336405529953913,44373680.88,0.2993735332261508,1.0,32.07896360271437,39.02597402597402,4.026845637583892,2026-09-01,-1.54,1.7,0.53,0.68,0,False,0.0,NÖTR REJİM,0.0,42.64666666666667,,,,,,,
AGESA,261.75,259.75,266.75,259.75,168347.0,0.1913875598086124,44064827.25,0.615353067627173,1.0,10.025220680958384,9.518828451882843,2.694898941289701,2026-09-01,-0.85,6.0,0.09,0.51,1,True,0.0,🚨 VWAP ALTI (SABAH TUZAĞI),0.0,262.75,,,,,,,
MEYSU,11.9,12.15,12.38,11.89,3631719.0,-0.8333333333333304,43217456.1,0.2264319488826735,1.0,5.77777777777778,-35.43136190992946,4.121110176619009,2026-09-01,-1.7,-1.27,0.35,0.0,0,False,0.0,🚨 VWAP ALTI (SABAH TUZAĞI),0.0,12.056666666666665,,,,,,,
INDES,11.75,11.9,12.09,11.68,3617898.0,-1.010951979780954,42510301.5,0.3563588273269483,1.0,19.16835699797161,-6.671961874503573,3.510273972602741,2026-09-01,-1.42,-1.47,0.43,0.0,0,True,0.0,🚨 VWAP ALTI (SABAH TUZAĞI),0.0,11.839999999999998,,,,,,,
DOAS,163.4,164.1,165.4,163.1,256997.0,-0.2442002442002476,41993309.8,0.2813064945561632,1.0,-10.7103825136612,-14.80709071949948,1.4101778050275977,2026-09-01,-1.58,3.25,0.11,0.0,0,False,0.0,🚨 VWAP ALTI (SABAH TUZAĞI),0.0,163.96666666666667,,,,,,,
ISDMR,52.9,53.3,54.0,52.6,785971.0,-0.7504690431519674,41577865.9,0.4944089468927327,1.0,-3.905540417801996,-13.278688524590166,2.6615969581749024,2026-09-01,-1.11,1.0,0.33,0.0,0,False,0.0,🚨 VWAP ALTI (SABAH TUZAĞI),0.0,53.16666666666666,,,,,,,
GSRAY,1.08,1.08,1.09,1.07,37878403.0,-0.9174311926605512,40908675.24,0.1004228035544566,1.0,10.20408163265307,0.0,1.8691588785046744,2026-09-01,-1.98,-2.0,0.4,0.0,0,True,0.0,NÖTR REJİM,0.0,1.08,,,,,,,
KLYPV,61.85,61.5,62.55,61.4,657984.0,-0.5627009646302273,40696310.4,0.1708181860474389,1.0,6.637931034482761,-6.992481203007517,1.8729641693811048,2026-09-01,-1.82,0.37,0.26,0.55,0,True,0.0,NÖTR REJİM,0.0,61.93333333333333,,,,,,,
ENSRI,5.08,5.09,5.21,5.04,7930779.0,-0.1964636542239644,40288357.32,0.2600154557939605,1.0,-8.303249097472925,-53.69188696444849,3.373015873015872,2026-09-01,-1.63,-2.0,0.1,0.0,0,False,0.0,🚨 VWAP ALTI (SABAH TUZAĞI),0.0,5.11,,,,,,,
ORGE,23.54,23.9,24.28,23.34,1707998.0,-1.9983347210657805,40206272.92,0.2209765181123998,1.0,14.271844660194162,2.526132404181177,4.027420736932311,2026-09-01,-1.71,-0.15,0.81,0.0,0,True,0.0,🚨 VWAP ALTI (SABAH TUZAĞI),0.0,23.719999999999995,,,,,,,
ARSAN,4.37,4.41,4.45,4.34,9029426.0,-0.6818181818181874,39458591.62,0.1991491951120652,1.0,32.82674772036474,24.14772727272728,2.5345622119815743,2026-09-01,-1.76,-2.0,0.32,0.0,0,False,0.0,🚨 VWAP ALTI (SABAH TUZAĞI),0.0,4.386666666666667,,,,,,,
SSAAT,34.76,35.1,35.2,34.6,1126998.0,-0.7424328954883069,39174450.48,0.196524433933207,1.0,-2.905027932960892,-35.62962962962963,1.7341040462427786,2026-09-01,-1.77,-1.0,0.35,0.0,0,False,0.0,🚨 VWAP ALTI (SABAH TUZAĞI),0.0,34.85333333333333,,,,,,,
AKSUE,30.3,30.3,30.9,30.3,1288268.0,-9.98217468805703,39034520.4,0.7777068650227622,1.0,-33.52347520842474,-15.59888579387186,11.089108910891076,2026-09-01,-0.49,-1.0,2.54,0.0,1,False,0.0,🚨 VWAP ALTI (SABAH TUZAĞI),0.0,30.5,,,,,,,
KARTN,159.3,162.5,164.7,159.1,243909.0,-3.8043478260869454,38854703.7,0.393161594091351,1.0,-27.590909090909086,22.25633154259401,4.085480829666876,2026-09-01,-1.34,6.0,1.37,0.0,2,True,0.0,🚨 VWAP ALTI (SABAH TUZAĞI),0.0,161.03333333333333,,,,,,,
BESTE,31.7,31.3,31.94,31.3,1223690.0,-0.3771213073538686,38790973.0,0.1304901900795976,1.0,10.839160839160831,-7.902382335851255,2.044728434504794,2026-09-01,-1.91,-0.9,0.19,1.67,1,True,0.0,NÖTR REJİM,0.0,31.646666666666665,,,,,,,
SARKY,24.7,25.06,25.2,24.6,1564115.0,-1.4365522745410992,38633640.5,0.200506256456926,1.0,5.106382978723401,-17.66666666666667,2.439024390243893,2026-09-01,-1.76,-1.0,0.63,0.0,0,False,0.0,🚨 VWAP ALTI (SABAH TUZAĞI),0.0,24.83333333333333,,,,,,,
SOKE,11.98,11.61,12.3,11.61,3176847.0,-6.259780907668223,38058627.06,0.9602414012618912,1.0,-27.43791641429437,-34.06714364336819,10.07751937984496,2026-09-01,-0.09,-0.77,1.95,1.12,1,False,0.0,🪤 DÜŞEN BIÇAK TUZAĞI,0.0,11.963333333333331,,,,,,,
TARKM,563.5,553.0,572.0,551.5,66632.0,0.0,37547132.0,0.2711010407965729,1.0,20.857908847184987,-5.134680134680135,3.71713508612874,2026-09-01,-1.6,6.0,0.0,1.3,2,True,0.0,NÖTR REJİM,0.0,562.3333333333334,,,,,,,
KGYO,12.83,12.92,13.0,12.68,3991694.0,-1.6858237547892767,51213434.02,0.160619830834877,1.0,27.78884462151396,4.139610389610388,2.917981072555213,2026-09-01,-1.85,-1.7,0.57,0.0,0,False,0.0,NÖTR REJİM,0.0,12.836666666666666,,,,,,,
ARMGD,187.7,186.5,193.1,186.5,198045.0,0.968262506724036,37173046.5,0.2161669215328646,1.0,-7.079207920792085,51.37096774193547,3.860589812332434,2026-09-01,-1.72,6.0,0.46,0.33,1,True,0.0,🚨 VWAP ALTI (SABAH TUZAĞI),-51.5,189.1,,,,,,,
GEREL,37.96,38.36,38.5,37.76,978071.0,-0.8877284595300166,37127575.16,0.1519700610258446,1.0,-8.530120481927709,-3.3112582781456883,1.9597457627118693,2026-09-01,-1.87,-0.65,0.43,0.0,0,True,0.0,🚨 VWAP ALTI (SABAH TUZAĞI),0.0,38.07333333333333,,,,,,,
ZGYO,23.94,25.54,26.58,23.94,1489850.0,-9.932279909706535,35667009.0,0.1491618014832981,1.0,-33.49999999999999,-38.615384615384606,11.027568922305752,2026-09-01,-1.87,4.1,2.66,0.0,1,False,0.0,🚨 VWAP ALTI (SABAH TUZAĞI),0.0,24.82,,,,,,,
IHLAS,1.08,1.07,1.09,1.07,33966737.0,0.9345794392523372,36684075.96,0.374085271718969,1.0,6.930693069306937,-32.288307858481055,1.8691588785046744,2026-09-01,-1.38,-2.0,0.45,0.9,0,False,0.0,🪤 DÜŞEN BIÇAK TUZAĞI,0.0,1.08,,,,,,,
SARAE,83.55,88.4,89.05,83.1,9089215.0,-5.432937181663834,759403913.25,0.223994704298004,1.0,7.115384615384612,8.506493506493504,7.16004813477738,2026-09-01,-1.71,6.0,0.14,0.0,1,True,0.0,🚨 VWAP ALTI (SABAH TUZAĞI),0.0,85.23333333333333,,,,,,,
SISE,39.76,39.66,40.22,39.64,18281913.0,0.3533568904593654,726888860.88,0.3201390394174872,1.0,-3.961352657004833,-15.115286080273282,1.5136226034308815,2026-09-01,-1.5,-1.05,0.01,0.31,0,False,0.0,🚨 VWAP ALTI (SABAH TUZAĞI),-28.4,39.873333333333335,,,,,,,
BIGEN,184.9,183.7,190.0,182.6,3653808.0,0.5984766050054375,675589099.2,0.7116273357317512,1.0,98.81720430107526,242.40740740740745,4.052573932092008,2026-09-01,-0.63,6.0,0.02,0.29,1,False,0.0,🚨 VWAP ALTI (SABAH TUZAĞI),-59.7,185.8333333333333,,,,,,,
MARKA,82.55,83.2,85.0,80.6,431050.0,-0.7812500000000068,35583177.5,0.8719006868607266,1.0,5.8333333333333295,35.1063829787234,5.459057071960305,2026-09-01,-0.28,6.0,0.4,0.0,1,True,0.0,🚨 VWAP ALTI (SABAH TUZAĞI),0.0,82.71666666666665,,,,,,,
TERA,188.3,188.1,191.2,188.0,3237569.0,0.4266666666666727,609634242.7,0.1783128106776338,1.0,9.859976662777132,-7.60549558390579,1.9680851063829727,2026-09-01,-1.81,5.5,0.01,0.11,0,True,0.0,🚨 VWAP ALTI (SABAH TUZAĞI),-28.6,189.16666666666663,,,,,,,
CWENE,36.3,37.5,37.5,35.92,15959098.0,-3.200000000000008,579315257.4,0.1874568821132066,1.0,0.0,-19.297465540240108,4.398663697104672,2026-09-01,-1.79,1.45,0.11,0.0,0,False,0.0,🚨 VWAP ALTI (SABAH TUZAĞI),0.0,36.57333333333333,,,,,,,
GUBRF,472.75,481.75,484.5,470.25,1190736.0,-1.868188894654904,562920444.0,0.2634748532063269,1.0,16.728395061728396,-13.810391978122151,3.0303030303030303,2026-09-01,-1.62,6.0,0.07,0.0,1,False,0.0,🚨 VWAP ALTI (SABAH TUZAĞI),0.0,475.8333333333333,,,,,,,
ALBTN,32.66,36.5,36.7,32.6,16160672.0,-5.058139534883726,527807547.5199999,0.5856804143229598,1.0,-2.039592081583704,-12.204301075268834,12.57668711656442,2026-09-01,-0.91,6.0,0.18,0.0,1,False,0.0,🚨 VWAP ALTI (SABAH TUZAĞI),0.0,33.98666666666667,,,,,,,
TAVHL,263.5,266.0,270.5,263.0,1942982.0,-0.5660377358490566,511975757.0,0.5250922649436347,1.0,-1.6791044776119404,-0.0947867298578199,2.8517110266159698,2026-09-01,-1.04,6.0,0.02,0.0,1,True,0.0,🚨 VWAP ALTI (SABAH TUZAĞI),0.0,265.6666666666667,,,,,,,
ALTIN,73.17,74.48,74.86,73.12,6996498.0,-1.75886143931257,511448422.05,0.3356190133792566,1.0,7.9521982885807025,-6.611359285258447,2.3796498905908026,2026-09-01,-1.46,1.85,0.07,0.0,0,True,0.0,🚨 VWAP ALTI (SABAH TUZAĞI),0.0,73.71666666666668,,,,,,,
TKFEN,212.8,210.7,219.1,209.6,2267223.0,1.6722408026755853,482465054.4,0.3905936251363605,1.0,38.90339425587469,37.29032258064517,4.675572519083961,2026-09-01,-1.34,6.0,0.07,0.4,1,False,0.0,🚨 VWAP ALTI (SABAH TUZAĞI),-53.9,213.8333333333333,,,,,,,
FROTO,77.45,77.15,78.65,77.1,8570573.0,0.649772579597141,663790878.85,0.4249026286943272,1.0,0.7152145643693071,-12.73239436619718,2.2049286640726367,2026-09-01,-1.27,1.38,0.02,0.35,0,False,0.0,🚨 VWAP ALTI (SABAH TUZAĞI),-37.9,77.73333333333333,,,,,,,
TOASO,269.75,270.5,275.5,269.0,1592706.0,-0.5529953917050692,429632443.5,0.4728736139506657,1.0,3.253588516746412,-10.30756442227764,2.41635687732342,2026-09-01,-1.16,6.0,0.03,0.0,1,False,0.0,🚨 VWAP ALTI (SABAH TUZAĞI),0.0,271.4166666666667,,,,,,,
LIDER,30.7,32.0,34.2,30.54,13819199.0,-5.654578979717271,424249409.3,0.3951077236160431,1.0,-67.51322751322752,-74.28810720268007,11.984282907662092,2026-09-01,-1.33,6.0,0.25,0.0,1,False,0.0,🚨 VWAP ALTI (SABAH TUZAĞI),0.0,31.813333333333336,,,,,,,
EUPWR,92.35,101.8,101.9,92.35,4545380.0,-9.990253411306044,419765843.0,0.2594124341297313,1.0,7.5087310826542355,9.61424332344213,11.099079588521928,2026-09-01,-1.63,6.0,0.43,0.0,1,True,0.0,🚨 VWAP ALTI (SABAH TUZAĞI),0.0,95.53333333333336,,,,,,,
MGROS,531.0,535.5,538.0,530.5,768547.0,-0.4686035613870665,408098457.0,0.2376739718879038,1.0,-14.83560545308741,-21.216617210682493,1.413760603204524,2026-09-01,-1.68,6.0,0.02,0.0,1,False,0.0,🚨 VWAP ALTI (SABAH TUZAĞI),0.0,533.1666666666666,,,,,,,
DOFRB,120.5,123.0,125.7,117.0,3176909.0,-4.667721518987346,382817534.5,0.6137859381767512,1.0,-10.14168530947054,-32.30337078651685,8.03418803418804,2026-09-01,-0.85,6.0,0.23,0.0,1,False,0.0,🚨 VWAP ALTI (SABAH TUZAĞI),0.0,121.06666666666666,,,,,,,
EFOR,17.37,18.02,18.26,17.3,21759395.0,-3.607103218645941,377960691.15,0.2591843966845535,1.0,-18.67977528089887,45.72147651006713,5.549132947976883,2026-09-01,-1.63,-0.1,0.18,0.0,0,True,0.0,🚨 VWAP ALTI (SABAH TUZAĞI),0.0,17.643333333333334,,,,,,,
TEHOL,36.08,36.04,36.46,35.92,10433269.0,0.2222222222222175,376432345.52,0.1203863468311408,1.0,-22.40860215053764,26.596491228070168,1.5033407572383048,2026-09-01,-1.94,-1.15,0.01,0.13,0,True,0.0,🚨 VWAP ALTI (SABAH TUZAĞI),-13.4,36.15333333333333,,,,,,,
HEKTS,2.71,2.75,2.75,2.68,131132130.0,-0.7326007326007333,355368072.3,0.4379837298370684,1.0,-6.872852233676982,-35.01199040767386,2.6119402985074567,2026-09-01,-1.24,-2.0,0.04,0.0,0,False,0.0,🪤 DÜŞEN BIÇAK TUZAĞI,0.0,2.713333333333333,,,,,,,
KUYAS,65.15,65.5,66.0,64.6,5406333.0,-0.5343511450381593,352222594.95000005,1.07097657142365,1.0,-6.258992805755388,-18.0503144654088,2.1671826625387087,2026-09-01,0.16,1.0,0.03,0.0,0,False,0.0,NÖTR REJİM,0.0,65.25,,,,,,,
KARCL,145.6,150.8,156.0,143.4,2379512.0,-3.894389438943898,346456947.2,0.2490584705745521,1.0,278.1818181818182,278.1818181818182,8.786610878661085,2026-09-01,-1.65,6.0,0.21,0.0,1,False,0.0,🚨 VWAP ALTI (SABAH TUZAĞI),0.0,148.33333333333334,,,,,,,
CANTE,1.34,1.41,1.42,1.34,233201147.0,-2.898550724637668,312489536.98,0.6481198819781724,1.0,12.605042016806737,-15.189873417721518,5.970149253731332,2026-09-01,-0.77,-2.0,0.18,0.0,0,False,0.0,🚨 VWAP ALTI (SABAH TUZAĞI),0.0,1.3666666666666665,,,,,,,
TRMET,138.9,145.3,145.3,138.4,2188577.0,-4.008293020041453,303993345.3,0.320146159974968,1.0,7.841614906832293,22.378854625550662,4.98554913294798,2026-09-01,-1.5,6.0,0.25,0.0,1,True,0.0,🚨 VWAP ALTI (SABAH TUZAĞI),0.0,140.86666666666667,,,,,,,
AEFES,17.96,18.24,18.24,17.86,16115047.0,0.6726457399103195,289426244.12,0.3064391349446405,1.0,-18.21493624772313,-11.08910891089108,2.2396416573348183,2026-09-01,-1.53,-1.55,0.05,0.0,0,False,0.0,🚨 VWAP ALTI (SABAH TUZAĞI),-21.1,18.02,,,,,,,
AKGRT,6.22,6.23,6.32,6.21,5578960.0,0.0,34701131.2,0.4940639373088483,1.0,-11.396011396011394,-19.63824289405685,1.7713365539452548,2026-09-01,-1.11,-2.0,0.0,0.0,0,False,0.0,🚨 VWAP ALTI (SABAH TUZAĞI),0.0,6.25,,,,,,,
NTHOL,42.74,42.84,43.38,42.7,810053.0,-0.2334267040149426,34621665.22,0.4991090869557253,1.0,-3.039927404718685,7.603222557905346,1.592505854800936,2026-09-01,-1.1,-0.8,0.13,0.0,0,True,0.0,🚨 VWAP ALTI (SABAH TUZAĞI),0.0,42.94,,,,,,,
BRSAN,717.0,727.0,730.5,713.0,605917.0,-0.9668508287292816,434442489.0,0.1823934923683303,1.0,34.26966292134831,32.28782287822878,2.4544179523141656,2026-09-01,-1.8,6.0,0.04,0.0,1,False,0.0,🚨 VWAP ALTI (SABAH TUZAĞI),0.0,720.1666666666666,,,,,,,
PAPIL,13.64,13.75,14.1,13.62,2529728.0,-2.011494252873559,34505489.92,0.2523380184807094,1.0,16.981132075471702,-15.802469135802465,3.5242290748898712,2026-09-01,-1.64,-1.3,0.92,0.0,1,False,0.0,🚨 VWAP ALTI (SABAH TUZAĞI),0.0,13.786666666666669,,,,,,,
TRENJ,105.4,107.9,108.5,105.3,327039.0,-1.4031805425631432,34469910.6,0.1265528054262479,1.0,12.787586944890318,18.29405162738497,3.0389363722697085,2026-09-01,-1.92,5.5,0.68,0.0,0,True,0.0,🚨 VWAP ALTI (SABAH TUZAĞI),0.0,106.40000000000003,,,,,,,
ESEN,3.62,3.65,3.68,3.6,9087271.0,-0.275482093663906,32895921.02,0.2511629698240243,1.0,6.470588235294124,-14.622641509433963,2.222222222222224,2026-09-01,-1.65,-2.0,0.16,0.0,0,False,0.0,🚨 VWAP ALTI (SABAH TUZAĞI),0.0,3.633333333333333,,,,,,,
MAALT,1028.0,1020.0,1059.0,1020.0,33306.0,0.9823182711198428,34238568.0,0.8253109226205964,1.0,2.4925224327018944,-17.56214915797915,4.019607843137255,2026-09-01,-0.38,6.0,0.5,0.37,1,False,0.0,🚨 VWAP ALTI (SABAH TUZAĞI),-66.4,1035.6666666666667,,,,,,,
AKENR,10.5,10.0,10.63,10.0,3107973.0,-0.1901140684410606,32633716.5,0.2684703852435798,1.0,7.4718526100307106,-26.573426573426577,6.300000000000008,2026-09-01,-1.61,-0.92,0.11,2.72,1,False,0.0,🪤 DÜŞEN BIÇAK TUZAĞI,0.0,10.376666666666669,,,,,,,
ONCSM,213.8,224.0,224.0,212.8,151861.0,-4.553571428571424,32467881.8,0.1575255233026493,1.0,-16.238981390793338,-27.52542372881356,5.263157894736836,2026-09-01,-1.85,6.0,1.75,0.0,2,False,0.0,🚨 VWAP ALTI (SABAH TUZAĞI),0.0,216.86666666666667,,,,,,,
EGGUB,110.2,113.7,113.7,109.6,290819.0,-1.6071428571428543,32048253.8,0.3031944894769819,1.0,19.135135135135137,3.8642789820923737,3.740875912408767,2026-09-01,-1.53,6.0,0.81,0.0,1,True,0.0,🚨 VWAP ALTI (SABAH TUZAĞI),0.0,111.16666666666669,,,,,,,
AGROT,2.03,2.03,2.05,2.01,16187053.0,0.0,32859717.59,0.0774003630210979,1.0,-14.345991561181446,-31.879194630872487,1.9900497512437831,2026-09-01,-2.0,-2.0,0.0,0.0,0,False,0.0,🪤 DÜŞEN BIÇAK TUZAĞI,0.0,2.03,,,,,,,
PRKME,18.9,19.52,19.55,18.77,1661595.0,-3.1762295081967262,31404145.5,0.3833428715614334,1.0,9.374999999999984,4.074889867841401,4.155567394778909,2026-09-01,-1.36,-0.55,1.4,0.0,1,True,0.0,🚨 VWAP ALTI (SABAH TUZAĞI),0.0,19.07333333333333,,,,,,,
ZERGY,9.23,9.45,9.45,9.04,3353430.0,-1.599147121535185,30952158.9,0.1748157767642832,1.0,1.8763796909492263,-35.85823488533704,4.535398230088497,2026-09-01,-1.82,-1.47,0.83,0.0,0,False,0.0,🪤 DÜŞEN BIÇAK TUZAĞI,0.0,9.24,,,,,,,
FONET,4.91,5.01,5.02,4.89,6238132.0,-1.7999999999999972,30629228.12,0.2719212598951707,1.0,-1.7999999999999972,-21.69059011164273,2.65848670756646,2026-09-01,-1.6,-2.0,0.92,0.0,1,False,0.0,🚨 VWAP ALTI (SABAH TUZAĞI),0.0,4.94,,,,,,,
SANFM,9.9,10.13,10.15,9.85,3091619.0,-4.71607314725698,30607028.1,0.4526738649509794,1.0,10.244988864142538,13.924050632911404,5.48223350253808,2026-09-01,-1.2,-1.75,1.86,0.0,1,True,0.0,🚨 VWAP ALTI (SABAH TUZAĞI),0.0,9.966666666666669,,,,,,,
AKHAN,40.86,41.54,41.54,40.64,748860.0,-1.6369764082811742,30598419.6,0.397578870715884,1.0,-6.498855835240282,31.04554201411161,2.2145669291338548,2026-09-01,-1.33,-0.25,0.86,0.0,0,True,0.0,🚨 VWAP ALTI (SABAH TUZAĞI),0.0,41.013333333333335,,,,,,,
LMKDC,23.32,23.4,23.5,23.22,1310197.0,-0.3418803418803346,30553794.04,0.2996722193221414,1.0,2.280701754385963,-31.209439528023594,1.2058570198105132,2026-09-01,-1.54,-1.8,0.21,0.0,0,False,0.0,🪤 DÜŞEN BIÇAK TUZAĞI,0.0,23.346666666666664,,,,,,,
BIGTK,331.25,354.75,354.75,331.25,88808.0,-3.9158810732414793,29417650.0,0.1165394930280098,1.0,-11.548731642189589,39.7089835512442,7.09433962264151,2026-09-01,-1.94,6.0,1.69,0.0,2,True,0.0,🚨 VWAP ALTI (SABAH TUZAĞI),0.0,339.0833333333333,,,,,,,
VESBE,5.36,5.39,5.53,5.33,5929955.0,0.1869158878504799,31784558.8,0.4948396552555305,1.0,-7.903780068728522,-22.76657060518732,3.752345215759853,2026-09-01,-1.11,-2.0,0.11,0.0,0,False,0.0,🚨 VWAP ALTI (SABAH TUZAĞI),0.0,5.406666666666666,,,,,,,
ALGYO,3.64,3.68,3.69,3.63,8060513.0,-0.8174386920980874,29340267.32,0.3023047847638788,1.0,8.656716417910449,-53.333333333333336,1.652892561983473,2026-09-01,-1.53,-2.0,0.49,0.0,0,False,0.0,🚨 VWAP ALTI (SABAH TUZAĞI),0.0,3.6533333333333338,,,,,,,
MARMR,2.26,2.26,2.31,2.26,12825640.0,0.0,28985946.4,0.2211009224921769,1.0,5.116279069767436,-15.3558052434457,2.2123893805309853,2026-09-01,-1.71,-2.0,0.0,0.0,0,False,0.0,🚨 VWAP ALTI (SABAH TUZAĞI),0.0,2.276666666666667,,,,,,,
HRKET,92.25,91.85,92.95,90.0,301404.0,-0.1623376623376685,27804519.0,0.2097655639946294,1.0,-2.996845425867502,-14.42486085343228,3.277777777777781,2026-09-01,-1.74,4.88,0.11,1.4,1,False,0.0,NÖTR REJİM,0.0,91.73333333333332,,,,,,,
KLRHO,65.65,65.85,66.3,65.3,428814.0,-0.3037205770690792,28151639.1,0.1158837647038604,1.0,-14.740259740259734,-34.93557978196234,1.531393568147014,2026-09-01,-1.95,0.0,0.2,0.0,0,False,0.0,🪤 DÜŞEN BIÇAK TUZAĞI,0.0,65.75,,,,,,,
CRDFA,26.02,25.0,27.5,25.0,1049968.0,4.079999999999998,27320167.36,0.6667902488924434,1.0,-39.34731934731935,-30.427807486631018,10.0,2026-09-01,-0.73,3.75,1.83,0.73,1,False,0.0,🚨 VWAP ALTI (SABAH TUZAĞI),0.0,26.17333333333333,,,,,,,
METRO,8.53,8.75,8.84,8.47,2524322.0,-2.7366020524515418,21532466.66,0.3248356202348377,1.0,13.581890812250329,5.178791615289765,4.3683589138134495,2026-09-01,-1.49,-1.58,1.64,0.0,1,True,0.0,🚨 VWAP ALTI (SABAH TUZAĞI),0.0,8.613333333333335,,,,,,,
KONYA,3860.0,3900.0,3950.0,3845.0,5496.0,-0.5154639175257731,21214560.0,0.3842684845306764,1.0,6.409372846312888,-1.0256410256410255,2.730819245773732,2026-09-01,-1.35,6.0,0.44,0.0,1,True,0.0,🚨 VWAP ALTI (SABAH TUZAĞI),0.0,3885.0,,,,,,,
HUNER,3.98,4.01,4.02,3.95,6961088.0,-0.5000000000000004,27705130.24,0.1344946792734281,1.0,16.03498542274052,-0.2506265664160458,1.7721518987341618,2026-09-01,-1.9,-2.0,0.33,0.0,0,True,0.0,NÖTR REJİM,0.0,3.983333333333333,,,,,,,
FRMPL,32.7,32.7,33.16,32.46,644427.0,0.306748466257673,21072762.9,0.2215626048523271,1.0,9.000000000000009,-24.827586206896548,2.15650030807146,2026-09-01,-1.71,-0.75,0.27,0.0,0,False,0.0,🚨 VWAP ALTI (SABAH TUZAĞI),-21.9,32.77333333333333,,,,,,,
JANTS,15.52,15.55,15.76,15.43,1343546.0,0.1290322580645133,20851833.92,0.2334290466797459,1.0,2.5099075297225824,-12.167515563101311,2.1386908619572265,2026-09-01,-1.69,-1.67,0.12,0.0,0,False,0.0,🚨 VWAP ALTI (SABAH TUZAĞI),0.0,15.57,,,,,,,
BRKVY,87.45,88.1,88.9,86.2,233580.0,-0.0571428571428538,20426571.0,0.3278933379451961,1.0,17.540322580645157,-10.765306122448978,3.132250580046407,2026-09-01,-1.48,4.25,0.06,0.0,0,False,0.0,NÖTR REJİM,-38.6,87.51666666666667,,,,,,,
SMRVA,11.03,11.15,11.2,11.0,1887071.0,-0.8093525179856103,20814393.13,0.1845620594645183,1.0,-2.99032541776605,-34.88783943329399,1.818181818181812,2026-09-01,-1.79,-2.0,0.66,0.0,0,False,0.0,🚨 VWAP ALTI (SABAH TUZAĞI),0.0,11.076666666666666,,,,,,,
DOGUB,67.3,60.0,67.3,60.0,301728.0,9.967320261437898,20306294.4,0.9059671179767792,1.0,-20.963006459189675,-36.20853080568721,12.166666666666664,2026-09-01,-0.21,6.0,3.55,4.0,3,False,0.0,🪤 DÜŞEN BIÇAK TUZAĞI,0.0,64.86666666666666,,,,,,,
PINSU,10.45,10.7,10.74,10.18,1930902.0,-2.3364485981308416,20177925.9,0.4382112656331179,1.0,1.063829787234037,-11.888701517706576,5.500982318271125,2026-09-01,-1.24,-1.1,1.54,0.0,1,False,0.0,NÖTR REJİM,0.0,10.456666666666669,,,,,,,
HDFGS,2.44,2.44,2.47,2.42,8254189.0,0.0,20140221.16,0.1969327089661227,1.0,-5.05836575875486,-15.570934256055368,2.0661157024793497,2026-09-01,-1.77,-2.0,0.0,0.0,0,False,0.0,NÖTR REJİM,0.0,2.4433333333333334,,,,,,,
ARFYE,19.66,19.68,19.71,19.5,1017344.0,-0.2030456852791834,20000983.04,0.1853987580223683,1.0,-32.901023890784984,-37.46819338422392,1.076923076923081,2026-09-01,-1.79,-1.97,0.19,1.15,0,False,0.0,🪤 DÜŞEN BIÇAK TUZAĞI,0.0,19.62333333333333,,,,,,,
ALCAR,711.0,668.0,730.0,665.0,51427.0,5.961251862891207,36564597.0,1.5998494317916685,1.0,-4.306864064602961,-6.570302233902759,9.774436090225564,2026-09-02,1.32,6.0,1.93,2.1,4,True,99.5,⚡ SENKRONİZE ŞOK PATLAMASI (DAY-1),0.0,702.0,,,,,,,
SUWEN,6.78,6.35,6.78,6.25,8828990.0,9.886547811993522,59860552.2,2.654476006624502,1.0,9.886547811993522,-17.3170731707317,9.760000000000003,2026-09-02,3.64,-1.17,1.95,3.66,3,False,91.1,🚀 KISMİ HACİM & MENZİL İVMESİ,-1.8,6.603333333333334,,,,,,,
TKNKA,190.0,182.0,190.0,182.0,1506631.0,9.953703703703695,286252100.0,1.0,1.0,102.34291799787007,102.34291799787007,9.450549450549444,2026-09-02,0.0,6.0,0.6,4.0,2,False,88.8,🚀 KISMİ HACİM & MENZİL İVMESİ,-1.1,187.3333333333333,,,,,,,
BORSK,6.65,6.27,6.75,6.12,12445375.0,4.231974921630101,82761743.75,1.832111589472393,1.0,17.699115044247787,1.6819571865443474,10.29411764705882,2026-09-02,1.83,-0.93,0.83,2.59,3,True,87.8,⚡ SENKRONİZE ŞOK PATLAMASI (DAY-1),0.0,6.506666666666669,,,,,,,
VERUS,699.5,684.0,702.0,679.5,85845.0,2.2660818713450293,60048577.5,0.8989268795315465,1.0,35.56201550387597,19.470538001707943,3.3112582781456954,2026-09-02,-0.22,6.0,0.64,2.95,2,False,86.6,🚀 KISMİ HACİM & MENZİL İVMESİ,-12.9,693.6666666666666,,,,,,,
MCARD,163.2,156.0,165.1,150.0,3279419.0,5.358295674628781,535201180.8,1.0224463300628064,1.0,22.43060765191296,-20.4290589956119,10.066666666666665,2026-09-02,0.05,6.0,0.19,2.5,2,False,82.7,🚀 KISMİ HACİM & MENZİL İVMESİ,82.7,159.43333333333334,,,,,,,
AVOD,4.03,3.87,4.12,3.87,10193855.0,3.3333333333333424,41081235.650000006,2.2552046600792424,1.0,7.466666666666673,-8.409090909090912,6.459948320413437,2026-09-02,2.76,-1.88,1.19,1.77,3,True,82.0,⚡ SENKRONİZE ŞOK PATLAMASI (DAY-1),0.0,4.006666666666667,,,,,,,
TURGG,30.7,30.12,31.6,29.52,2815970.0,6.154910096818802,86450279.0,3.641208366489451,1.0,18.07692307692308,1.6556291390728477,9.07859078590786,2026-09-02,5.81,2.7,1.08,0.8,2,True,80.8,🚀 KISMİ HACİM & MENZİL İVMESİ,-18.7,30.60666666666667,,,,,,,
ARMGD,192.0,186.5,192.9,186.5,492441.0,3.3925686591276314,94548672.0,0.5781643261218701,1.0,6.077348066298343,56.22457282343368,3.860589812332449,2026-09-02,-0.93,6.0,0.61,3.13,2,True,79.8,🚀 KISMİ HACİM & MENZİL İVMESİ,79.8,190.46666666666667,,,,,,,
KARSN,11.3,10.28,11.3,9.77,49365855.0,9.92217898832686,557834161.5,2.1630935527345336,1.0,12.326043737574556,-15.734526472781502,15.66018423746163,2026-09-02,2.56,1.33,0.33,3.4,2,False,79.2,🚀 KISMİ HACİM & MENZİL İVMESİ,79.2,10.79,,,,,,,
ARDYZ,85.15,82.35,85.75,80.05,3423892.0,3.4001214329083327,291544403.8,0.6887311243449732,1.0,15.850340136054427,25.68265682656828,7.120549656464712,2026-09-02,-0.68,6.0,0.22,2.62,2,True,78.3,🚀 KISMİ HACİM & MENZİL İVMESİ,22.0,83.65,,,,,,,
CRFSA,336.5,317.5,346.75,317.25,3601334.0,5.984251968503937,1211848891.0,0.8680237883465948,1.0,87.04836020011118,161.4607614607615,9.29866036249015,2026-09-02,-0.29,6.0,0.1,1.83,2,False,76.0,🚀 KISMİ HACİM & MENZİL İVMESİ,76.0,333.5,,,,,,,
CITAS,134.7,127.6,136.5,125.5,15793681.0,6.482213438735168,2127408830.7,0.6567963138385882,1.0,66.19370758790869,66.19370758790869,8.764940239043824,2026-09-02,-0.76,6.0,0.06,2.64,2,False,73.8,🚀 KISMİ HACİM & MENZİL İVMESİ,-0.3,132.23333333333332,,,,,,,
TAVHL,261.75,260.0,262.5,255.5,2802669.0,0.5763688760806917,733598610.75,0.6711162724017495,1.0,-5.845323741007194,-0.6641366223908919,2.73972602739726,2026-09-02,-0.72,6.0,0.02,2.18,2,True,71.0,🚀 KISMİ HACİM & MENZİL İVMESİ,71.0,259.9166666666667,,,,,,,
AKSEN,80.75,78.0,80.85,77.4,3624947.0,2.800763844684918,292714470.25,0.4853696015014462,1.0,-14.232607541157732,0.0,4.457364341085256,2026-09-02,-1.13,6.0,0.18,3.51,2,True,70.7,🚀 KISMİ HACİM & MENZİL İVMESİ,70.7,79.66666666666667,,,,,,,
TRMET,137.9,133.0,139.2,131.5,3883938.0,2.375649591685239,535595050.2000001,0.5448501454411153,1.0,10.14376996805112,15.39748953974896,5.855513307984782,2026-09-02,-1.0,6.0,0.09,2.6,2,True,70.4,🚀 KISMİ HACİM & MENZİL İVMESİ,70.4,136.20000000000002,,,,,,,
IEYHO,210.8,208.5,212.1,208.4,616461.0,1.1031175059952092,129949978.8,0.4723705513614213,1.0,26.45470905818837,85.23725834797892,1.775431861804217,2026-09-02,-1.16,6.0,0.16,1.77,2,False,66.2,🚀 KISMİ HACİM & MENZİL İVMESİ,-10.5,210.4333333333333,,,,,,,
CRDFA,27.98,27.5,29.14,26.34,2979526.0,1.745454545454547,83367137.48,1.6185532221503716,1.0,-33.03015797032073,-24.37837837837838,10.630220197418378,2026-09-02,1.36,4.5,0.38,0.69,1,False,62.9,NÖTR REJİM,62.9,27.820000000000004,,,,,,,
KARCL,173.2,159.9,175.8,156.2,2773513.0,7.577639751552788,480372451.6,0.2958570457883861,1.0,309.0694378837978,349.8701298701298,12.54801536491679,2026-09-02,-1.55,6.0,0.29,2.84,2,False,62.9,🚀 KISMİ HACİM & MENZİL İVMESİ,-6.7,168.4,,,,,,,
TRENJ,105.6,103.1,107.0,101.9,781922.0,1.538461538461533,82570963.2,0.3023030327305087,1.0,14.782608695652169,17.463848720800875,5.00490677134445,2026-09-02,-1.53,6.0,0.34,1.87,2,True,62.0,🚀 KISMİ HACİM & MENZİL İVMESİ,62.0,104.83333333333331,,,,,,,
MRGYO,1.71,1.62,1.75,1.58,218180092.0,6.211180124223594,373087957.32,1.5652420844979635,1.0,29.54545454545454,4.268292682926833,10.759493670886071,2026-09-02,1.24,-2.0,0.31,2.12,2,False,61.9,🚀 KISMİ HACİM & MENZİL İVMESİ,15.0,1.68,,,,,,,
ISVEA,85.2,81.45,87.85,78.0,2076633.0,4.283965728274174,176929131.6,0.4992794391309992,1.0,70.05988023952095,270.757180156658,12.62820512820512,2026-09-02,-1.1,6.0,0.43,1.7,1,False,59.4,NÖTR REJİM,-21.2,83.68333333333334,,,,,,,
MAKTK,10.52,10.12,10.82,9.99,5274866.0,3.9525691699604777,55491590.32,0.8700486848727447,1.0,7.019328585961337,-23.546511627906977,8.308308308308309,2026-09-02,-0.29,-0.42,1.08,1.48,1,False,58.3,NÖTR REJİM,58.3,10.443333333333332,,,,,,,
EGEPO,16.94,16.67,17.25,16.47,6598680.0,2.5423728813559423,111781639.2,2.2835708197198654,1.0,-8.924731182795698,-13.43893714869698,4.735883424408022,2026-09-02,2.82,-0.55,0.41,1.07,1,False,58.0,NÖTR REJİM,58.0,16.886666666666667,,,,,,,
ADGYO,59.15,58.3,59.35,57.65,617137.0,1.4579759862778756,36503653.55,0.5452462300440667,1.0,21.95876288659793,5.062166962699824,2.948829141370344,2026-09-02,-1.0,1.75,0.67,2.58,1,True,57.8,NÖTR REJİM,0.0,58.71666666666667,,,,,,,
TRHOL,3427.5,3345.0,3460.0,3340.0,55346.0,2.313432835820896,189698415.0,0.106308537547874,1.0,85.3704705246079,123.14453125,3.592814371257485,2026-09-02,-1.97,6.0,0.23,2.25,2,False,57.2,🚀 KISMİ HACİM & MENZİL İVMESİ,-1.2,3409.1666666666665,,,,,,,
GUBRF,472.75,466.25,473.0,460.75,1445436.0,0.3715498938428875,683329869.0,0.3159705010606848,1.0,17.453416149068325,-12.696214219759923,2.6587086272381986,2026-09-02,-1.5,6.0,0.01,3.07,2,False,57.0,🚀 KISMİ HACİM & MENZİL İVMESİ,57.0,468.8333333333333,,,,,,,
SELEC,343.0,338.0,344.75,337.0,1924184.0,1.4792899408284024,659995112.0,0.2728887714867125,1.0,60.95729704364148,255.9937727036845,2.299703264094956,2026-09-02,-1.6,6.0,0.04,2.37,2,False,55.5,🚀 KISMİ HACİM & MENZİL İVMESİ,11.2,341.5833333333333,,,,,,,
MARTI,2.05,1.94,2.05,1.87,147966716.0,9.625668449197846,303331767.79999995,1.189498506902661,1.0,38.5135135135135,4.060913705583749,9.625668449197844,2026-09-02,0.42,-2.0,0.55,3.3,1,False,54.7,NÖTR REJİM,1.9,1.99,,,,,,,
FORTE,112.0,112.6,113.3,108.8,1411108.0,0.1788908765652977,158044096.0,0.5882218813214163,1.0,2.752293577981652,16.605934409161897,4.136029411764706,2026-09-02,-0.91,6.0,0.02,0.93,1,True,53.5,NÖTR REJİM,23.5,111.36666666666667,,,,,,,
TRALT,50.05,48.8,50.4,48.0,71363209.0,1.3978930307941606,3571728610.45,0.6649035948001726,1.0,12.06896551724138,5.147058823529402,4.999999999999997,2026-09-02,-0.74,3.5,0.01,2.5,1,True,53.4,NÖTR REJİM,53.4,49.48333333333333,,,,,,,
USAK,1.21,1.2,1.21,1.18,34787955.0,0.8333333333333341,42093425.55,1.0038582887883614,1.0,-8.333333333333341,-23.8993710691824,2.5423728813559348,2026-09-02,0.01,-2.0,0.36,2.8,1,False,52.2,NÖTR REJİM,52.2,1.2,,,,,,,
MANAS,35.18,33.78,35.2,33.78,12030265.0,4.144464179988154,423224722.7,0.4385245229522375,1.0,22.49303621169917,33.66261398176292,4.203670811130851,2026-09-02,-1.24,1.05,0.19,3.91,1,False,48.4,NÖTR REJİM,23.2,34.72,,,,,,,
GMTAS,44.96,43.92,45.46,43.72,1263830.0,1.6274864376130171,56821796.8,0.3479992528023766,1.0,-0.3546099290780066,-11.929480901077367,3.979871912168349,2026-09-02,-1.43,1.85,0.5,2.01,1,False,47.9,NÖTR REJİM,0.0,44.71333333333334,,,,,,,
TEHOL,38.56,36.54,39.6,36.54,33116822.0,5.643835616438363,1276984656.3200002,0.398098306732157,1.0,-20.330578512396688,30.27027027027028,8.483853311439521,2026-09-02,-1.32,5.15,0.09,1.89,1,True,46.8,NÖTR REJİM,46.8,38.23333333333333,,,,,,,
RYGYO,48.98,48.0,50.25,47.76,2568506.0,1.4498757249378535,125805423.88,0.7622544921568924,1.0,28.219895287958096,50.800492610837445,5.213567839195984,2026-09-02,-0.52,3.73,0.22,0.71,0,False,44.8,NÖTR REJİM,-4.4,48.99666666666666,,,,,,,
DMRGD,11.31,11.1,11.36,10.8,18407560.0,1.8918918918919,208189503.6,0.5067595585821625,1.0,-4.314720812182739,3.761467889908258,5.185185185185173,2026-09-02,-1.09,-1.1,0.17,2.48,1,True,44.2,NÖTR REJİM,44.2,11.156666666666666,,,,,,,
AKFIS,17.55,17.0,18.14,16.22,17450033.0,3.235294117647064,306248079.15000004,0.676303923804465,1.0,14.643211105521177,57.51651368798982,11.83723797780519,2026-09-02,-0.71,2.3,0.2,1.36,0,True,44.1,NÖTR REJİM,-13.6,17.30333333333333,,,,,,,
AGHOL,32.5,32.24,32.64,31.8,2409019.0,0.3705991352686764,78293117.5,0.4642961934256959,1.0,-8.963585434173677,-3.4462269756387305,2.641509433962264,2026-09-02,-1.18,-0.4,0.09,2.02,1,True,43.0,NÖTR REJİM,43.0,32.31333333333333,,,,,,,
CCOLA,77.1,76.75,77.25,75.75,2652078.0,0.4560260586319144,204475213.8,0.4173742765036794,1.0,-15.367727771679474,-6.43203883495147,1.98019801980198,2026-09-02,-1.28,1.25,0.04,2.18,1,True,42.6,NÖTR REJİM,42.6,76.7,,,,,,,
DMLKT,7.04,6.89,7.19,6.87,9121253.0,2.177068214804069,64213621.12,1.0008999949336397,1.0,17.138103161397677,14.657980456026063,4.657933042212522,2026-09-02,0.0,-1.7,0.58,0.98,0,True,42.2,NÖTR REJİM,0.0,7.033333333333334,,,,,,,
BIGTK,330.25,330.75,336.0,317.0,215879.0,0.0757575757575757,71294039.75,0.2760893705995175,1.0,-12.40053050397878,36.46694214876033,5.993690851735016,2026-09-02,-1.59,6.0,0.02,0.87,1,True,41.7,NÖTR REJİM,41.7,327.75,,,,,,,
INTET,64.8,64.8,64.8,64.8,620888.0,9.923664122137394,40233542.4,1.0,1.0,9.923664122137394,9.923664122137394,9.02777777777777,2026-09-02,0.0,-2.0,2.49,0.0,1,True,41.7,NÖTR REJİM,-3.8,64.8,,,,,,,
YIGIT,21.92,21.92,22.34,21.44,3617771.0,1.387604070305276,79301540.32000001,0.9388633828122472,1.0,4.8803827751196325,-12.73885350318471,4.197761194029844,2026-09-02,-0.13,-0.25,0.32,0.15,0,False,40.8,NÖTR REJİM,40.8,21.9,,,,,,,
BERA,13.59,13.32,13.7,13.21,4657344.0,0.0736377025036803,63293304.96,0.5238054642247161,1.0,5.348837209302321,-20.52631578947369,3.709311127933372,2026-09-02,-1.05,-1.28,0.02,2.2,1,False,40.3,NÖTR REJİM,40.3,13.5,,,,,,,
ESCAR,46.28,46.0,46.76,44.84,1645152.0,2.844444444444447,76137634.56,0.4127565361610944,1.0,1.0480349344978253,-10.0485908649174,4.2818911685994525,2026-09-02,-1.29,2.3,0.63,1.36,0,False,40.0,NÖTR REJİM,40.0,45.96,,,,,,,
ENJSA,111.7,110.8,113.2,110.3,2969747.0,0.812274368231052,331720739.90000004,0.6002803527855088,1.0,2.383134738771777,1.2692656391659165,2.629193109700821,2026-09-02,-0.88,4.75,0.05,0.56,0,True,39.6,NÖTR REJİM,-5.1,111.73333333333336,,,,,,,
BLUME,41.06,40.9,41.74,38.92,2016890.0,0.1463414634146397,82813503.4,0.5459603202441704,1.0,20.76470588235295,19.429901105293773,7.2456320657759505,2026-09-02,-1.0,4.55,0.04,1.24,0,True,39.3,NÖTR REJİM,0.0,40.57333333333333,,,,,,,
SOKM,56.95,56.45,58.2,55.95,3326086.0,0.7073386383731313,189420597.7,0.6383861493364631,1.0,10.797665369649817,15.658001624695371,4.021447721179625,2026-09-02,-0.8,3.12,0.07,0.4,0,True,39.1,NÖTR REJİM,-20.1,57.03333333333334,,,,,,,
CANTE,1.35,1.3,1.38,1.29,415124856.0,3.84615384615385,560418555.6,1.0300813460204727,1.0,11.570247933884309,-13.461538461538458,6.9767441860465,2026-09-02,0.07,-2.0,0.13,1.73,0,False,37.3,NÖTR REJİM,-8.6,1.34,,,,,,,
ENTRA,4.29,4.28,4.37,4.14,18660385.0,0.4683840749414628,80053051.65,1.2804543188750748,1.0,-19.0566037735849,-16.046966731898245,5.555555555555566,2026-09-02,0.62,-1.92,0.11,0.75,0,False,37.0,NÖTR REJİM,37.0,4.266666666666667,,,,,,,
ENERY,10.35,10.25,10.43,10.16,25325995.0,1.769911504424776,262124048.25,0.6487079679366178,1.0,11.290322580645148,17.480136208853565,2.6574803149606256,2026-09-02,-0.77,-1.83,0.13,1.56,0,True,34.8,NÖTR REJİM,34.8,10.313333333333333,,,,,,,
OYAKC,21.76,21.48,21.78,21.22,7552167.0,0.2764976958525451,164335153.92000002,0.2969633892109967,1.0,6.353861192570872,3.127962085308057,2.6390197926484555,2026-09-02,-1.55,-1.1,0.03,2.94,1,True,33.7,NÖTR REJİM,33.7,21.58666666666667,,,,,,,
AHGAZ,38.62,38.54,38.84,38.16,3306671.0,0.3116883116883051,127703634.02,0.5396570194723121,1.0,15.00893388921977,21.37020741671904,1.7819706498951962,2026-09-02,-1.01,-0.8,0.05,0.99,0,True,32.2,NÖTR REJİM,32.2,38.54,,,,,,,
ALTIN,73.37,72.59,73.9,72.34,8471068.0,0.4380561259411463,621522259.1600001,0.3931103835118568,1.0,7.706987668819729,-5.754656390494528,2.156483273431024,2026-09-02,-1.34,1.4,0.01,1.61,0,True,31.1,NÖTR REJİM,31.1,73.20333333333333,,,,,,,
OFSYM,69.05,69.0,70.35,67.6,1234302.0,0.0724637681159379,85228553.1,0.3864915488810816,1.0,36.73267326732673,17.23259762308998,4.068047337278107,2026-09-02,-1.35,4.38,0.02,0.15,0,False,29.7,NÖTR REJİM,29.7,69.0,,,,,,,
ARSAN,4.09,4.08,4.11,3.98,19026711.0,0.245098039215681,77819247.99,0.3978455209727911,1.0,20.294117647058822,19.941348973607028,3.266331658291466,2026-09-02,-1.32,-2.0,0.06,1.66,0,True,24.1,NÖTR REJİM,24.1,4.06,,,,,,,
BINHO,9.61,9.54,9.83,9.35,12567975.0,0.3131524008350664,120778239.75,0.3464559615527506,1.0,1.157894736842099,2.780748663101602,5.133689839572197,2026-09-02,-1.44,-1.3,0.05,0.45,0,True,23.4,NÖTR REJİM,23.4,9.596666666666666,,,,,,,
TERA,190.9,191.0,192.6,190.0,5493543.0,0.4736842105263187,1048717358.7,0.305154601631771,1.0,3.077753779697633,-6.237721021610996,1.368421052631576,2026-09-02,-1.53,4.0,0.01,0.0,0,True,21.6,NÖTR REJİM,-1.3,191.16666666666663,,,,,,,
SVGYO,18.12,18.08,18.29,17.95,16413509.0,0.2212389380531123,297412783.08000004,0.3930600680946769,1.0,35.933983495873974,-6.501547987616089,1.8941504178272968,2026-09-02,-1.34,-1.65,0.01,0.21,0,False,21.2,NÖTR REJİM,-12.8,18.12,,,,,,,
PATEK,19.65,19.58,19.9,19.45,5059702.0,0.255102040816312,99423144.3,0.2255084562517801,1.0,2.8795811518324457,-19.4672131147541,2.313624678663236,2026-09-02,-1.7,-1.38,0.05,0.28,0,False,19.5,NÖTR REJİM,19.5,19.666666666666664,,,,,,,
SAYAS,56.35,56.6,57.5,54.95,1289887.0,-0.6172839506172865,72685132.45,0.3826868118784762,1.0,16.18556701030928,-16.518518518518515,4.640582347588712,2026-09-02,-1.36,3.87,0.16,0.22,0,False,0.0,NÖTR REJİM,0.0,56.26666666666667,,,,,,,
HDFGS,2.45,2.51,2.52,2.43,28527284.0,-2.3904382470119367,69891845.80000001,0.5897969192108456,1.0,-6.130268199233705,-11.87050359712229,3.7037037037036975,2026-09-02,-0.9,-2.0,0.59,0.0,0,False,0.0,🚨 VWAP ALTI (SABAH TUZAĞI),0.0,2.466666666666667,,,,,,,
ALBRK,8.64,8.72,8.72,8.55,8504950.0,-0.4608294930875478,73482768.0,0.578531079933484,1.0,7.462686567164198,6.012269938650309,1.9883040935672505,2026-09-02,-0.93,-2.0,0.12,0.13,0,True,0.0,NÖTR REJİM,0.0,8.636666666666668,,,,,,,
TEZOL,8.93,9.36,9.36,8.48,7774954.0,-4.695837780149408,69430339.22,1.5856401134448106,1.0,-12.019704433497544,-54.06378600823046,10.49528301886791,2026-09-02,1.29,-0.3,1.03,0.05,2,False,0.0,🪤 DÜŞEN BIÇAK TUZAĞI,0.0,8.923333333333334,,,,,,,
TNZTP,30.96,32.0,32.42,30.74,2441907.0,-3.2499999999999973,75601440.72,0.5000497304266848,1.0,9.090909090909095,21.88976377952757,5.46519193233573,2026-09-02,-1.1,1.7,0.72,0.0,1,True,0.0,🚨 VWAP ALTI (SABAH TUZAĞI),-26.9,31.37333333333333,,,,,,,
DOAS,161.7,164.2,164.2,161.1,469186.0,-1.5225334957369063,75867376.19999999,0.5458339712444409,1.0,-15.118110236220478,-13.297587131367298,1.9242706393544349,2026-09-02,-1.0,5.25,0.37,0.0,0,False,0.0,🚨 VWAP ALTI (SABAH TUZAĞI),0.0,162.33333333333331,,,,,,,
UCAYM,22.5,22.46,22.82,21.88,3475744.0,-0.1774622892635277,78204240.0,0.5276300721379297,1.0,-13.127413127413124,-35.60389238694905,4.296160877513717,2026-09-02,-1.04,-0.15,0.04,0.78,0,False,0.0,🪤 DÜŞEN BIÇAK TUZAĞI,0.0,22.4,,,,,,,
BIOEN,18.6,19.2,19.22,18.51,3199969.0,-4.024767801857573,59519423.400000006,0.3019974560054101,1.0,6.958021851638877,10.254890337877892,4.700162074554281,2026-09-02,-1.54,-0.73,1.03,0.0,1,True,0.0,🚨 VWAP ALTI (SABAH TUZAĞI),0.0,18.776666666666667,,,,,,,
MARMR,2.23,2.23,2.24,2.2,27166593.0,0.0,60581502.39,0.4868928836043196,1.0,0.9049773755656116,-17.71217712177122,1.81818181818182,2026-09-02,-1.13,-2.0,0.0,1.1,0,False,0.0,NÖTR REJİM,0.0,2.223333333333333,,,,,,,
KLYPV,61.6,61.5,61.95,60.45,987872.0,0.0,60852915.2,0.254797401823358,1.0,3.878583473861728,-3.825136612021852,2.481389578163772,2026-09-02,-1.64,1.25,0.0,1.29,0,True,0.0,NÖTR REJİM,0.0,61.333333333333336,,,,,,,
GENKM,9.51,9.77,9.77,9.45,6429591.0,-2.959183673469397,61145410.41,0.5909621271386906,1.0,-9.857819905213278,-34.77366255144033,3.703703703703719,2026-09-02,-0.9,-1.7,0.79,0.0,1,False,0.0,🚨 VWAP ALTI (SABAH TUZAĞI),0.0,9.576666666666666,,,,,,,
EUREN,3.85,3.84,3.9,3.79,16074834.0,0.0,61888110.9,0.5272211017979376,1.0,-2.28426395939086,-21.42857142857144,2.902374670184693,2026-09-02,-1.04,-2.0,0.0,0.36,0,False,0.0,NÖTR REJİM,0.0,3.846666666666666,,,,,,,
BMSTL,43.94,44.82,44.84,43.84,1416343.0,-1.6121809225257475,62234111.42,0.5330855086028239,1.0,2.091078066914495,4.556811421772752,2.2810218978102186,2026-09-02,-1.03,0.0,0.46,0.0,0,True,0.0,🚨 VWAP ALTI (SABAH TUZAĞI),0.0,44.20666666666667,,,,,,,
SMRTG,10.16,10.1,10.23,10.01,6166938.0,-0.3921568627450897,62656090.08,0.2570128496881057,1.0,-5.312208760484625,-18.91460494812449,2.197802197802204,2026-09-02,-1.63,-1.95,0.12,1.29,0,False,0.0,NÖTR REJİM,0.0,10.133333333333336,,,,,,,
ZERGY,9.65,9.75,9.85,9.55,6513783.0,-1.127049180327863,62857089.2,0.3237698082837515,1.0,5.92755214050495,-31.802120141342755,3.141361256544492,2026-09-02,-1.49,-1.75,0.33,0.0,0,False,0.0,🚨 VWAP ALTI (SABAH TUZAĞI),0.0,9.683333333333332,,,,,,,
KARTN,153.6,157.2,159.6,150.0,409269.0,-2.29007633587786,62863718.4,0.635896357046262,1.0,-26.85714285714286,7.41258741258741,6.399999999999996,2026-09-02,-0.8,6.0,0.62,0.0,1,True,0.0,🚨 VWAP ALTI (SABAH TUZAĞI),0.0,154.4,,,,,,,
MOPAS,26.24,25.9,26.5,25.56,2398430.0,1.391035548686242,62934803.2,0.9587537572271896,1.0,-9.204152249134948,-36.587723537941045,3.677621283255091,2026-09-02,-0.09,-0.15,0.4,1.63,0,False,0.0,🪤 DÜŞEN BIÇAK TUZAĞI,0.0,26.1,,,,,,,
OZYSR,11.68,11.93,12.14,11.58,5403354.0,-2.095557418273261,63111174.72,2.5411294573372203,1.0,-5.117790414297326,-6.410256410256416,4.835924006908467,2026-09-02,3.39,-1.1,0.57,0.0,1,True,0.0,🚨 VWAP ALTI (SABAH TUZAĞI),-46.4,11.8,,,,,,,
PAPIL,12.79,12.95,13.6,12.59,7902108.0,-1.463790446841304,101067961.32,0.7601907238778258,1.0,10.544511668107164,-18.638676844783724,8.02223987291501,2026-09-02,-0.53,0.02,0.27,0.0,0,False,0.0,🚨 VWAP ALTI (SABAH TUZAĞI),0.0,12.993333333333332,,,,,,,
KATMR,2.0,2.01,2.02,1.98,51289316.0,-0.4975124378109347,102578632.0,0.7328833818038799,1.0,-10.31390134529148,-30.55555555555555,2.020202020202022,2026-09-02,-0.59,-2.0,0.09,0.0,0,False,0.0,🪤 DÜŞEN BIÇAK TUZAĞI,0.0,2.0,,,,,,,
GESAN,74.65,74.65,74.65,74.65,1374522.0,-9.951749095295536,102608067.3,0.1012693275256972,1.0,-0.9289980092899652,-10.276442307692305,11.051574012056262,2026-09-02,-1.98,-2.0,1.36,0.0,1,False,0.0,NÖTR REJİM,0.0,74.65,,,,,,,
TATEN,8.14,8.32,8.34,8.02,12634185.0,-2.1634615384615348,102842265.9,0.3128575559852305,1.0,-29.40156114483954,-46.62295081967213,3.990024937655864,2026-09-02,-1.51,-1.7,0.38,0.0,0,False,0.0,🚨 VWAP ALTI (SABAH TUZAĞI),0.0,8.166666666666666,,,,,,,
MEYSU,11.72,11.65,12.21,11.38,8908099.0,0.6008583690987149,104402920.28,0.5564375539679244,1.0,9.023255813953494,-34.1202922990444,7.293497363796133,2026-09-02,-0.98,-0.42,0.11,0.15,0,False,0.0,🚨 VWAP ALTI (SABAH TUZAĞI),0.0,11.77,,,,,,,
ALVES,1.34,1.3,1.35,1.3,78226730.0,-2.898550724637668,104823818.2,0.5355076472398219,1.0,-39.09090909090909,-52.8169014084507,6.153846153846142,2026-09-02,-1.02,-2.0,0.49,2.76,1,False,0.0,🪤 DÜŞEN BIÇAK TUZAĞI,0.0,1.33,,,,,,,
AKCNS,240.1,241.3,245.8,238.4,440576.0,0.0,105782297.6,1.6157840555308411,1.0,0.7130872483221429,10.84949215143121,3.1040268456375864,2026-09-02,1.35,6.0,0.0,0.0,2,True,0.0,🚨 VWAP ALTI (SABAH TUZAĞI),0.0,241.43333333333337,,,,,,,
HUNER,3.92,3.98,3.99,3.86,27106049.0,-1.259445843828722,106255712.08,0.5301640211778893,1.0,14.619883040935672,-4.62287104622872,3.367875647668402,2026-09-02,-1.03,-2.0,0.22,0.0,0,True,0.0,NÖTR REJİM,0.0,3.923333333333333,,,,,,,
OZATD,4767.5,4790.0,4862.5,4765.0,22526.0,-1.089211618257261,107392705.0,0.0319431416049989,1.0,23.590408295528192,230.3880803880804,2.0461699895068204,2026-09-02,-2.0,6.0,0.19,0.0,1,False,0.0,🚨 VWAP ALTI (SABAH TUZAĞI),0.0,4798.333333333333,,,,,,,
KCAER,15.14,15.33,15.33,14.89,7490386.0,-1.4322916666666594,113404444.04,0.5199256115721114,1.0,0.3313452617627615,10.349854227405247,3.1564808596373326,2026-09-02,-1.06,-1.4,0.24,0.3,0,True,0.0,NÖTR REJİM,0.0,15.12,,,,,,,
BESTE,31.94,32.02,32.18,31.06,3558869.0,-0.187499999999996,113670275.86,0.4080155127269355,1.0,14.071428571428577,-10.782122905027922,3.605924018029624,2026-09-02,-1.3,0.3,0.03,1.26,0,False,0.0,NÖTR REJİM,-44.5,31.726666666666663,,,,,,,
GRSEL,291.25,300.0,301.5,289.25,390684.0,-2.9166666666666665,113786715.0,1.1315764168310856,1.0,-19.041000694927032,-8.627450980392156,4.235090751944685,2026-09-02,0.29,6.0,0.46,0.0,1,True,0.0,🚨 VWAP ALTI (SABAH TUZAĞI),0.0,294.0,,,,,,,
ISMEN,32.98,33.8,33.8,32.96,3505985.0,-2.8285209192693013,115624087.29999998,0.4773798735789632,1.0,-4.956772334293965,-12.65889830508475,2.973300970873777,2026-09-02,-1.15,-0.4,0.44,0.0,0,False,0.0,🚨 VWAP ALTI (SABAH TUZAĞI),0.0,33.24666666666666,,,,,,,
TARKM,525.0,548.5,548.5,519.0,150096.0,-4.545454545454546,78800400.0,0.591159546437391,1.0,13.32973556395035,-12.353923205342236,5.973025048169557,2026-09-02,-0.9,6.0,0.91,0.0,2,False,0.0,🚨 VWAP ALTI (SABAH TUZAĞI),0.0,530.8333333333334,,,,,,,
ENSRI,4.98,5.03,5.1,4.94,13384137.0,-0.7968127490039673,66628102.260000005,0.423766027675702,1.0,-7.777777777777776,-59.67611336032388,3.2388663967611184,2026-09-02,-1.27,-2.0,0.23,0.0,0,False,0.0,🚨 VWAP ALTI (SABAH TUZAĞI),0.0,5.006666666666667,,,,,,,
TABGD,231.7,232.2,232.2,225.8,352067.0,-0.4297378599054577,81573923.89999999,0.6274297136221503,1.0,-5.428571428571433,-15.437956204379566,3.0558015943312564,2026-09-02,-0.82,6.0,0.1,1.86,2,False,0.0,NÖTR REJİM,0.0,229.9,,,,,,,
ARCLK,89.75,90.25,90.35,89.35,910908.0,-0.554016620498615,81753993.0,0.491896788442768,1.0,-8.13715455475947,-15.330188679245284,1.1191941801902632,2026-09-02,-1.12,0.0,0.13,0.0,0,False,0.0,NÖTR REJİM,0.0,89.81666666666666,,,,,,,
BLCYT,2.07,1.99,2.14,1.99,39576028.0,4.545454545454539,81922377.96,0.9361444331697124,1.0,6.481481481481476,-41.65727170236753,8.040201005025132,2026-09-02,-0.14,-2.0,0.88,1.11,1,False,0.0,🪤 DÜŞEN BIÇAK TUZAĞI,0.0,2.0666666666666664,,,,,,,
DAGI,10.05,10.5,10.73,9.78,8203644.0,-5.278039585296878,82446622.2,0.9658292694593784,1.0,12.040133779264211,39.19667590027703,9.713701431492854,2026-09-02,-0.08,-0.12,0.99,0.0,1,True,0.0,🚨 VWAP ALTI (SABAH TUZAĞI),0.0,10.186666666666666,,,,,,,
MEGMT,44.46,45.0,45.0,44.0,1866701.0,-1.1999999999999982,82993526.46000001,0.1665742716997406,1.0,-35.56521739130435,-42.63225806451613,2.272727272727273,2026-09-02,-1.83,0.0,0.27,0.0,0,False,0.0,🪤 DÜŞEN BIÇAK TUZAĞI,0.0,44.48666666666667,,,,,,,
EKDMR,46.1,47.1,47.26,45.42,1888071.0,-2.9882154882154914,87040073.10000001,0.207242215197229,1.0,-6.148208469055366,-24.97965825874695,4.623513870541615,2026-09-02,-1.74,2.1,0.59,0.0,0,False,0.0,🚨 VWAP ALTI (SABAH TUZAĞI),0.0,46.26,,,,,,,
TRGYO,92.45,93.9,93.9,91.9,951241.0,-2.0656779661016977,87942230.45,0.5503351883974996,1.0,-1.439232409381657,-2.3759239704329462,2.720348204570185,2026-09-02,-0.99,2.5,0.42,0.0,0,True,0.0,🚨 VWAP ALTI (SABAH TUZAĞI),0.0,92.75,,,,,,,
TKNSA,16.86,16.93,17.42,16.11,5235699.0,-0.2366863905325393,88273885.14,0.3440939366834175,1.0,3.8177339901477896,-19.4072657743786,8.131595282433286,2026-09-02,-1.44,0.78,0.05,0.32,0,False,0.0,NÖTR REJİM,0.0,16.796666666666667,,,,,,,
SURGY,30.2,30.84,31.26,30.14,2987666.0,-1.4360313315926936,90227513.2,0.4413933485607424,1.0,-56.23188405797101,-56.20014503263234,3.715992037159924,2026-09-02,-1.23,0.3,0.3,0.0,0,False,0.0,🚨 VWAP ALTI (SABAH TUZAĞI),0.0,30.53333333333333,,,,,,,
MAVI,36.68,37.1,37.26,36.54,1810687.0,-1.0787486515641818,66415999.16,0.4321348955979942,1.0,-6.237218813905925,-13.815789473684216,1.9704433497536915,2026-09-02,-1.25,-0.7,0.3,0.0,0,False,0.0,🚨 VWAP ALTI (SABAH TUZAĞI),0.0,36.82666666666666,,,,,,,
ORGE,23.4,23.32,23.74,22.98,2847197.0,-0.5947323704333074,66624409.8,0.3867384906398005,1.0,14.705882352941178,7.834101382488477,3.307223672758912,2026-09-02,-1.35,-0.6,0.17,0.42,0,True,0.0,NÖTR REJİM,-38.4,23.37333333333333,,,,,,,
ESEN,3.44,3.54,3.55,3.42,19438938.0,-3.0985915492957714,66869946.72,0.5673859773326434,1.0,2.077151335311568,-16.30170316301704,3.801169590643272,2026-09-02,-0.95,-2.0,0.76,0.0,1,False,0.0,🚨 VWAP ALTI (SABAH TUZAĞI),0.0,3.47,,,,,,,
KOCMT,3.77,4.02,4.02,3.77,18060958.0,-9.80861244019138,68089811.66,0.3295504637669489,1.0,-33.62676056338028,43.34600760456274,10.87533156498673,2026-09-02,-1.47,-1.88,1.78,0.0,1,True,0.0,🚨 VWAP ALTI (SABAH TUZAĞI),0.0,3.853333333333333,,,,,,,
TUKAS,2.0,2.0,2.01,1.98,34635822.0,-0.4975124378109347,69271644.0,0.6003469397765865,1.0,0.0,-18.367346938775515,1.5151515151515054,2026-09-02,-0.88,-2.0,0.14,0.73,0,False,0.0,NÖTR REJİM,0.0,1.9966666666666668,,,,,,,
OTKAR,320.75,321.0,325.0,317.75,248436.0,-0.0778816199376947,79685847.0,0.5068664949201341,1.0,11.178509532062392,-14.807436918990703,2.2816679779701023,2026-09-02,-1.08,6.0,0.02,0.0,1,False,0.0,NÖTR REJİM,-52.9,321.1666666666667,,,,,,,
SOHOE,10.48,10.6,10.78,10.43,4993896.0,-2.420856610800743,52336030.080000006,0.1821635476722758,1.0,0.2870813397129295,-35.50769230769231,3.3557046979865737,2026-09-02,-1.8,-1.63,0.76,0.0,1,False,0.0,🚨 VWAP ALTI (SABAH TUZAĞI),0.0,10.563333333333334,,,,,,,
PNSUT,11.18,11.3,12.08,10.94,4061458.0,-0.7104795737122565,45407100.44,0.7075815829182691,1.0,4.681647940074907,-16.629381058911264,10.42047531992688,2026-09-02,-0.64,0.35,0.29,0.0,0,False,0.0,🚨 VWAP ALTI (SABAH TUZAĞI),0.0,11.4,,,,,,,
ANHYT,103.3,104.7,104.7,102.3,356220.0,-1.337153772683864,36797526.0,0.5376301080104954,1.0,-11.709401709401712,-0.9587727708533078,2.3460410557184805,2026-09-02,-1.02,3.5,0.62,0.0,0,True,0.0,NÖTR REJİM,0.0,103.43333333333334,,,,,,,
GZNMI,54.05,53.5,54.75,52.3,681473.0,0.8395522388059622,36833615.65,0.3137538565859247,1.0,-12.327656123276563,-27.93333333333334,4.684512428298285,2026-09-02,-1.51,3.63,0.41,1.35,0,False,0.0,🪤 DÜŞEN BIÇAK TUZAĞI,0.0,53.69999999999999,,,,,,,
ENDAE,17.32,17.73,17.81,17.09,2141298.0,-2.312464749012973,37087281.36,0.2838592932044144,1.0,13.872452333990791,-4.939626783754109,4.212990052662369,2026-09-02,-1.58,-0.7,0.97,0.0,1,True,0.0,🚨 VWAP ALTI (SABAH TUZAĞI),0.0,17.406666666666666,,,,,,,
IHLAS,1.06,1.06,1.07,1.05,35114046.0,0.0,37220888.760000005,0.3765838419026358,1.0,0.9523809523809532,-32.24549079678995,1.9047619047619064,2026-09-02,-1.37,-2.0,0.0,0.0,0,False,0.0,🪤 DÜŞEN BIÇAK TUZAĞI,0.0,1.06,,,,,,,
LYDHO,141.8,141.0,144.0,136.0,272088.0,-0.9776536312849003,38582078.400000006,0.7215726043847559,1.0,-24.57446808510638,-27.50511247443762,5.882352941176471,2026-09-02,-0.61,6.0,0.45,1.17,1,False,0.0,🪤 DÜŞEN BIÇAK TUZAĞI,0.0,140.6,,,,,,,
GOKNR,17.37,17.56,17.67,17.19,2251988.0,-1.138303927148545,39117031.56,0.2752948678015265,1.0,-25.83262169086252,-27.26130653266331,2.792321116928449,2026-09-02,-1.59,-1.3,0.51,0.0,0,False,0.0,🚨 VWAP ALTI (SABAH TUZAĞI),0.0,17.41,,,,,,,
HOROZ,57.15,57.8,57.9,56.55,684626.0,-2.30769230769231,39126375.9,0.3162142855625255,1.0,3.1588447653429603,-16.93313953488372,3.44827586206897,2026-09-02,-1.5,0.88,0.93,0.0,1,False,0.0,NÖTR REJİM,0.0,57.2,,,,,,,
A1CAP,7.61,7.72,7.72,7.57,5151930.0,-1.4248704663212364,39206187.3,0.68676383751624,1.0,-14.686098654708518,-25.24557956777996,1.9815059445178265,2026-09-02,-0.69,-2.0,0.62,0.0,0,False,0.0,🚨 VWAP ALTI (SABAH TUZAĞI),0.0,7.633333333333334,,,,,,,
LOGO,133.5,135.1,135.4,132.6,320185.0,-1.6212232866617455,42744697.5,0.6023669124408637,1.0,-2.197802197802198,-15.984896161107615,2.337858220211157,2026-09-02,-0.87,4.5,0.64,0.0,0,False,0.0,🚨 VWAP ALTI (SABAH TUZAĞI),0.0,133.83333333333334,,,,,,,
ICUGS,4.01,4.28,4.28,3.86,10698645.0,-6.308411214953281,42901566.45,0.9897550431792768,1.0,-26.824817518248185,-32.83082077051927,10.880829015544052,2026-09-02,-0.02,-1.45,1.81,0.0,1,False,0.0,🚨 VWAP ALTI (SABAH TUZAĞI),0.0,4.05,,,,,,,
OYYAT,35.9,37.02,38.88,35.38,1206912.0,-2.972972972972977,43328140.8,1.6538442143297232,1.0,7.036374478234942,-26.4344262295082,9.892594686263426,2026-09-02,1.44,6.0,1.04,0.0,3,False,0.0,🚨 VWAP ALTI (SABAH TUZAĞI),0.0,36.72,,,,,,,
ULUUN,8.51,8.55,8.71,8.3,5126298.0,-1.1614401858304255,43624795.98,0.3977658960681063,1.0,6.374999999999997,-1.1614401858304255,4.939759036144579,2026-09-02,-1.32,-1.47,0.47,0.05,0,True,0.0,NÖTR REJİM,0.0,8.506666666666668,,,,,,,
LXGYO,9.98,10.19,10.21,9.94,4459758.0,-2.0608439646712373,44508384.84,0.5917159857523511,1.0,-4.952380952380948,-41.56908665105386,2.7162977867203355,2026-09-02,-0.9,-1.82,0.76,0.0,1,False,0.0,🚨 VWAP ALTI (SABAH TUZAĞI),0.0,10.043333333333331,,,,,,,
AKFYE,22.52,22.8,22.82,22.36,2893516.0,-1.1413520632133518,65161980.32,0.3875022451837627,1.0,-6.710853355426682,2.550091074681233,2.0572450805008984,2026-09-02,-1.35,-1.35,0.32,0.0,0,True,0.0,🚨 VWAP ALTI (SABAH TUZAĞI),0.0,22.566666666666663,,,,,,,
KPEKS,99.75,105.9,107.3,99.3,24182040.0,-9.564823209428829,2412158490.0,1.0,1.0,-3.529980657640237,-3.529980657640237,11.07754279959718,2026-09-02,0.0,6.0,0.08,0.0,1,True,0.0,🚨 VWAP ALTI (SABAH TUZAĞI),0.0,102.11666666666666,,,,,,,
TTKOM,50.0,51.25,51.3,49.72,22504702.0,-3.0067895247332634,1125235100.0,0.7155503476635076,1.0,-2.912621359223301,-20.82343626286619,3.680611423974253,2026-09-02,-0.63,1.45,0.05,0.0,0,False,0.0,🚨 VWAP ALTI (SABAH TUZAĞI),0.0,50.33999999999999,,,,,,,
PSDTC,166.9,168.9,175.0,165.3,272131.0,-1.533923303834805,45418663.9,0.4433215057138952,1.0,3.4076827757125154,36.6912366912367,5.8681185722927935,2026-09-02,-1.22,6.0,0.58,0.0,1,True,0.0,🚨 VWAP ALTI (SABAH TUZAĞI),0.0,169.0666666666667,,,,,,,
AKGRT,6.07,6.17,6.17,6.02,7505821.0,-1.6207455429497513,45560333.47,0.6370391580996586,1.0,-9.806835066864783,-20.757180156657963,2.4916943521594743,2026-09-02,-0.8,-2.0,0.61,0.0,0,False,0.0,🚨 VWAP ALTI (SABAH TUZAĞI),0.0,6.086666666666666,,,,,,,
BORLS,3.96,4.05,4.18,3.91,11596795.0,-4.1162227602905554,45923308.2,0.674826330400102,1.0,-26.66666666666667,-38.22152886115445,6.905370843989759,2026-09-02,-0.72,-1.83,1.28,0.0,1,False,0.0,🚨 VWAP ALTI (SABAH TUZAĞI),0.0,4.016666666666667,,,,,,,
YYLGD,9.97,10.04,10.06,9.91,4644084.0,-0.6972111553784712,46301517.48,0.6095176267104382,1.0,1.3211382113821215,-15.508474576271183,1.5136226034308815,2026-09-02,-0.86,-2.0,0.28,0.0,0,False,0.0,NÖTR REJİM,0.0,9.98,,,,,,,
ADESE,0.85,0.85,0.86,0.83,54839895.0,0.0,46613910.75,0.4535046580843506,1.0,-2.2988505747126458,-16.66666666666667,3.614457831325304,2026-09-02,-1.2,-2.0,0.0,0.73,0,False,0.0,NÖTR REJİM,0.0,0.8466666666666667,,,,,,,
EGEEN,4852.5,4980.0,4980.0,4820.0,9701.0,-2.706766917293233,47074102.5,0.9074921187288936,1.0,-8.486562942008486,-15.054704595185996,3.475103734439834,2026-09-02,-0.2,6.0,0.91,0.0,2,False,0.0,🚨 VWAP ALTI (SABAH TUZAĞI),0.0,4884.166666666667,,,,,,,
ECOGR,32.72,33.58,33.58,32.24,1439406.0,-2.6190476190476266,47097364.32,0.2037208523048235,1.0,-9.111111111111114,-10.941752857920532,4.2183622828784095,2026-09-02,-1.75,0.85,0.88,0.0,1,False,0.0,🚨 VWAP ALTI (SABAH TUZAĞI),0.0,32.846666666666664,,,,,,,
FRIGO,2.48,2.53,2.54,2.45,19111813.0,-0.8000000000000007,47397296.24,0.3786559791119969,1.0,16.43192488262911,-20.000000000000004,3.673469387755096,2026-09-02,-1.37,-2.0,0.31,0.0,0,False,0.0,🚨 VWAP ALTI (SABAH TUZAĞI),-29.7,2.49,,,,,,,
IZENR,6.92,7.1,7.28,6.47,126205787.0,-2.8089887640449462,873344046.04,4.123276033445539,1.0,-19.81460023174972,-36.63003663003663,12.519319938176206,2026-09-02,6.0,-0.47,0.06,0.24,1,False,0.0,🪤 DÜŞEN BIÇAK TUZAĞI,0.0,6.890000000000001,,,,,,,
SISE,38.74,39.3,39.4,38.38,23757910.0,-2.072800808897877,920381433.4,0.4413957999501479,1.0,-7.980997624703086,-16.723989681857265,3.0745179781136,2026-09-02,-1.23,0.05,0.04,0.0,0,False,0.0,🚨 VWAP ALTI (SABAH TUZAĞI),0.0,38.84,,,,,,,
SARAE,81.15,85.0,85.2,79.6,12045137.0,-4.976580796252927,977462867.55,0.2905702673960263,1.0,9.58811613774478,5.389610389610397,7.286432160804034,2026-09-02,-1.56,6.0,0.1,0.0,1,True,0.0,🚨 VWAP ALTI (SABAH TUZAĞI),0.0,81.98333333333333,,,,,,,
EKGYO,19.65,19.6,19.68,19.33,54209792.0,-0.5063291139240579,1065222412.8,0.4032004860904342,1.0,8.563535911602193,-1.3058764439979988,2.172788411795146,2026-09-02,-1.31,-1.62,0.01,2.08,1,True,0.0,NÖTR REJİM,0.0,19.55333333333333,,,,,,,
HALKB,40.4,40.52,41.5,40.2,27709318.0,-1.1741682974559784,1119456447.2,0.5544423504687502,1.0,6.203995793901155,-15.481171548117151,3.233830845771137,2026-09-02,-0.98,0.75,0.02,0.0,0,False,0.0,🚨 VWAP ALTI (SABAH TUZAĞI),0.0,40.7,,,,,,,
ADEL,32.04,32.88,32.9,31.88,1392869.0,-2.5547445255474552,44627522.76,0.1931983217490127,1.0,7.516778523489927,-0.6203473945409517,3.1994981179422823,2026-09-02,-1.77,0.05,0.91,0.0,1,True,0.0,🚨 VWAP ALTI (SABAH TUZAĞI),0.0,32.27333333333333,,,,,,,
CGCAM,33.04,33.94,34.3,32.56,1940927.0,-3.673469387755097,64128228.08,0.8601058550507151,1.0,-17.192982456140353,-28.17391304347826,5.343980343980328,2026-09-02,-0.31,1.85,0.91,0.0,1,False,0.0,🚨 VWAP ALTI (SABAH TUZAĞI),0.0,33.300000000000004,,,,,,,
KBORU,19.0,19.5,19.7,18.89,3488933.0,-2.363823227132584,66289727.0,0.1959616289989149,1.0,-23.201293451899755,-24.6031746031746,4.287983059820004,2026-09-02,-1.77,-0.48,0.61,0.0,0,False,0.0,🚨 VWAP ALTI (SABAH TUZAĞI),0.0,19.19666666666667,,,,,,,
ONRYT,59.05,57.95,59.6,57.25,889580.0,2.251082251082246,52529699.0,0.8866990261939931,1.0,0.0847457627118595,-36.0930735930736,4.104803493449785,2026-09-02,-0.25,3.38,0.71,2.01,2,False,0.0,🪤 DÜŞEN BIÇAK TUZAĞI,0.0,58.63333333333332,,,,,,,
LMKDC,22.58,23.12,23.16,22.46,2331393.0,-1.8260869565217464,52642853.94,0.5310725892121598,1.0,-1.740644038294178,-30.30864197530864,3.1166518254674944,2026-09-02,-1.03,-0.75,0.6,0.0,0,False,0.0,🚨 VWAP ALTI (SABAH TUZAĞI),0.0,22.73333333333333,,,,,,,
MAALT,1013.0,1001.0,1053.0,990.5,51994.0,0.8964143426294822,52669922.0,1.1833627311522048,1.0,0.6958250497017893,-15.371762740183792,6.309944472488642,2026-09-02,0.4,6.0,0.31,0.35,1,False,0.0,🚨 VWAP ALTI (SABAH TUZAĞI),0.0,1018.8333333333334,,,,,,,
NTHOL,42.4,43.1,43.12,42.16,1267121.0,-1.9879796578825693,53725930.4,0.7523873250221315,1.0,-7.785993910395821,7.341772151898732,2.609108159392793,2026-09-02,-0.54,-0.1,0.63,0.0,0,True,0.0,🚨 VWAP ALTI (SABAH TUZAĞI),0.0,42.56,,,,,,,
AKSGY,9.73,9.95,10.05,9.43,5558004.0,-2.407221664994987,54079378.92,0.9204336978450194,1.0,2.0986358866736734,5.303030303030305,6.5747613997879215,2026-09-02,-0.18,-0.95,0.74,0.0,1,True,0.0,NÖTR REJİM,0.0,9.736666666666666,,,,,,,
QUAGR,3.1,3.13,3.14,3.07,17521628.0,-0.3215434083601217,54317046.8,0.3486084460865622,1.0,-10.144927536231886,-33.18965517241379,2.2801302931596186,2026-09-02,-1.43,-2.0,0.12,0.0,0,False,0.0,🪤 DÜŞEN BIÇAK TUZAĞI,0.0,3.103333333333333,,,,,,,
REEDR,5.49,5.65,5.65,5.45,9901402.0,-2.831858407079648,54358696.98,0.9312387003366186,1.0,-16.43835616438356,-23.43096234309623,3.669724770642205,2026-09-02,-0.15,-2.0,0.84,0.0,1,False,0.0,🚨 VWAP ALTI (SABAH TUZAĞI),0.0,5.530000000000001,,,,,,,
HATSN,65.65,68.05,70.0,65.65,843135.0,-9.945130315500684,55351812.75000001,0.0745091619974296,1.0,15.989399293286226,12.318220701454235,11.043412033511045,2026-09-02,-2.0,6.0,2.06,0.0,2,True,0.0,🚨 VWAP ALTI (SABAH TUZAĞI),0.0,67.10000000000001,,,,,,,
ECZYT,305.5,317.0,317.0,304.0,181572.0,-3.015873015873016,55470246.0,0.5937501430648379,1.0,-3.399209486166008,-15.13888888888889,4.276315789473684,2026-09-02,-0.89,6.0,0.87,0.0,2,False,0.0,🚨 VWAP ALTI (SABAH TUZAĞI),0.0,308.8333333333333,,,,,,,
ANSGR,26.42,26.8,26.8,26.08,2142060.0,-1.6381236038719202,56593225.2,0.4708786838135519,1.0,-3.435672514619875,-6.510969568294409,2.9907975460122747,2026-09-02,-1.16,-0.7,0.51,0.0,0,True,0.0,NÖTR REJİM,0.0,26.433333333333334,,,,,,,
SSAAT,35.2,35.26,35.6,34.84,1648512.0,-0.1701644923425841,58027622.400000006,0.2906686981765816,1.0,-0.4524886877827958,-34.81481481481481,2.181400688863369,2026-09-02,-1.56,-0.6,0.06,0.0,0,False,0.0,🪤 DÜŞEN BIÇAK TUZAĞI,0.0,35.21333333333333,,,,,,,
TGSAS,224.5,232.6,232.7,221.0,259301.0,-3.4823731728288885,58213074.5,0.2006848644492351,1.0,19.861185264281893,35.89588377723972,5.294117647058818,2026-09-02,-1.76,6.0,0.94,0.0,2,True,0.0,🚨 VWAP ALTI (SABAH TUZAĞI),0.0,226.0666666666667,,,,,,,
SAFKR,17.05,16.88,17.35,16.55,3422219.0,1.3071895424836746,58348833.95,0.9576201299129192,1.0,-12.608918503331628,-25.8695652173913,4.833836858006047,2026-09-02,-0.09,-0.5,0.4,0.93,0,False,0.0,🪤 DÜŞEN BIÇAK TUZAĞI,0.0,16.983333333333334,,,,,,,
BRYAT,1641.0,1650.0,1667.0,1633.0,31197.0,-1.3822115384615383,51194277.0,0.3612783535240186,1.0,-4.869565217391305,-18.601190476190474,2.082057562767912,2026-09-02,-1.41,6.0,0.48,0.0,1,False,0.0,🚨 VWAP ALTI (SABAH TUZAĞI),0.0,1647.0,,,,,,,
OZSUB,43.36,44.5,44.5,42.96,1180071.0,-1.1850501367365611,51167878.56,0.3804240899570182,1.0,23.744292237442924,39.42122186495176,3.584729981378024,2026-09-02,-1.36,1.35,0.42,0.0,0,False,0.0,🚨 VWAP ALTI (SABAH TUZAĞI),0.0,43.60666666666666,,,,,,,
ESCOM,5.24,5.33,5.34,5.2,9536125.0,-2.238805970149256,49969295.0,0.4513434091715059,1.0,-2.0560747663551298,-1.503759398496242,3.07692307692308,2026-09-02,-1.21,-2.0,0.74,0.0,1,True,0.0,🚨 VWAP ALTI (SABAH TUZAĞI),0.0,5.26,,,,,,,
ONCSM,205.8,212.1,214.5,205.4,238311.0,-4.678091709124592,49044403.8,0.2313151283885301,1.0,-18.9763779527559,-25.70397111913357,5.111976630963973,2026-09-02,-1.69,6.0,1.34,0.0,2,False,0.0,🚨 VWAP ALTI (SABAH TUZAĞI),0.0,208.5666666666667,,,,,,,
ISDMR,53.55,53.65,53.65,52.0,907555.0,0.0,48599570.25,0.5585766790058984,1.0,-3.4265103697024446,-13.41956345998384,3.17307692307692,2026-09-02,-0.97,1.62,0.0,1.93,1,False,0.0,NÖTR REJİM,0.0,53.06666666666666,,,,,,,
SNGYO,3.37,3.37,3.39,3.27,14193100.0,0.0,47830747.0,0.7471516852263126,1.0,6.309148264984233,-10.372340425531908,3.669724770642205,2026-09-02,-0.56,-2.0,0.0,1.47,0,False,0.0,NÖTR REJİM,0.0,3.3433333333333337,,,,,,,
TUREX,6.21,6.35,6.37,6.18,7685540.0,-2.204724409448814,47727203.4,0.435100359419163,1.0,-8.0,-32.49999999999999,3.074433656957935,2026-09-02,-1.24,-2.0,0.76,0.0,1,False,0.0,🚨 VWAP ALTI (SABAH TUZAĞI),0.0,6.253333333333334,,,,,,,
KAREL,8.37,8.4,8.49,8.24,5671785.0,-1.8757327080890995,47472840.45,0.4828896894256233,1.0,-15.454545454545466,-35.366795366795365,3.519417475728145,2026-09-02,-1.14,-1.88,0.67,0.09,0,False,0.0,🪤 DÜŞEN BIÇAK TUZAĞI,0.0,8.366666666666667,,,,,,,
HRKET,93.45,93.85,95.5,91.35,628954.0,-0.4792332268370637,58775751.3,0.4855801485875841,1.0,-2.656249999999997,-19.92287917737789,4.542966611932136,2026-09-02,-1.13,6.0,0.16,0.03,1,False,0.0,NÖTR REJİM,0.0,93.43333333333334,,,,,,,
FONET,4.87,4.86,4.92,4.81,8739671.0,-0.6122448979591887,42562197.77,0.4259969356701688,1.0,-8.630393996247655,-18.288590604026844,2.286902286902294,2026-09-02,-1.26,-2.0,0.27,0.36,0,False,0.0,NÖTR REJİM,0.0,4.866666666666667,,,,,,,
KLRHO,65.3,65.55,65.6,64.7,646954.0,-1.0606060606060648,42246096.2,0.1934655374054835,1.0,-12.113055181695827,-35.917566241413155,2.0092735703245705,2026-09-02,-1.77,-0.25,0.45,0.73,0,False,0.0,🪤 DÜŞEN BIÇAK TUZAĞI,0.0,65.2,,,,,,,
DOGUB,67.9,70.2,70.75,63.7,615070.0,0.8915304606240841,41763253.0,1.8328035693586544,1.0,-14.912280701754376,-34.83685220729366,11.067503924646775,2026-09-02,1.83,6.0,0.39,0.42,2,False,0.0,🪤 DÜŞEN BIÇAK TUZAĞI,0.0,67.45,,,,,,,
LINK,5.18,5.24,5.26,5.15,7969689.0,-1.5209125475285186,41282989.02,0.5516856408822594,1.0,-10.380622837370252,-31.752305665349144,2.135922330097076,2026-09-02,-0.99,-2.0,0.63,0.0,0,False,0.0,🚨 VWAP ALTI (SABAH TUZAĞI),0.0,5.196666666666666,,,,,,,
RUBNS,32.0,32.8,32.9,31.6,1288521.0,-2.735562310030391,41232672.0,0.4414404902009688,1.0,39.61605584642233,2.1711366538952737,4.113924050632902,2026-09-02,-1.23,0.75,1.02,0.0,1,False,0.0,🚨 VWAP ALTI (SABAH TUZAĞI),0.0,32.166666666666664,,,,,,,
AKENR,10.35,10.48,10.48,10.21,3959093.0,-1.240458015267183,40976612.55,0.3671493121578896,1.0,2.9850746268656607,-23.72881355932204,2.6444662095984284,2026-09-02,-1.39,-1.83,0.53,0.08,0,False,0.0,NÖTR REJİM,0.0,10.346666666666666,,,,,,,
SARKY,24.04,24.4,24.5,23.78,2456770.0,-2.037489812550937,59060750.8,0.3160105602942855,1.0,0.6700167504187611,-26.617826617826616,3.195962994112691,2026-09-02,-1.5,-0.7,0.59,0.0,0,False,0.0,🚨 VWAP ALTI (SABAH TUZAĞI),0.0,24.106666666666666,,,,,,,
TBORG,147.4,150.0,153.8,145.0,400656.0,-10.666666666666664,59056694.400000006,0.7489977993086104,1.0,11.66666666666667,7.356154406409318,13.79310344827586,2026-09-02,-0.55,6.0,2.06,0.0,2,True,0.0,🚨 VWAP ALTI (SABAH TUZAĞI),0.0,148.73333333333335,,,,,,,
AAGYO,12.34,12.35,12.42,12.27,3453398.0,-0.3231017770597812,42614931.32,0.4175231221365618,1.0,-4.710424710424706,-30.86834733893558,1.222493887530565,2026-09-02,-1.28,-2.0,0.15,0.0,0,False,0.0,🪤 DÜŞEN BIÇAK TUZAĞI,0.0,12.343333333333334,,,,,,,
SKBNK,6.29,6.28,6.47,6.23,79293593.0,-0.4746835443038014,498756699.97,0.5907894714019563,1.0,-4.55235204855842,-51.98473282442748,3.852327447833055,2026-09-02,-0.9,-1.9,0.02,0.07,0,False,0.0,🚨 VWAP ALTI (SABAH TUZAĞI),0.0,6.329999999999999,,,,,,,
GIPTA,70.3,73.5,74.0,68.9,7350101.0,-7.984293193717288,516712100.3,0.7395980411325773,1.0,21.942758022549867,-5.319865319865324,10.88534107402032,2026-09-02,-0.57,6.0,0.29,0.0,1,True,0.0,🚨 VWAP ALTI (SABAH TUZAĞI),0.0,71.06666666666666,,,,,,,
PASEU,202.3,202.1,209.1,195.4,9544312.0,-6.817134960847528,1930814317.6,0.726398780152679,1.0,32.22222222222223,87.14153561517116,11.105424769703168,2026-09-02,-0.6,6.0,0.07,0.04,1,False,0.0,NÖTR REJİM,0.0,202.26666666666665,,,,,,,
SAHOL,90.8,92.45,92.45,89.4,22752740.0,-2.575107296137345,2065948792.0,0.5860630280550234,1.0,5.827505827505828,-0.4385964912280763,4.250559284116328,2026-09-02,-0.91,5.12,0.02,0.0,0,True,0.0,NÖTR REJİM,0.0,90.88333333333334,,,,,,,
EREGL,37.78,37.5,37.96,37.16,55966507.0,0.0,2114414634.46,0.3082276384793361,1.0,-11.68770453482936,-6.899950714637746,2.152852529601734,2026-09-02,-1.52,-0.5,0.0,1.84,1,True,0.0,NÖTR REJİM,0.0,37.63333333333333,,,,,,,
GARAN,129.9,132.0,132.7,128.0,16511597.0,-2.2573363431151243,2144856450.3,0.4379166286852987,1.0,3.920000000000005,2.525651144435677,3.828125000000005,2026-09-02,-1.24,6.0,0.02,0.0,1,True,0.0,🚨 VWAP ALTI (SABAH TUZAĞI),0.0,130.20000000000002,,,,,,,
SASA,2.3,2.35,2.35,2.27,1103126208.0,-2.5423728813559343,2537190278.4,0.5072676119565099,1.0,-7.630522088353429,-13.533834586466176,3.964757709251095,2026-09-02,-1.08,-2.0,0.02,0.0,0,False,0.0,🚨 VWAP ALTI (SABAH TUZAĞI),0.0,2.306666666666666,,,,,,,
METEN,19.67,20.66,20.78,19.54,15311627.0,-4.791868344627292,301179703.09000003,0.2159754844363001,1.0,-1.1060834590246298,-10.590909090909085,6.345957011258967,2026-09-02,-1.72,0.6,0.3,0.0,0,False,0.0,🚨 VWAP ALTI (SABAH TUZAĞI),0.0,19.996666666666663,,,,,,,
ODINE,1631.0,1693.0,1751.0,1631.0,189614.0,-9.98896247240618,309260434.0,0.2349014781223887,1.0,-34.57681508223025,14.859154929577464,11.097486204782342,2026-09-02,-1.68,6.0,0.56,0.0,1,True,0.0,🚨 VWAP ALTI (SABAH TUZAĞI),0.0,1671.0,,,,,,,
GOLDA,12.54,13.24,13.28,12.04,24815771.0,-5.926481620405108,311189768.34,0.6125509082425941,1.0,-7.794117647058828,23.91304347826087,10.714285714285722,2026-09-02,-0.85,0.6,0.35,0.0,0,True,0.0,🚨 VWAP ALTI (SABAH TUZAĞI),0.0,12.62,,,,,,,
SDTTR,21.72,21.22,22.74,21.12,15507484.0,2.549575070821526,336822552.48,1.224039439440351,1.0,5.81055753774974,-10.767417770218898,7.670454545454533,2026-09-02,0.49,1.55,0.15,0.56,0,False,0.0,🚨 VWAP ALTI (SABAH TUZAĞI),-63.8,21.86,,,,,,,
YEOTK,32.22,33.5,33.5,30.7,10504675.0,-3.820895522388063,338460628.5,0.6426681784957587,1.0,-18.389057750759875,-36.69717646708797,9.12052117263844,2026-09-02,-0.79,4.5,0.21,0.19,0,False,0.0,🪤 DÜŞEN BIÇAK TUZAĞI,0.0,32.14,,,,,,,
AEFES,17.85,17.98,18.03,17.74,19234616.0,-1.2721238938052926,343337895.6,0.3709086240967579,1.0,-19.23076923076923,-11.282306163021865,1.9165727170236744,2026-09-02,-1.38,-1.77,0.07,0.0,0,False,0.0,NÖTR REJİM,0.0,17.87333333333333,,,,,,,
EGEGY,25.9,26.38,27.08,23.98,13369971.0,-2.777777777777785,346282248.9,3.2765128730597985,1.0,-10.689655172413795,-13.66666666666667,12.92743953294411,2026-09-02,5.01,5.25,0.15,0.53,1,False,0.0,🚨 KURUMSAL BOŞALTIM (DUMP),0.0,25.653333333333336,,,,,,,
GEREL,36.32,36.9,36.9,35.4,3751176.0,-1.7847485127095637,136242712.32,0.6294212418544434,1.0,-13.564969062351263,-6.39175257731958,4.463276836158188,2026-09-02,-0.82,1.25,0.25,0.5,0,True,0.0,NÖTR REJİM,0.0,36.20666666666667,,,,,,,
PSGYO,3.07,3.13,3.15,2.98,115275379.0,-2.848101265822794,353895413.53,0.891858164419186,1.0,-12.034383954154736,-0.3246753246753321,6.040268456375844,2026-09-02,-0.24,-2.0,0.15,0.13,0,True,0.0,NÖTR REJİM,0.0,3.0666666666666664,,,,,,,
KGYO,11.62,11.75,12.3,10.7,30658024.0,-1.1063829787234107,356246238.88,1.3899544608694203,1.0,9.416195856873824,-3.9669421487603342,14.953271028037395,2026-09-02,0.86,1.5,0.06,0.33,1,True,0.0,NÖTR REJİM,0.0,11.54,,,,,,,
EFOR,17.57,18.18,18.19,17.51,20519949.0,-3.3553355335533523,360535503.93,0.2278672341319652,1.0,-10.357142857142865,50.42808219178082,3.883495145631066,2026-09-02,-1.7,-0.8,0.18,0.0,0,True,0.0,🚨 VWAP ALTI (SABAH TUZAĞI),0.0,17.756666666666668,,,,,,,
KRDMA,56.75,62.85,62.9,56.75,6552600.0,-9.992069785884215,371860050.0,0.4208151838616071,1.0,33.15344908493665,43.67088607594937,11.10132158590308,2026-09-02,-1.27,6.0,0.48,0.0,1,False,0.0,🚨 VWAP ALTI (SABAH TUZAĞI),0.0,58.8,,,,,,,
MOGAN,15.99,16.4,16.49,15.47,23354371.0,-6.926658905704304,373436392.29,1.5251741292258716,1.0,-7.518796992481197,24.33903576982893,11.053652230122813,2026-09-02,1.16,0.05,0.34,0.04,1,True,0.0,NÖTR REJİM,0.0,15.983333333333334,,,,,,,
ZGYO,24.92,21.72,25.32,21.6,15084131.0,4.09356725146199,375896544.52,1.7389302499276662,1.0,-27.64227642276421,-39.51456310679611,17.222222222222214,2026-09-02,1.63,6.0,0.21,3.28,3,False,0.0,🪤 DÜŞEN BIÇAK TUZAĞI,0.0,23.94666666666667,,,,,,,
IZFAS,52.75,56.6,59.85,52.25,4532287.0,-4.090909090909091,239021327.5,0.7032224626438722,1.0,-20.07575757575757,-22.4834680382072,14.545454545454549,2026-09-02,-0.65,6.0,0.32,0.0,1,False,0.0,🚨 VWAP ALTI (SABAH TUZAĞI),0.0,54.95,,,,,,,
CATES,69.7,71.8,72.2,68.0,3447212.0,-3.462603878116343,240270676.4,0.961585876988121,1.0,45.5114822546973,66.98610445615716,6.176470588235298,2026-09-02,-0.08,6.0,0.27,0.0,1,False,0.0,🚨 VWAP ALTI (SABAH TUZAĞI),0.0,69.96666666666665,,,,,,,
TURSG,6.07,6.07,6.16,5.98,42577669.0,-0.4918032786885141,258446450.83,0.6407590470995845,1.0,-3.650793650793644,-3.955696202531645,3.0100334448160484,2026-09-02,-0.79,-2.0,0.04,0.0,0,True,0.0,NÖTR REJİM,0.0,6.07,,,,,,,
KUYAS,65.5,66.8,66.85,65.0,3970372.0,-2.3845007451564744,260059366.0,0.6873204240684825,1.0,-7.681465821000708,-15.809768637532132,3.230769230769222,2026-09-02,-0.69,2.12,0.18,0.0,0,False,0.0,🚨 VWAP ALTI (SABAH TUZAĞI),0.0,65.78333333333333,,,,,,,
CVKMD,15.82,16.09,16.09,15.56,16450054.0,-2.103960396039603,260239854.28,0.4068840710130929,1.0,7.6519144076096115,-9.735817575261123,3.856041131105396,2026-09-02,-1.3,-1.18,0.16,0.0,0,True,0.0,NÖTR REJİM,0.0,15.823333333333332,,,,,,,
ODAS,7.4,7.47,7.52,7.33,36802349.0,-0.937081659973218,272337382.6,0.6159660370775285,1.0,-6.447534766118834,-0.403768506056519,2.5920873124147272,2026-09-02,-0.84,-2.0,0.07,0.0,0,True,0.0,🚨 VWAP ALTI (SABAH TUZAĞI),0.0,7.416666666666668,,,,,,,
BALSU,9.3,9.6,9.62,9.2,29468090.0,-3.124999999999989,274053237.0,0.5067273995747533,1.0,-38.53271645736946,-32.65749456915279,4.565217391304348,2026-09-02,-1.09,-1.45,0.22,0.0,0,False,0.0,🚨 VWAP ALTI (SABAH TUZAĞI),0.0,9.373333333333331,,,,,,,
ANELE,193.3,194.0,195.5,192.9,1430242.0,0.1554404145077779,276465778.6,0.1516837590641166,1.0,61.892797319933,103.6880927291886,1.3478486262312048,2026-09-02,-1.87,4.0,0.01,0.0,0,False,0.0,🚨 VWAP ALTI (SABAH TUZAĞI),-27.2,193.9,,,,,,,
NIBAS,4.61,4.67,4.8,4.45,60405207.0,3.363228699551578,278468004.27000004,1.7435016448433425,1.0,21.315789473684227,-7.243460764587514,7.865168539325834,2026-09-02,1.64,-1.63,0.23,0.0,1,True,0.0,🚨 VWAP ALTI (SABAH TUZAĞI),-42.9,4.620000000000001,,,,,,,
GLRMK,161.6,164.9,164.9,160.1,2179272.0,-2.297460701330116,352170355.2,0.4343578720747112,1.0,7.161803713527839,-10.915104740904086,3.310430980637109,2026-09-02,-1.24,6.0,0.13,0.0,1,False,0.0,🚨 VWAP ALTI (SABAH TUZAĞI),0.0,162.20000000000002,,,,,,,
YKBNK,35.4,36.4,36.58,34.84,182612792.0,-3.8565996740901727,6464492836.8,0.8344750789434209,1.0,6.306306306306311,2.017291066282408,5.683122847301942,2026-09-02,-0.36,1.85,0.01,0.0,0,True,0.0,🚨 VWAP ALTI (SABAH TUZAĞI),0.0,35.60666666666666,,,,,,,
AKBNK,69.85,71.3,71.65,68.55,84895309.0,-2.918693537178608,5929937333.65,0.5331595231031377,1.0,8.800623052959487,6.478658536585367,4.959883296863612,2026-09-02,-1.03,5.25,0.01,0.0,0,True,0.0,🚨 VWAP ALTI (SABAH TUZAĞI),0.0,70.01666666666667,,,,,,,
ASELS,385.25,385.5,391.75,383.0,14769087.0,0.1950585175552666,5689790766.75,0.454402039283043,1.0,11.991279069767442,-0.8365508365508365,2.284595300261097,2026-09-02,-1.2,6.0,0.0,0.0,1,True,0.0,🚨 VWAP ALTI (SABAH TUZAĞI),-65.3,386.6666666666667,,,,,,,
KTLEV,51.6,52.25,52.8,50.95,104878178.0,-8.753315649867368,5411713984.8,1.0327858563294368,1.0,10.967741935483874,29.254016455839835,10.991167811579968,2026-09-02,0.07,2.12,0.03,0.0,0,True,0.0,🚨 VWAP ALTI (SABAH TUZAĞI),0.0,51.78333333333333,,,,,,,
ASTOR,315.5,314.75,317.0,306.25,17076215.0,-0.3946329913180742,5387545832.5,0.4400815293084899,1.0,5.518394648829432,-13.561643835616438,3.510204081632653,2026-09-02,-1.23,6.0,0.0,1.71,1,False,0.0,NÖTR REJİM,0.0,312.9166666666667,,,,,,,
ISCTR,12.53,12.66,12.75,12.4,281707580.0,-1.7254901960784366,3529795977.4,0.4170316039126491,1.0,-0.5555555555555578,-7.0474777448071295,2.822580645161288,2026-09-02,-1.28,-1.63,0.01,0.0,0,True,0.0,🚨 VWAP ALTI (SABAH TUZAĞI),0.0,12.56,,,,,,,
BKRGY,12.21,11.64,13.38,11.64,201022754.0,0.0,2454487826.34,1.0,1.0,0.0,0.0,14.948453608247425,2026-09-02,0.0,1.85,0.0,0.59,0,True,0.0,🚨 VWAP ALTI (SABAH TUZAĞI),0.0,12.410000000000002,,,,,,,
VBTYZ,37.56,37.7,38.08,36.46,1188795.0,-1.0015814443858606,44651140.2,0.3197958785540989,1.0,22.1860767729343,25.200000000000006,4.443225452550734,2026-09-02,-1.5,1.55,0.4,0.79,0,False,0.0,NÖTR REJİM,0.0,37.36666666666667,,,,,,,
THYAO,295.0,299.5,301.0,294.0,32806255.0,-2.155887230514096,9677845225.0,0.689122426321255,1.0,-7.956318252730109,-1.3377926421404682,2.5510204081632653,2026-09-02,-0.68,6.0,0.0,0.0,1,True,0.0,🚨 VWAP ALTI (SABAH TUZAĞI),0.0,296.6666666666667,,,,,,,
CWENE,33.74,34.52,34.6,32.88,33942604.0,-2.2595596755504084,1145223458.96,0.4121897087458043,1.0,-0.7647058823529354,-17.667154709614437,5.231143552311432,2026-09-02,-1.29,1.8,0.04,0.0,0,False,0.0,NÖTR REJİM,0.0,33.74,,,,,,,
PETKM,19.79,20.62,20.8,19.59,59323048.0,-3.08521057786485,1174003119.9199998,0.901804450064721,1.0,4.2127435492364445,-12.43362831858408,6.176620724859626,2026-09-02,-0.22,0.53,0.05,0.0,0,False,0.0,🚨 VWAP ALTI (SABAH TUZAĞI),0.0,20.06,,,,,,,
AGROT,2.0,2.0,2.01,1.97,20413249.0,0.0,40826498.0,0.0958531567723037,1.0,-17.69547325102881,-31.506849315068493,2.0304568527918687,2026-09-02,-1.99,-2.0,0.0,1.1,0,False,0.0,🪤 DÜŞEN BIÇAK TUZAĞI,0.0,1.9933333333333327,,,,,,,
KORDS,82.6,83.7,83.7,81.3,495744.0,-1.3142174432497111,40948454.4,0.2442910835804444,1.0,22.916666666666654,4.095778197857594,2.95202952029521,2026-09-02,-1.66,3.5,0.56,0.18,0,False,0.0,NÖTR REJİM,0.0,82.53333333333333,,,,,,,
PGSUS,149.3,150.8,154.7,149.0,8950239.0,-1.711652402896639,1336270682.7,0.8025469955608293,1.0,-4.35618193465726,-12.690058479532158,3.8255033557046905,2026-09-02,-0.43,6.0,0.03,0.0,1,False,0.0,🚨 VWAP ALTI (SABAH TUZAĞI),-58.4,151.0,,,,,,,
KRDMD,43.62,44.22,44.22,42.96,31779521.0,-1.7567567567567592,1386222706.02,0.4866040554499473,1.0,4.956689124157832,7.227138643067841,3.3519553072625645,2026-09-02,-1.13,0.65,0.03,0.1,0,True,0.0,NÖTR REJİM,0.0,43.6,,,,,,,
EMPAE,64.85,64.2,65.8,61.5,7364318.0,2.9365079365079274,477576022.3,0.7980131068534696,1.0,24.591738712776174,-40.120036934441366,6.991869918699182,2026-09-02,-0.44,6.0,0.12,1.5,1,False,0.0,🪤 DÜŞEN BIÇAK TUZAĞI,0.0,64.05,,,,,,,
BIMAS,403.75,407.0,409.5,400.25,4616832.0,-1.1022657685241886,1864045920.0,0.456310080357281,1.0,2.7353689567430024,5.555555555555555,2.31105559025609,2026-09-02,-1.2,6.0,0.01,0.0,1,True,0.0,NÖTR REJİM,0.0,404.5,,,,,,,
TCELL,95.45,95.55,95.9,94.4,19758279.0,-1.1393060590367623,1885927730.55,0.4806747527273132,1.0,-5.213505461767626,-10.459662288930572,2.277542372881346,2026-09-02,-1.14,1.25,0.01,0.88,0,False,0.0,NÖTR REJİM,0.0,95.25,,,,,,,
ZOREN,2.28,2.31,2.32,2.26,17267849.0,-1.2987012987013091,39370695.72,0.4304805060789779,1.0,-2.5641025641025665,-26.45161290322581,2.654867256637171,2026-09-02,-1.25,-2.0,0.57,0.0,0,False,0.0,🚨 VWAP ALTI (SABAH TUZAĞI),0.0,2.286666666666666,,,,,,,
HATEK,13.02,13.57,13.6,12.5,3029617.0,-4.05305821665439,39445613.34,0.9460609924247764,1.0,-1.661631419939582,-25.600000000000005,8.799999999999997,2026-09-02,-0.12,0.25,1.41,0.0,1,False,0.0,🪤 DÜŞEN BIÇAK TUZAĞI,0.0,13.04,,,,,,,
BOBET,20.58,20.78,20.92,20.12,1948342.0,-0.9624639076034786,40096878.36,0.2320904636557182,1.0,13.45093715545754,9.17771883289123,3.9761431411530848,2026-09-02,-1.69,-0.5,0.43,0.33,0,True,0.0,NÖTR REJİM,0.0,20.540000000000003,,,,,,,
OSMEN,6.96,7.13,7.2,6.87,5823100.0,-3.333333333333336,40528776.0,1.2858820175480277,1.0,-10.99744245524297,-9.256844850065187,4.80349344978166,2026-09-02,0.63,-1.67,1.2,0.0,1,True,0.0,🚨 VWAP ALTI (SABAH TUZAĞI),0.0,7.010000000000002,,,,,,,
KCHOL,210.7,214.6,214.6,208.2,22650403.0,-1.8630647414997672,4772439912.099999,0.6999757580920889,1.0,6.146095717884125,11.363636363636363,3.1219980787704134,2026-09-02,-0.66,6.0,0.01,0.0,1,True,0.0,🚨 VWAP ALTI (SABAH TUZAĞI),0.0,211.16666666666663,,,,,,,
GRTHO,205.6,209.5,213.9,189.2,1846046.0,-0.0486144871171581,379547057.6,1.4596629891350328,1.0,-16.490658001624695,-3.474178403755871,13.054968287526435,2026-09-02,1.01,6.0,0.0,0.72,2,True,0.0,NÖTR REJİM,-79.5,202.9,,,,,,,
TKFEN,210.4,214.4,215.9,208.9,1936934.0,-1.819878674755019,407530913.6,0.3395628914079965,1.0,34.612923864363395,38.42105263157895,3.350885591191958,2026-09-02,-1.45,6.0,0.09,0.0,1,False,0.0,🚨 VWAP ALTI (SABAH TUZAĞI),0.0,211.7333333333333,,,,,,,
DAPGM,7.63,7.68,7.7,7.41,53438635.0,-1.6752577319587614,407736785.05,0.5379687739062264,1.0,-12.800000000000002,-26.915708812260533,4.723346828609982,2026-09-02,-1.02,-1.77,0.08,1.14,0,False,0.0,🪤 DÜŞEN BIÇAK TUZAĞI,0.0,7.579999999999999,,,,,,,
NETCD,121.6,118.8,128.0,116.6,3407423.0,2.3569023569023546,414342636.8,0.9824483049680716,1.0,-4.402515723270447,-36.26834381551363,9.7770154373928,2026-09-02,-0.04,6.0,0.11,0.44,1,False,0.0,🚨 VWAP ALTI (SABAH TUZAĞI),0.0,122.06666666666666,,,,,,,
BRLSM,20.74,21.48,22.6,19.84,20562862.0,-5.898366606170603,426473757.88,1.0762839068933574,1.0,35.20208604954367,2.7750247770069314,13.911290322580651,2026-09-02,0.17,4.4,0.26,0.0,0,False,0.0,🚨 VWAP ALTI (SABAH TUZAĞI),0.0,21.06,,,,,,,
CEMZY,14.32,14.83,14.83,13.57,30310764.0,-3.5690235690235648,434050140.48,0.2848644564496305,1.0,18.347107438016533,8.897338403041825,9.43257184966838,2026-09-02,-1.57,0.65,0.16,0.42,0,True,0.0,NÖTR REJİM,0.0,14.24,,,,,,,
BETAE,85.0,86.75,87.0,83.3,5145505.0,-2.0172910662824206,437367925.0,0.3687160259199769,1.0,9.32475884244373,93.1818181818182,4.441776710684278,2026-09-02,-1.39,6.0,0.09,0.0,1,True,0.0,NÖTR REJİM,0.0,85.10000000000001,,,,,,,
LIDER,28.72,29.3,30.3,28.5,15408525.0,-8.066581306017925,442532838.0,0.3946088464754833,1.0,-70.51334702258727,-76.36213991769547,9.614035087719293,2026-09-02,-1.33,2.0,0.33,0.0,0,False,0.0,🚨 VWAP ALTI (SABAH TUZAĞI),0.0,29.17333333333333,,,,,,,
DSTKF,2119.0,2183.0,2190.0,2075.0,757042.0,-3.242009132420092,1604171998.0,0.3793867035494944,1.0,24.427480916030536,-4.030797101449275,5.542168674698795,2026-09-02,-1.37,6.0,0.04,0.0,1,False,0.0,🚨 VWAP ALTI (SABAH TUZAĞI),0.0,2128.0,,,,,,,
TSKB,10.85,10.96,10.96,10.73,13367954.0,-1.2738853503184764,145042300.9,0.7721293566486087,1.0,-1.5426497277676945,-7.185628742514969,2.423112767940352,2026-09-02,-0.5,-1.92,0.17,0.1,0,True,0.0,NÖTR REJİM,0.0,10.846666666666666,,,,,,,
ISKPL,7.97,8.17,8.17,7.79,18254064.0,-1.8472906403940823,145484890.07999998,0.3397794440057711,1.0,0.1256281407035149,-52.812314979277694,4.878048780487803,2026-09-02,-1.45,-1.55,0.24,0.0,0,False,0.0,🪤 DÜŞEN BIÇAK TUZAĞI,0.0,7.976666666666667,,,,,,,
PKART,128.4,130.5,133.7,127.1,1142647.0,1.3417521704814546,146715874.8,2.318133607943572,1.0,1.904761904761909,-20.0,5.507474429582995,2026-09-02,2.9,6.0,0.18,0.0,2,False,0.0,🚨 VWAP ALTI (SABAH TUZAĞI),-99.5,129.73333333333332,,,,,,,
PAHOL,1.32,1.34,1.34,1.3,125961633.0,-1.492537313432837,166269355.56,0.5640060776087886,1.0,-0.7518796992481209,-20.958083832335323,3.07692307692308,2026-09-02,-0.96,-2.0,0.17,0.0,0,False,0.0,NÖTR REJİM,0.0,1.32,,,,,,,
EUPWR,83.15,83.15,83.15,83.15,2020847.0,-9.96210070384406,168033428.05,0.1280987839753947,1.0,-2.975495915985994,-2.176470588235288,11.064341551413094,2026-09-02,-1.92,-2.0,0.93,0.0,1,True,0.0,NÖTR REJİM,0.0,83.15,,,,,,,
KRDMB,122.7,122.0,124.4,112.4,1402214.0,-1.682692307692303,171810552.3,0.6178655288901751,1.0,-8.773234200743493,5.77586206896552,11.03202846975088,2026-09-02,-0.84,6.0,0.19,1.68,1,True,0.0,NÖTR REJİM,0.0,119.83333333333331,,,,,,,
MIATK,27.4,27.24,27.68,27.04,6272319.0,-0.1457725947521964,171861540.6,0.5585509154889197,1.0,-12.235746316463803,-47.358309317963496,2.366863905325446,2026-09-02,-0.97,-0.9,0.02,0.72,0,False,0.0,🪤 DÜŞEN BIÇAK TUZAĞI,0.0,27.37333333333333,,,,,,,
ALKLC,427.5,427.0,433.0,426.0,407377.0,0.117096018735363,174153667.5,0.1468931357368484,1.0,6.875,35.17786561264822,1.6431924882629108,2026-09-02,-1.88,6.0,0.01,0.13,1,True,0.0,🚨 VWAP ALTI (SABAH TUZAĞI),0.0,428.83333333333326,,,,,,,
IZMDC,10.24,11.34,11.45,10.24,17220665.0,-9.938434476693043,176339609.6,1.8197633718435395,1.0,-9.700176366843031,32.81452658884566,11.816406249999991,2026-09-02,1.8,0.52,0.89,0.0,2,True,0.0,🚨 VWAP ALTI (SABAH TUZAĞI),0.0,10.643333333333333,,,,,,,
CIMSA,43.74,43.78,43.78,43.02,4074203.0,-0.136986301369852,178205639.22,0.4350875987182623,1.0,-3.144375553587233,-17.001897533206833,1.813110181311004,2026-09-02,-1.24,-0.6,0.02,1.97,1,False,0.0,NÖTR REJİM,0.0,43.51333333333334,,,,,,,
SUNTK,34.66,33.3,36.52,33.3,5160786.0,4.271961492178082,178872842.76,2.973980767152893,1.0,-29.552845528455297,6.580565805658036,9.849849849849852,2026-09-02,4.34,5.55,0.43,0.76,1,True,0.0,🚨 VWAP ALTI (SABAH TUZAĞI),0.0,34.82666666666666,,,,,,,
NETAS,97.05,95.2,100.5,94.6,1848451.0,1.943277310924364,179392169.54999998,0.4601580217315853,1.0,50.58184639255236,40.85631349782292,6.236786469344615,2026-09-02,-1.19,6.0,0.21,0.56,1,False,0.0,🚨 VWAP ALTI (SABAH TUZAĞI),-62.1,97.38333333333333,,,,,,,
ALBTN,30.74,31.72,32.4,30.58,5894144.0,-3.028391167192432,181185986.56,0.2095743222472801,1.0,1.1184210526315783,-17.365591397849474,5.951602354480054,2026-09-02,-1.74,2.05,0.31,0.0,0,False,0.0,🚨 VWAP ALTI (SABAH TUZAĞI),0.0,31.24,,,,,,,
AYGAZ,326.25,331.5,331.75,323.25,557039.0,-1.583710407239819,181733973.75,0.4662626508833719,1.0,23.81404174573055,35.14913007456504,2.62954369682908,2026-09-02,-1.17,6.0,0.17,0.0,1,False,0.0,🚨 VWAP ALTI (SABAH TUZAĞI),0.0,327.0833333333333,,,,,,,
ECILC,72.55,74.55,74.75,71.5,3841625.0,-3.3311125916055966,278709893.75,0.6390408288473264,1.0,3.5688793718772307,-16.513233601841208,4.9650349650349614,2026-09-02,-0.79,5.62,0.23,0.0,0,False,0.0,🚨 VWAP ALTI (SABAH TUZAĞI),0.0,72.93333333333334,,,,,,,
PRZMA,81.95,86.05,87.0,80.15,1453829.0,-5.804597701149422,119141286.55,0.2422863751496534,1.0,22.95573893473368,37.96296296296297,8.546475358702425,2026-09-02,-1.67,6.0,0.79,0.0,2,False,0.0,🚨 VWAP ALTI (SABAH TUZAĞI),0.0,83.03333333333335,,,,,,,
SKTAS,3.29,3.4,3.42,3.26,36218656.0,-2.0833333333333286,119159378.24,2.0206252910265814,1.0,3.459119496855342,-3.801169590643272,4.907975460122704,2026-09-02,2.25,-2.0,0.32,0.0,1,True,0.0,🚨 VWAP ALTI (SABAH TUZAĞI),0.0,3.323333333333333,,,,,,,
EDIP,36.4,37.02,39.2,36.04,3274970.0,-3.907074973600855,119208908.0,0.9372877220623096,1.0,8.462455303933243,-2.6737967914438503,8.768035516093239,2026-09-02,-0.14,5.4,0.57,0.0,0,True,0.0,🚨 VWAP ALTI (SABAH TUZAĞI),0.0,37.21333333333334,,,,,,,
MASFN,38.9,39.6,39.6,38.4,3184201.0,-1.6683518705763491,123865418.9,0.199846823062876,1.0,-14.692982456140356,-22.50996015936256,3.1250000000000075,2026-09-02,-1.76,0.5,0.25,0.0,0,False,0.0,NÖTR REJİM,0.0,38.96666666666667,,,,,,,
AKSA,10.67,10.7,10.7,10.51,11613111.0,-0.2803738317756949,123911894.37,0.6138301736049264,1.0,-18.549618320610687,0.9460737937559096,1.807802093244524,2026-09-02,-0.85,-2.0,0.04,1.51,0,True,0.0,NÖTR REJİM,0.0,10.626666666666669,,,,,,,
EKIM,18.73,18.98,19.15,18.59,6910043.0,-1.3171759747102214,129425105.39,0.2857031659823602,1.0,-1.5764582238570717,-34.32678821879382,3.012372243141467,2026-09-02,-1.57,-1.1,0.19,0.0,0,False,0.0,🚨 VWAP ALTI (SABAH TUZAĞI),0.0,18.82333333333333,,,,,,,
GSRAY,1.03,1.05,1.05,1.03,126200438.0,-2.830188679245285,129986451.14,0.3903095351334684,1.0,5.102040816326535,-8.849557522123883,2.912621359223304,2026-09-02,-1.34,-2.0,0.39,0.0,0,True,0.0,🚨 VWAP ALTI (SABAH TUZAĞI),0.0,1.0366666666666668,,,,,,,
PEKGY,12.77,12.77,12.77,12.77,10592451.0,-9.94358251057828,135265599.26999998,0.0777934397894805,1.0,-13.48238482384824,-1.007751937984502,11.041503523884105,2026-09-02,-2.0,-2.0,1.1,0.0,1,True,0.0,NÖTR REJİM,0.0,12.77,,,,,,,
TUPRS,395.0,402.75,403.0,391.5,24374005.0,-1.9242706393544384,9627731975.0,0.7832024603490181,1.0,34.81228668941979,65.27196652719665,2.9374201787994894,2026-09-02,-0.48,6.0,0.0,0.0,1,False,0.0,🚨 VWAP ALTI (SABAH TUZAĞI),0.0,396.5,,,,,,,
RALYH,254.75,259.0,259.5,250.25,534833.0,-1.4506769825918762,136248706.75,0.2312076882101639,1.0,5.442880794701988,18.764568764568764,3.696303696303696,2026-09-02,-1.69,6.0,0.2,0.0,1,True,0.0,NÖTR REJİM,0.0,254.83333333333337,,,,,,,
DUNYH,136.6,134.9,141.3,128.5,1025057.0,-1.0861694424330195,140022786.2,0.9734770276470146,1.0,-9.536423841059603,20.884955752212385,9.961089494163431,2026-09-02,-0.06,6.0,0.15,0.82,1,True,0.0,NÖTR REJİM,0.0,135.46666666666667,,,,,,,
ATATP,295.25,295.25,303.75,291.75,476538.0,-0.5892255892255892,140697844.5,0.2706564858719495,1.0,17.395626242544733,31.22222222222222,4.113110539845758,2026-09-02,-1.6,6.0,0.08,0.0,1,True,0.0,🚨 VWAP ALTI (SABAH TUZAĞI),-56.5,296.9166666666667,,,,,,,
GENIL,11.3,11.59,11.61,11.15,12563878.0,-2.753872633390693,141971821.4,0.2721876712441362,1.0,20.985010706638125,32.47362250879252,4.21524663677129,2026-09-02,-1.6,-1.35,0.35,0.0,0,True,0.0,🚨 VWAP ALTI (SABAH TUZAĞI),0.0,11.353333333333332,,,,,,,
FZLGY,9.03,8.95,9.09,8.72,10384685.0,0.8938547486033528,93773705.55,0.5407525824426792,1.0,-19.23076923076924,-37.29166666666667,4.243119266055037,2026-09-02,-1.01,-1.58,0.18,1.88,1,False,0.0,🪤 DÜŞEN BIÇAK TUZAĞI,0.0,8.946666666666667,,,,,,,
HKTM,13.39,13.6,13.7,13.02,7041395.0,-1.544117647058817,94284279.05,0.2677214042262629,1.0,23.866790009250693,-15.038071065989843,5.222734254992318,2026-09-02,-1.61,-0.8,0.3,0.19,0,False,0.0,NÖTR REJİM,0.0,13.37,,,,,,,
INFO,5.39,5.43,5.44,5.15,21617251.0,-2.0000000000000058,116516982.89,0.4345521905333221,1.0,-5.105633802816902,41.09947643979057,6.7961165048543615,2026-09-02,-1.24,-1.77,0.32,1.44,0,True,0.0,NÖTR REJİM,0.0,5.326666666666667,,,,,,,
HEKTS,2.65,2.7,2.71,2.64,107749270.0,-2.214022140221404,285535565.5,0.3550516745213747,1.0,-9.556313993174069,-40.7158836689038,2.651515151515145,2026-09-02,-1.42,-2.0,0.15,0.0,0,False,0.0,🚨 VWAP ALTI (SABAH TUZAĞI),0.0,2.6666666666666665,,,,,,,
BTCIM,3.88,3.99,3.99,3.65,73667833.0,-3.0000000000000027,285831192.04,0.7979638133097273,1.0,-21.61616161616162,-37.62057877813505,9.589041095890414,2026-09-02,-0.44,-1.65,0.2,0.78,0,False,0.0,🪤 DÜŞEN BIÇAK TUZAĞI,0.0,3.84,,,,,,,
MAGEN,31.68,33.02,33.02,31.5,9325321.0,-3.941782898726492,295426169.28,0.515812268497456,1.0,-14.14634146341463,-48.319738988580745,4.825396825396835,2026-09-02,-1.07,1.3,0.25,0.0,0,False,0.0,🚨 VWAP ALTI (SABAH TUZAĞI),0.0,32.06666666666667,,,,,,,
DOFRB,120.2,118.0,121.1,115.5,2504892.0,2.037351443123944,301088018.40000004,0.4569348267373452,1.0,-15.58988764044944,-31.31428571428572,4.848484848484843,2026-09-02,-1.19,6.0,0.13,2.2,2,False,0.0,🪤 DÜŞEN BIÇAK TUZAĞI,0.0,118.93333333333332,,,,,,,
MGROS,517.5,527.0,530.0,515.0,1525103.0,-2.1739130434782608,789240802.5,0.5113464472153937,1.0,-17.726550079491258,-22.6457399103139,2.912621359223301,2026-09-02,-1.08,6.0,0.05,0.0,1,False,0.0,🚨 VWAP ALTI (SABAH TUZAĞI),0.0,520.8333333333334,,,,,,,
FROTO,75.85,76.9,76.9,75.4,10624126.0,-1.812297734627839,805839957.0999999,0.5252377555128521,1.0,-5.951642901425928,-15.345982142857144,2.453580901856756,2026-09-02,-1.04,1.25,0.04,0.0,0,False,0.0,🚨 VWAP ALTI (SABAH TUZAĞI),0.0,76.05,,,,,,,
BRSAN,682.5,703.5,706.0,676.5,1202854.0,-3.4653465346534658,820947855.0,0.3676182809451901,1.0,28.89518413597734,17.773943054357204,4.50849963045085,2026-09-02,-1.39,6.0,0.08,0.0,1,False,0.0,🚨 VWAP ALTI (SABAH TUZAĞI),0.0,688.3333333333334,,,,,,,
MPARK,411.25,413.0,415.5,408.0,509771.0,-0.5441354292623942,209643323.75,0.9068586465298676,1.0,1.5432098765432098,-10.403050108932462,1.838235294117647,2026-09-02,-0.2,6.0,0.05,0.0,1,False,0.0,NÖTR REJİM,0.0,411.5833333333333,,,,,,,
BAHKM,154.8,161.0,163.7,145.5,1362111.0,-4.207920792079197,210854782.8,0.761393390637771,1.0,27.51235584843493,21.41176470588236,12.508591065292087,2026-09-02,-0.52,6.0,0.36,0.05,1,False,0.0,NÖTR REJİM,0.0,154.66666666666666,,,,,,,
GUNDG,1420.0,1400.0,1600.0,1350.0,149690.0,-5.333333333333334,212559800.0,0.5865928902700193,1.0,-8.681672025723472,15.918367346938776,18.51851851851852,2026-09-02,-0.91,6.0,0.45,0.14,1,True,0.0,🚨 VWAP ALTI (SABAH TUZAĞI),0.0,1456.6666666666667,,,,,,,
TCKRC,142.9,144.4,146.5,141.6,1509255.0,-1.0387811634349031,215672539.5,0.5650282567476897,1.0,1.9985724482512568,-0.763888888888885,3.460451977401134,2026-09-02,-0.96,6.0,0.09,0.0,1,True,0.0,🚨 VWAP ALTI (SABAH TUZAĞI),0.0,143.66666666666666,,,,,,,
AKSUE,28.5,27.28,30.92,27.28,7603584.0,-5.940594059405943,216702144.0,4.668868023700774,1.0,-32.142857142857146,-18.571428571428573,13.34310850439883,2026-09-02,6.0,6.0,0.48,0.6,2,False,0.0,🚨 VWAP ALTI (SABAH TUZAĞI),0.0,28.9,,,,,,,
RGYAS,202.8,203.4,204.2,200.1,1095621.0,-0.2949852507374603,222191938.8,0.4291982568836306,1.0,0.8955223880597072,2.683544303797474,2.048975512243876,2026-09-02,-1.26,6.0,0.03,0.7,1,True,0.0,NÖTR REJİM,0.0,202.36666666666665,,,,,,,
FENER,3.08,3.09,3.11,3.04,76375983.0,-0.3236245954692487,235238027.64,0.4435848179133806,1.0,2.666666666666669,-25.06082725060828,2.302631578947364,2026-09-02,-1.22,-2.0,0.03,0.31,0,False,0.0,🪤 DÜŞEN BIÇAK TUZAĞI,0.0,3.0766666666666667,,,,,,,
TSPOR,1.02,1.05,1.05,1.01,232407177.0,-3.773584905660381,237055320.54,0.4586021680132764,1.0,8.51063829787235,6.250000000000006,4.950495049504955,2026-09-02,-1.19,-2.0,0.3,0.0,0,True,0.0,🚨 VWAP ALTI (SABAH TUZAĞI),0.0,1.0266666666666666,,,,,,,
QUICK,64.3,65.05,65.6,63.5,2231231.0,-1.1529592621060725,143468153.29999998,0.3008488790548352,1.0,-16.057441253263704,-16.057441253263704,3.30708661417322,2026-09-02,-1.54,2.75,0.15,0.0,0,False,0.0,🚨 VWAP ALTI (SABAH TUZAĞI),0.0,64.46666666666665,,,,,,,
ATATR,13.26,13.24,13.61,13.14,17890749.0,0.1510574018126856,237231331.74,0.4923283037365094,1.0,-3.913043478260876,-26.41509433962264,3.5768645357686366,2026-09-02,-1.12,-1.33,0.01,0.08,0,False,0.0,🚨 VWAP ALTI (SABAH TUZAĞI),0.0,13.336666666666666,,,,,,,
ULKER,89.55,90.0,90.3,88.85,2664680.0,-0.8305647840531563,238251267.45,0.2610433042956963,1.0,2.636103151862461,-22.80172413793104,1.6319639842431095,2026-09-02,-1.63,1.13,0.07,0.0,0,False,0.0,NÖTR REJİM,0.0,89.56666666666666,,,,,,,
ALARK,107.8,106.9,108.1,104.8,2212079.0,-0.0926784059314258,238462116.2,0.2944839965312297,1.0,5.686274509803919,6.206896551724136,3.1488549618320585,2026-09-02,-1.55,5.75,0.01,2.29,1,True,0.0,NÖTR REJİM,0.0,106.9,,,,,,,
VEYAS,135.3,136.5,137.5,134.3,1349691.0,-0.7336757153338225,181734165.0,1.0,1.0,-0.7352941176470589,-0.7352941176470589,2.382725241995524,2026-09-02,0.0,5.5,0.08,0.0,0,True,0.0,🚨 VWAP ALTI (SABAH TUZAĞI),0.0,135.6,,,,,,,
VESTL,22.7,22.76,23.22,22.4,8108882.0,0.4424778761061852,184071621.4,0.7460467205746091,1.0,-0.6999125109361336,-14.015151515151514,3.660714285714288,2026-09-02,-0.56,-0.45,0.05,0.0,0,False,0.0,🚨 VWAP ALTI (SABAH TUZAĞI),-31.1,22.77333333333333,,,,,,,
BSOKE,25.32,26.88,27.0,24.74,7456406.0,-5.803571428571424,188796199.92,0.6824191036706299,1.0,-28.876404494382022,-30.05524861878453,9.135004042037194,2026-09-02,-0.7,3.15,0.54,0.0,0,False,0.0,🚨 VWAP ALTI (SABAH TUZAĞI),0.0,25.686666666666667,,,,,,,
ORZAX,87.05,88.75,89.75,86.0,2267291.0,-1.915492957746482,197367681.55,0.3140104185450167,1.0,-17.016205910390855,14.690382081686415,4.3604651162790695,2026-09-02,-1.51,6.0,0.19,0.0,1,True,0.0,🚨 VWAP ALTI (SABAH TUZAĞI),0.0,87.60000000000001,,,,,,,
TMPOL,374.0,385.0,396.25,373.25,533857.0,-4.102564102564102,199662518.0,0.2644055946965247,1.0,-14.757834757834758,19.96792301523657,6.162089752176825,2026-09-02,-1.62,6.0,0.37,0.0,1,True,0.0,🚨 VWAP ALTI (SABAH TUZAĞI),0.0,381.1666666666667,,,,,,,
OBAMS,5.55,5.44,5.63,5.37,36147229.0,0.909090909090906,200617120.95,0.5697744873599347,1.0,12.348178137651807,-29.11877394636016,4.841713221601486,2026-09-02,-0.95,-1.85,0.09,1.61,0,False,0.0,🪤 DÜŞEN BIÇAK TUZAĞI,0.0,5.516666666666667,,,,,,,
TOASO,258.5,268.0,268.0,257.0,2095876.0,-3.544776119402985,541783946.0,0.5996720149359206,1.0,-6.085376930063578,-13.54515050167224,4.280155642023346,2026-09-02,-0.88,6.0,0.13,0.0,1,False,0.0,🚨 VWAP ALTI (SABAH TUZAĞI),0.0,261.1666666666667,,,,,,,
BJKAS,2.23,2.23,2.38,2.15,252694283.0,-0.8888888888888897,563508251.09,0.3996048340316618,1.0,16.753926701570684,24.581005586592173,10.697674418604652,2026-09-02,-1.32,-1.93,0.03,0.0,0,True,0.0,🚨 VWAP ALTI (SABAH TUZAĞI),0.0,2.2533333333333334,,,,,,,
RYSAS,29.92,30.02,30.14,28.56,19739404.0,-0.3331112591605525,590602967.6800001,0.9031990895844336,1.0,35.38461538461538,14.81197237145051,5.532212885154068,2026-09-02,-0.21,1.45,0.01,1.59,0,False,0.0,NÖTR REJİM,0.0,29.540000000000003,,,,,,,
ENKAI,86.4,88.8,89.0,85.3,8025545.0,-2.81214848143982,693407088.0,0.4553119048052124,1.0,-1.818181818181812,-10.187110187110184,4.337631887456041,2026-09-02,-1.2,6.0,0.08,0.0,1,False,0.0,🚨 VWAP ALTI (SABAH TUZAĞI),0.0,86.90000000000002,,,,,,,
VAKBN,32.26,32.2,32.6,31.72,21725900.0,-0.9213759213759344,700877534.0,0.3442979720943101,1.0,9.430122116689272,-2.2424242424242484,2.7742749054224545,2026-09-02,-1.44,-0.3,0.03,0.62,0,True,0.0,NÖTR REJİM,0.0,32.19333333333333,,,,,,,
BIGEN,186.0,186.0,189.5,184.5,4022818.0,0.0,748244148.0,0.704249190356892,1.0,75.47169811320755,279.59183673469386,2.710027100271003,2026-09-02,-0.65,6.0,0.0,0.0,1,False,0.0,🚨 VWAP ALTI (SABAH TUZAĞI),-66.4,186.66666666666663,,,,,,,
ALTNY,17.32,17.49,17.71,17.12,13696717.0,-0.459770114942519,237227138.44,0.3629221105920366,1.0,12.54061078622482,2.7893175074183905,3.446261682242989,2026-09-02,-1.4,-1.03,0.04,0.0,0,True,0.0,🚨 VWAP ALTI (SABAH TUZAĞI),0.0,17.383333333333333,,,,,,,
KARTN,163.7,154.0,169.2,152.8,2475843.0,6.36777128005197,405295499.1,3.99762097405081,1.0,-18.920257553244188,18.45151953690304,10.732984293193702,2026-09-03,6.0,6.0,0.29,1.79,3,True,99.5,⚡ SENKRONİZE ŞOK PATLAMASI (DAY-1),0.0,161.9,,,,,,,
KZGYO,21.48,20.54,21.64,20.44,3322686.0,5.190989226248769,71371295.28,2.2456621608825995,1.0,11.642411642411654,-14.422310756972117,5.968688845401168,2026-09-03,2.74,0.5,1.09,3.02,3,False,96.0,🚀 KISMİ HACİM & MENZİL İVMESİ,96.0,21.186666666666667,,,,,,,
ISVEA,84.25,83.0,84.35,74.95,31567722.0,1.2012012012012012,2659580578.5,8.065471417389038,1.0,45.887445887445885,266.6231505657093,12.541694462975304,2026-09-03,6.0,6.0,0.01,2.39,3,False,94.5,🚀 KISMİ HACİM & MENZİL İVMESİ,94.5,81.18333333333334,,,,,,,
DZGYO,7.48,7.07,7.79,7.05,8057995.0,5.50070521861778,60273802.6,7.590978994792834,1.0,3.172413793103454,-13.725490196078423,10.496453900709223,2026-09-03,6.0,-0.65,1.3,1.35,3,False,90.8,🚀 KISMİ HACİM & MENZİL İVMESİ,90.8,7.44,,,,,,,
AVOD,4.37,4.02,4.37,3.97,12289145.0,9.798994974874375,53703563.65,2.3723836641777445,1.0,18.10810810810811,-3.3185840707964487,10.07556675062972,2026-09-03,3.02,-1.5,2.08,3.78,3,True,88.2,⚡ SENKRONİZE ŞOK PATLAMASI (DAY-1),-2.0,4.236666666666667,,,,,,,
AYGAZ,339.0,325.0,340.5,325.0,1022961.0,4.307692307692308,346783779.0,0.9336177918741492,1.0,29.760765550239235,38.65030674846626,4.769230769230769,2026-09-03,-0.15,6.0,0.23,3.4,2,False,80.6,🚀 KISMİ HACİM & MENZİL İVMESİ,-2.4,334.8333333333333,,,,,,,
TRCAS,47.56,47.1,48.3,46.06,823426.0,3.301476976542144,39162140.56,0.854407322145385,1.0,12.96912114014252,10.501858736059487,4.906643508467212,2026-09-03,-0.32,3.1,1.22,1.12,2,True,77.9,🚀 KISMİ HACİM & MENZİL İVMESİ,4.5,47.30666666666667,,,,,,,
ANELE,194.5,194.0,197.6,174.6,10473258.0,0.2577319587628865,2037048681.0,1.2272859982280802,1.0,56.854838709677416,123.3065442020666,13.172966781214203,2026-09-03,0.5,6.0,0.0,1.65,2,False,76.1,🚀 KISMİ HACİM & MENZİL İVMESİ,-0.3,188.9,,,,,,,
KARSN,12.43,11.8,12.43,11.6,77772237.0,9.999999999999991,966708905.91,2.93668213612097,1.0,25.55555555555555,-9.33625091174326,9.74137931034482,2026-09-03,4.26,-0.42,0.2,3.57,2,False,72.7,🚀 KISMİ HACİM & MENZİL İVMESİ,2.2,12.153333333333334,,,,,,,
SELEC,347.0,346.0,353.75,311.25,5691647.0,0.3615328994938539,1975001509.0,0.9199883749705616,1.0,63.52497643732329,260.3322949117341,13.654618473895582,2026-09-03,-0.18,6.0,0.0,1.54,2,False,72.6,🚀 KISMİ HACİM & MENZİL İVMESİ,25.5,337.3333333333333,,,,,,,
ARMGD,200.6,199.0,201.6,198.1,383018.0,1.364325416877205,76833410.8,0.4348462357198609,1.0,10.462555066079297,61.77419354838709,1.8677435638566324,2026-09-03,-1.24,6.0,0.33,1.77,2,True,70.7,🚀 KISMİ HACİM & MENZİL İVMESİ,70.7,200.1,,,,,,,
NETAS,96.75,93.7,98.7,92.7,1416125.0,3.475935828877005,137010093.75,0.3515324431460737,1.0,54.06050955414014,42.48895434462444,6.472491909385113,2026-09-03,-1.43,6.0,0.45,1.68,2,False,66.6,🚀 KISMİ HACİM & MENZİL İVMESİ,19.1,96.05,,,,,,,
MARTI,2.21,2.1,2.23,1.89,396036136.0,7.804878048780495,875239860.56,2.9111576231631524,1.0,57.85714285714286,12.755102040816327,17.989417989417994,2026-09-03,4.2,-1.65,0.17,2.52,2,False,65.3,🚀 KISMİ HACİM & MENZİL İVMESİ,3.3,2.11,,,,,,,
TGSAS,226.3,219.0,230.0,208.9,368626.0,2.9104138244656688,83420063.8,0.2794663009853562,1.0,25.02762430939227,33.51032448377582,10.100526567735756,2026-09-03,-1.59,6.0,0.6,2.05,2,False,65.0,🚀 KISMİ HACİM & MENZİL İVMESİ,0.8,221.7333333333333,,,,,,,
VERUS,702.0,701.0,711.5,686.0,94377.0,0.2857142857142857,66252654.0,0.9678888215440564,1.0,33.714285714285715,18.983050847457623,3.717201166180758,2026-09-03,-0.07,6.0,0.08,0.63,1,False,62.2,NÖTR REJİM,-2.4,699.8333333333334,,,,,,,
VESTL,25.72,25.76,26.44,24.16,26287874.0,3.4593724859211563,676124119.28,2.191191328628829,1.0,13.805309734513264,-1.380368098159507,9.437086092715235,2026-09-03,2.62,3.2,0.1,0.81,1,True,61.4,NÖTR REJİM,61.4,25.44,,,,,,,
CWENE,33.76,33.3,36.14,31.34,96064781.0,1.2597480503899057,3243147006.56,1.2765406006520648,1.0,-9.97333333333334,-15.473209814722084,15.315890236119976,2026-09-03,0.61,6.0,0.01,0.19,1,False,61.4,NÖTR REJİM,61.4,33.74666666666667,,,,,,,
TRHOL,3452.5,3440.0,3480.0,3292.5,130430.0,0.2904865649963689,450309575.0,0.3660021775488012,1.0,89.17808219178082,124.04282933160286,5.694760820045558,2026-09-03,-1.39,6.0,0.01,1.67,2,False,59.6,🚀 KISMİ HACİM & MENZİL İVMESİ,-6.8,3408.333333333333,,,,,,,
VAKFA,11.31,10.94,11.53,10.94,8135902.0,3.287671232876724,92017051.62,1.081865017868208,1.0,4.916512059369213,-8.79032258064516,5.393053016453381,2026-09-03,0.18,-1.03,0.61,1.69,1,True,57.7,NÖTR REJİM,11.8,11.26,,,,,,,
BESTE,32.64,31.88,33.26,31.24,5751663.0,2.383939774153079,187734280.32,0.688934323847043,1.0,19.82378854625552,-5.93659942363113,6.466069142125479,2026-09-03,-0.68,2.55,0.24,1.53,1,True,57.1,NÖTR REJİM,2.3,32.38,,,,,,,
BOBET,21.42,20.7,21.56,20.5,4973659.0,3.980582524271846,106535775.78,0.5930603296866447,1.0,18.67036011080333,13.815090329436774,5.170731707317067,2026-09-03,-0.9,0.15,0.63,2.84,1,True,56.5,NÖTR REJİM,17.2,21.16,,,,,,,
TUPRS,393.5,392.5,397.5,387.75,18117997.0,0.3186743148502231,7129431819.5,0.5934216723860293,1.0,34.185848252344414,68.88412017167381,2.514506769825919,2026-09-03,-0.89,6.0,0.0,0.58,1,False,55.0,NÖTR REJİM,55.0,392.9166666666667,,,,,,,
BIMAS,408.0,406.25,412.75,402.5,5684378.0,0.4307692307692307,2319226224.0,0.5956818577934946,1.0,7.509881422924901,9.163879598662207,2.546583850931677,2026-09-03,-0.89,6.0,0.0,0.47,1,True,54.8,NÖTR REJİM,-3.2,407.75,,,,,,,
KGYO,12.09,11.87,12.3,11.37,20000584.0,1.682085786375099,241807060.56,0.9726627120911782,1.0,18.762278978389,-1.386623164763458,8.179419525065976,2026-09-03,-0.06,-0.17,0.13,1.63,1,True,54.4,NÖTR REJİM,54.4,11.920000000000002,,,,,,,
OZATD,4805.0,4765.0,4817.5,4662.5,38472.0,0.6809848088004191,184857960.0,0.0548360392164911,1.0,19.601742377100187,226.64853840924545,3.324396782841823,2026-09-03,-2.0,6.0,0.07,2.31,2,True,53.4,NÖTR REJİM,-1.4,4761.666666666667,,,,,,,
TEHOL,42.08,39.88,42.28,39.74,41294968.0,6.316321374431531,1737692253.4399998,0.4757971558332208,1.0,-12.660855126608554,40.173217854763486,6.794162053346761,2026-09-03,-1.15,3.85,0.07,3.41,1,True,53.0,NÖTR REJİM,-3.0,41.36666666666667,,,,,,,
AKSUE,28.56,27.98,29.5,27.04,2707194.0,3.1046931407942218,77317460.64,1.1898629360302209,1.0,-35.384615384615394,-17.741935483870968,9.09763313609468,2026-09-03,0.42,3.65,0.68,0.94,0,False,52.9,NÖTR REJİM,13.2,28.366666666666667,,,,,,,
SUWEN,7.03,7.0,7.2,6.76,77698279.0,3.687315634218289,546218901.37,19.513523120822427,1.0,15.245901639344272,-11.349306431273638,6.508875739644977,2026-09-03,6.0,-1.4,0.13,0.62,1,False,52.8,NÖTR REJİM,-1.4,6.996666666666667,,,,,,,
VESBE,5.86,5.82,6.06,5.51,66313139.0,1.0344827586206984,388594994.54,4.435497818020308,1.0,2.0905923344947754,-13.696612665684826,9.98185117967332,2026-09-03,6.0,-1.13,0.05,0.73,1,False,52.8,NÖTR REJİM,52.8,5.81,,,,,,,
NIBAS,4.47,4.17,4.65,4.17,33245845.0,2.5229357798165,148608927.15,0.8020442927177812,1.0,19.83914209115281,-7.261410788381754,11.510791366906483,2026-09-03,-0.44,-1.3,0.31,1.67,1,True,51.2,NÖTR REJİM,51.2,4.43,,,,,,,
IEYHO,212.6,211.4,213.2,211.0,568324.0,0.9976247030878832,120825682.4,0.4121163321266465,1.0,25.427728613569315,87.14788732394366,1.2796208530805633,2026-09-03,-1.29,3.0,0.16,1.98,1,False,49.7,NÖTR REJİM,-4.9,212.26666666666665,,,,,,,
ENJSA,113.4,113.2,113.8,111.5,2156847.0,0.1766784452296844,244586449.8,0.4450336509129191,1.0,2.717391304347826,4.80591497227357,2.062780269058293,2026-09-03,-1.22,3.25,0.01,1.59,1,True,47.8,NÖTR REJİM,47.8,112.90000000000002,,,,,,,
ALKLC,432.0,427.0,438.75,426.25,551195.0,1.1709601873536302,238116240.0,0.1987254272896832,1.0,7.596513075965131,37.90901835594573,2.932551319648094,2026-09-03,-1.76,6.0,0.1,0.72,1,True,44.2,NÖTR REJİM,13.9,432.3333333333333,,,,,,,
ALTIN,75.47,75.3,75.48,74.71,9064262.0,1.6841821611425494,684079853.14,0.429812102571921,1.0,10.838595975914224,-2.870012870012875,1.6865212153660891,2026-09-03,-1.25,-0.57,0.05,2.54,1,True,43.3,NÖTR REJİM,4.9,75.22,,,,,,,
INTET,71.25,71.25,71.25,71.25,1121380.0,9.95370370370371,79898325.0,1.0,1.0,20.86513994910941,20.86513994910941,9.052631578947372,2026-09-03,0.0,-2.0,1.62,0.0,1,True,42.8,NÖTR REJİM,-1.4,71.25,,,,,,,
SOKM,57.15,57.3,58.35,55.65,3198721.0,0.0875656742556867,182806905.15,0.6895692019768282,1.0,14.299999999999995,18.371996685998337,4.851752021563348,2026-09-03,-0.68,4.25,0.01,0.24,0,True,42.2,NÖTR REJİM,-4.0,57.05,,,,,,,
ECOGR,33.86,33.34,33.9,33.24,2244067.0,1.5596880623875105,75984108.62,0.3229304760653207,1.0,-8.38744588744589,-8.733153638814022,1.9855595667869927,2026-09-03,-1.49,-0.85,0.37,3.35,1,True,41.4,NÖTR REJİM,-1.7,33.666666666666664,,,,,,,
CANTE,1.34,1.33,1.36,1.3,304973837.0,0.7518796992481209,408664941.58,0.6915968408372614,1.0,13.55932203389832,-13.54838709677419,4.615384615384619,2026-09-03,-0.68,-2.0,0.04,1.03,1,False,40.2,NÖTR REJİM,-5.0,1.3333333333333333,,,,,,,
ASGYO,11.02,11.0,11.18,10.88,3711002.0,0.6392694063926967,40895242.04,1.1598944412237326,1.0,2.894491129785236,-6.37213254035684,2.757352941176461,2026-09-03,0.35,-1.75,0.29,0.12,0,True,38.9,NÖTR REJİM,0.0,11.026666666666666,,,,,,,
FENER,3.11,3.06,3.14,3.03,71877677.0,1.9672131147541003,223539575.47,0.4245122840712753,1.0,4.013377926421393,-21.065989847715738,3.630363036303641,2026-09-03,-1.27,-2.0,0.17,1.82,1,False,36.7,NÖTR REJİM,-3.6,3.0933333333333333,,,,,,,
ORZAX,87.55,88.5,88.9,85.7,2179779.0,0.0571428571428538,190839651.45,0.3191597446515885,1.0,-16.61904761904762,15.349143610013162,3.733955659276549,2026-09-03,-1.5,5.5,0.01,0.34,0,True,33.0,NÖTR REJİM,33.0,87.38333333333334,,,,,,,
TTKOM,51.05,51.2,51.35,50.7,18062294.0,0.4921259842519685,922080108.7,0.5520974190146989,1.0,-3.3143939393939394,-20.04698512137824,1.2820512820512793,2026-09-03,-0.99,-0.88,0.01,0.17,0,False,32.4,NÖTR REJİM,8.9,51.03333333333334,,,,,,,
AEFES,18.1,18.0,18.32,17.92,28153186.0,0.6114508060033519,509572666.6,0.565393648424217,1.0,-18.099547511312217,-11.707317073170724,2.232142857142849,2026-09-03,-0.96,-1.5,0.02,0.45,0,False,31.8,NÖTR REJİM,-2.1,18.113333333333333,,,,,,,
PETKM,20.08,19.99,20.3,19.78,34603362.0,0.6516290726816993,694835508.9599999,0.4955912710159568,1.0,5.130890052356004,-4.83412322274883,2.6289180990899874,2026-09-03,-1.11,-1.2,0.02,0.65,0,True,31.6,NÖTR REJİM,-7.7,20.05333333333333,,,,,,,
ESCAR,44.78,44.8,45.84,43.88,1391783.0,0.5388414907947957,62324042.74,0.3935874940019455,1.0,-0.5330964015992936,-12.023575638506871,4.466727438468553,2026-09-03,-1.33,2.4,0.17,0.0,0,False,29.4,NÖTR REJİM,-23.2,44.833333333333336,,,,,,,
ENKAI,86.85,87.0,87.85,86.25,7283360.0,0.0576036866359414,632559816.0,0.4338498500408959,1.0,-0.2297530155083318,-8.723068838675786,1.8550724637681093,2026-09-03,-1.25,1.5,0.0,0.0,0,True,26.4,NÖTR REJİM,26.4,86.98333333333333,,,,,,,
HALKB,49.44,49.44,49.44,49.44,22980583.0,9.964412811387891,1136160023.52,0.41723600779441,1.0,32.54691689008043,8.42105263157894,9.061488673139152,2026-09-03,-1.28,-2.0,0.17,0.0,0,False,19.8,NÖTR REJİM,-4.0,49.44,,,,,,,
TERA,192.1,193.0,193.2,191.7,4360870.0,0.208659363588944,837723127.0,0.2460957003231823,1.0,5.607476635514012,-4.045954045954043,0.782472613458529,2026-09-03,-1.66,1.25,0.0,0.0,0,True,19.3,NÖTR REJİM,-1.5,192.3333333333333,,,,,,,
HUNER,3.87,3.9,3.92,3.85,16948074.0,-0.2577319587628811,65757832.6,0.3252467817089271,1.0,15.133531157270022,-3.482587064676609,1.818181818181814,2026-09-03,-1.48,-2.0,0.08,0.0,0,True,0.0,🚨 VWAP ALTI (SABAH TUZAĞI),-35.3,3.883333333333333,,,,,,,
LMKDC,22.36,22.78,22.84,22.34,2950248.0,-1.4977973568281933,65967545.28,0.7139285553103532,1.0,-4.280821917808219,-28.74442319949012,2.2381378692927485,2026-09-03,-0.63,-1.25,0.41,0.0,0,False,0.0,🚨 VWAP ALTI (SABAH TUZAĞI),0.0,22.51333333333333,,,,,,,
FORTE,108.1,112.5,112.5,107.8,628169.0,-3.049327354260095,67905068.89999999,0.2605223004118007,1.0,-0.7346189164371086,13.66982124079916,4.35992578849722,2026-09-03,-1.63,6.0,0.74,0.0,1,True,0.0,🚨 VWAP ALTI (SABAH TUZAĞI),0.0,109.46666666666668,,,,,,,
SARKY,23.52,24.26,24.28,23.52,2753289.0,-2.406639004149385,64757357.28,0.3576615752981429,1.0,-1.5075376884422087,-25.85119798234552,3.2312925170068096,2026-09-03,-1.41,-0.6,0.63,0.0,0,False,0.0,🚨 VWAP ALTI (SABAH TUZAĞI),0.0,23.77333333333333,,,,,,,
SMRVA,10.48,10.95,10.99,10.47,6039474.0,-4.292237442922364,63293687.52,0.6197672376359117,1.0,-4.727272727272723,-34.90683229813665,4.9665711556829,2026-09-03,-0.84,-1.2,1.04,0.0,1,False,0.0,🚨 VWAP ALTI (SABAH TUZAĞI),0.0,10.646666666666668,,,,,,,
BAHKM,154.7,156.0,156.5,151.3,445785.0,-2.1505376344086056,68962939.5,0.227780033115569,1.0,30.3285593934288,21.14330462020359,4.494382022471899,2026-09-03,-1.7,6.0,0.54,0.68,1,False,0.0,NÖTR REJİM,0.0,154.16666666666666,,,,,,,
MAVI,36.14,37.0,37.0,36.12,1713361.0,-1.9533369506239795,61920866.54,0.4323355383687852,1.0,-5.983350676378765,-15.004703668861715,2.436323366555932,2026-09-03,-1.25,-0.3,0.55,0.0,0,False,0.0,🚨 VWAP ALTI (SABAH TUZAĞI),0.0,36.42,,,,,,,
BIOEN,18.66,18.8,19.26,18.57,3282970.0,-1.2698412698412618,61260220.2,0.3688304938761838,1.0,5.962521294718914,7.861271676300574,3.715670436187406,2026-09-03,-1.39,-0.77,0.38,0.0,0,True,0.0,🚨 VWAP ALTI (SABAH TUZAĞI),0.0,18.83,,,,,,,
TABGD,231.6,233.5,236.5,230.0,251348.0,-0.813704496788011,58212196.8,0.4328145429598758,1.0,-4.847986852917014,-16.840215439856376,2.8260869565217392,2026-09-03,-1.25,6.0,0.26,0.0,1,False,0.0,🚨 VWAP ALTI (SABAH TUZAĞI),0.0,232.7,,,,,,,
ORGE,22.16,23.12,23.12,22.1,2580230.0,-4.1522491349481,57177896.8,0.3811079249586848,1.0,9.92063492063492,2.782931354359933,4.615384615384613,2026-09-03,-1.36,0.05,1.09,0.0,1,True,0.0,🚨 VWAP ALTI (SABAH TUZAĞI),0.0,22.46,,,,,,,
MARMR,2.17,2.2,2.21,2.16,26138785.0,-0.9132420091324208,56721163.45,0.4729615805673338,1.0,-0.9132420091324208,-17.490494296577946,2.3148148148148064,2026-09-03,-1.16,-2.0,0.3,0.0,0,False,0.0,🚨 VWAP ALTI (SABAH TUZAĞI),0.0,2.18,,,,,,,
AKSA,10.66,10.73,10.78,10.64,5319161.0,-0.4668534080298852,56702256.26,0.293058730866892,1.0,-14.924181963288104,-1.7511520737327144,1.315789473684199,2026-09-03,-1.56,-2.0,0.16,0.0,0,True,0.0,🚨 VWAP ALTI (SABAH TUZAĞI),0.0,10.693333333333332,,,,,,,
BORLS,3.95,3.91,4.2,3.88,14315764.0,1.804123711340213,56547267.8,0.8787262095043773,1.0,-27.65567765567765,-38.66459627329193,8.24742268041238,2026-09-03,-0.27,-1.7,0.55,0.23,0,False,0.0,🚨 VWAP ALTI (SABAH TUZAĞI),0.0,4.010000000000001,,,,,,,
KLRHO,63.35,65.45,66.4,63.1,884598.0,-2.762854950115125,56039283.3,0.2981357541948398,1.0,-14.159891598915983,-40.794392523364486,5.229793977813002,2026-09-03,-1.54,5.75,0.8,0.0,0,False,0.0,🚨 VWAP ALTI (SABAH TUZAĞI),0.0,64.28333333333333,,,,,,,
PRZMA,75.45,80.15,80.9,72.5,829134.0,-4.493670886075946,62558160.3,0.1736900981221878,1.0,4.937413073713486,45.5159112825458,11.586206896551731,2026-09-03,-1.82,6.0,1.08,0.0,2,True,0.0,🚨 VWAP ALTI (SABAH TUZAĞI),0.0,76.28333333333335,,,,,,,
ATATP,292.0,297.0,300.25,289.25,336948.0,-0.5957446808510638,98388816.0,0.2134803014072109,1.0,21.666666666666668,28.295254833040428,3.802938634399308,2026-09-03,-1.73,6.0,0.12,0.0,1,True,0.0,🚨 VWAP ALTI (SABAH TUZAĞI),0.0,293.8333333333333,,,,,,,
ARCLK,89.35,90.45,90.85,89.0,1099390.0,-0.9972299168975132,98230496.5,0.5983807215370197,1.0,-7.023933402705516,-15.06653992395438,2.078651685393252,2026-09-03,-0.88,2.12,0.19,0.0,0,False,0.0,🚨 VWAP ALTI (SABAH TUZAĞI),0.0,89.73333333333333,,,,,,,
AGHOL,32.86,32.64,33.38,32.62,2974825.0,0.6740196078431338,97752749.5,0.550541447262995,1.0,-6.912181303116141,-0.1215805471124594,2.329858982219513,2026-09-03,-0.99,-0.6,0.13,0.52,0,True,0.0,🚨 VWAP ALTI (SABAH TUZAĞI),-51.9,32.95333333333333,,,,,,,
EKDMR,46.4,46.62,47.04,45.98,2004532.0,-0.4291845493562292,93010284.8,0.2315476827442863,1.0,-3.2527105921601382,-20.000000000000004,2.3053501522401096,2026-09-03,-1.69,0.15,0.09,0.0,0,False,0.0,NÖTR REJİM,-39.3,46.47333333333332,,,,,,,
EGEPO,15.57,17.28,17.35,15.48,5958872.0,-9.424083769633514,92779637.04,1.7599285924424344,1.0,-13.548028872848423,-20.48008171603676,12.080103359173131,2026-09-03,1.67,2.18,1.4,0.0,2,False,0.0,🚨 VWAP ALTI (SABAH TUZAĞI),0.0,16.133333333333333,,,,,,,
LXGYO,9.07,10.0,10.01,9.07,9972039.0,-9.027081243731198,90446393.73,1.3082514832072634,1.0,-10.55226824457594,-46.959064327485386,10.363836824696795,2026-09-03,0.68,-0.15,1.38,0.0,1,False,0.0,🚨 VWAP ALTI (SABAH TUZAĞI),0.0,9.383333333333333,,,,,,,
ISMEN,33.82,34.44,34.5,33.78,2660879.0,-2.5360230547550504,89990927.78,0.3529978013379182,1.0,-1.8002322880371588,-10.67089276281035,2.723505032563652,2026-09-03,-1.42,-0.7,0.5,0.0,0,False,0.0,🚨 VWAP ALTI (SABAH TUZAĞI),0.0,34.03333333333333,,,,,,,
MEGMT,43.36,45.02,45.02,43.32,2074666.0,-3.300624442462096,89957517.76,0.1897261240638606,1.0,-36.282145481263775,-44.1956241956242,3.924284395198529,2026-09-03,-1.78,1.75,0.63,0.0,0,False,0.0,🚨 VWAP ALTI (SABAH TUZAĞI),0.0,43.9,,,,,,,
KLYPV,61.7,63.5,63.5,61.05,1415746.0,-0.2425222312045247,87351528.2,0.3573212162882601,1.0,5.470085470085475,-2.063492063492059,4.013104013104018,2026-09-03,-1.41,3.63,0.05,0.0,0,True,0.0,🚨 VWAP ALTI (SABAH TUZAĞI),0.0,62.08333333333334,,,,,,,
FRIGO,2.41,2.5,2.53,2.4,36230695.0,-3.5999999999999943,87315974.95,0.7216568374993488,1.0,15.31100478468901,-22.258064516129032,5.416666666666663,2026-09-03,-0.61,-2.0,0.69,0.0,0,False,0.0,🚨 VWAP ALTI (SABAH TUZAĞI),0.0,2.4466666666666668,,,,,,,
AKHAN,38.56,40.1,40.48,38.5,2251544.0,-3.696303696303688,86819536.64,1.2242692345712738,1.0,-13.114015322217217,25.76647097195044,5.142857142857134,2026-09-03,0.49,2.45,0.71,0.0,0,True,0.0,🚨 VWAP ALTI (SABAH TUZAĞI),0.0,39.18,,,,,,,
ALVES,1.25,1.3,1.3,1.24,68803937.0,-4.580152671755729,86004921.25,0.4998946728428819,1.0,-41.58878504672898,-54.87364620938628,5.645161290322585,2026-09-03,-1.1,-2.0,0.85,0.0,1,False,0.0,🚨 VWAP ALTI (SABAH TUZAĞI),0.0,1.2633333333333334,,,,,,,
GSRAY,1.01,1.03,1.04,1.01,83873810.0,-1.941747572815536,84712548.1,0.2711974848944584,1.0,4.12371134020619,-8.181818181818187,2.970297029702973,2026-09-03,-1.6,-2.0,0.41,0.0,0,True,0.0,🚨 VWAP ALTI (SABAH TUZAĞI),0.0,1.0199999999999998,,,,,,,
GEREL,36.1,36.0,37.32,36.0,2340853.0,-2.1149674620390484,84504793.3,0.391217826601203,1.0,-14.211026615969574,-5.497382198952883,3.6666666666666674,2026-09-03,-1.34,0.8,0.45,0.14,0,True,0.0,🚨 VWAP ALTI (SABAH TUZAĞI),-49.6,36.47333333333333,,,,,,,
IZFAS,51.0,54.95,54.95,50.3,1654479.0,-7.188353048225664,84378429.0,0.268248902925886,1.0,-20.684292379471227,-21.7191097467383,9.244532803180926,2026-09-03,-1.61,6.0,1.23,0.0,2,False,0.0,🚨 VWAP ALTI (SABAH TUZAĞI),0.0,52.083333333333336,,,,,,,
BERA,13.58,13.61,13.8,13.5,4146564.0,-0.1470588235294086,56310339.12,0.4604352124355763,1.0,7.606973058637092,-20.67757009345795,2.222222222222228,2026-09-03,-1.19,-1.75,0.05,0.0,0,False,0.0,🚨 VWAP ALTI (SABAH TUZAĞI),-28.6,13.626666666666669,,,,,,,
BULGS,32.56,32.8,33.2,32.54,2562477.0,0.0,83434251.12,1.0387287354104933,1.0,-13.998943475964072,-21.918465227817745,2.0282728948985977,2026-09-03,0.09,-0.85,0.0,0.0,0,False,0.0,🚨 VWAP ALTI (SABAH TUZAĞI),0.0,32.76666666666667,,,,,,,
AKSGY,9.9,9.99,9.99,9.82,8303207.0,0.0,82201749.3,1.383767925289128,1.0,1.956745623068996,7.843137254901968,1.7311608961303455,2026-09-03,0.84,-2.0,0.0,0.0,1,True,0.0,NÖTR REJİM,-34.0,9.903333333333334,,,,,,,
RALYH,255.0,259.0,261.0,254.5,321067.0,-1.2584704743465636,81872085.0,0.1456315876037043,1.0,10.869565217391305,14.864864864864863,2.554027504911592,2026-09-03,-1.88,6.0,0.29,0.0,1,True,0.0,🚨 VWAP ALTI (SABAH TUZAĞI),-41.0,256.8333333333333,,,,,,,
ARSAN,3.85,3.99,4.0,3.8,20498619.0,-3.02267002518892,78919683.15,0.4541257667386156,1.0,15.963855421686755,12.244897959183673,5.263157894736847,2026-09-03,-1.2,-2.0,0.65,0.0,0,True,0.0,🚨 VWAP ALTI (SABAH TUZAĞI),0.0,3.883333333333333,,,,,,,
IZENR,6.84,7.05,7.13,6.81,11534319.0,-4.0673211781206176,78894741.96,0.2958460523333293,1.0,-21.37931034482758,-37.81818181818182,4.698972099853162,2026-09-03,-1.55,-1.7,0.83,0.0,0,False,0.0,🚨 VWAP ALTI (SABAH TUZAĞI),0.0,6.926666666666667,,,,,,,
GRSEL,303.0,305.5,310.75,300.5,253337.0,-0.4108463434675432,76761111.0,0.670765336584733,1.0,-10.9478324761205,-5.015673981191223,3.410981697171381,2026-09-03,-0.72,6.0,0.1,0.0,1,True,0.0,🚨 VWAP ALTI (SABAH TUZAĞI),0.0,304.75,,,,,,,
TRENJ,103.9,107.4,107.6,103.4,735313.0,-2.8971962616822378,76399020.7,0.2986100239497034,1.0,13.366066557555918,13.30425299890949,4.061895551257242,2026-09-03,-1.54,6.0,0.64,0.0,1,True,0.0,🚨 VWAP ALTI (SABAH TUZAĞI),0.0,104.96666666666664,,,,,,,
PATEK,19.06,19.56,19.66,19.0,3933006.0,-2.556237218813906,74963094.36,0.180977381004712,1.0,1.167728237791926,-21.628289473684216,3.4736842105263164,2026-09-03,-1.8,-0.85,0.59,0.0,0,False,0.0,🚨 VWAP ALTI (SABAH TUZAĞI),0.0,19.24,,,,,,,
DUNYH,122.1,138.5,140.0,122.1,605230.0,-9.95575221238938,73898583.0,0.5367595079191605,1.0,-20.091623036649224,4.003407155025544,14.660114660114663,2026-09-03,-1.02,6.0,1.71,0.0,2,True,0.0,🚨 VWAP ALTI (SABAH TUZAĞI),0.0,128.0666666666667,,,,,,,
BINHO,9.34,9.57,9.72,9.32,7908195.0,-2.403343782654132,73862541.3,0.2232250636611852,1.0,0.1071811361200405,1.191765980498369,4.291845493562236,2026-09-03,-1.71,-1.5,0.56,0.0,0,True,0.0,🚨 VWAP ALTI (SABAH TUZAĞI),0.0,9.46,,,,,,,
ONCSM,185.8,198.4,199.0,182.8,394501.0,-6.3508064516129,73298285.80000001,0.3790024162903952,1.0,-25.531062124248493,-33.87900355871886,8.862144420131285,2026-09-03,-1.37,6.0,1.25,0.0,2,False,0.0,🚨 VWAP ALTI (SABAH TUZAĞI),0.0,189.2,,,,,,,
ENTRA,4.17,4.23,4.38,4.13,17204098.0,-1.1848341232227448,71741088.66,1.076843648287943,1.0,-15.07128309572302,-13.3056133056133,6.053268765133172,2026-09-03,0.17,-1.88,0.31,0.0,0,False,0.0,🚨 VWAP ALTI (SABAH TUZAĞI),0.0,4.226666666666667,,,,,,,
AKFYE,22.58,22.76,23.08,22.52,3133326.0,-0.7908611599297155,70750501.08,0.4360983499465852,1.0,-4.725738396624477,-1.9113814074717688,2.486678507992889,2026-09-03,-1.24,-1.1,0.21,0.0,0,True,0.0,🚨 VWAP ALTI (SABAH TUZAĞI),0.0,22.726666666666663,,,,,,,
BRKVY,92.05,91.5,95.1,90.9,763379.0,0.6010928961748603,70269036.95,1.027938920381288,1.0,24.56021650879565,-0.6475984889368683,4.620462046204608,2026-09-03,0.06,6.0,0.16,0.24,1,False,0.0,🚨 VWAP ALTI (SABAH TUZAĞI),-65.6,92.68333333333332,,,,,,,
DOAS,160.1,162.0,162.4,160.0,436691.0,-0.9894867037724148,69914229.1,0.5111127471009526,1.0,-14.613333333333337,-13.55291576673866,1.5000000000000036,2026-09-03,-1.08,3.5,0.26,0.0,0,False,0.0,🚨 VWAP ALTI (SABAH TUZAĞI),0.0,160.83333333333334,,,,,,,
AKFIS,16.99,17.57,17.89,16.88,4924360.0,-3.135689851767393,83664876.39999999,0.1868813544194623,1.0,10.503844032962329,49.80131685585268,5.983412322274891,2026-09-03,-1.79,0.03,0.64,0.0,0,True,0.0,🚨 VWAP ALTI (SABAH TUZAĞI),0.0,17.25333333333333,,,,,,,
GENKM,9.45,9.55,9.63,9.43,3666566.0,-0.8394543546694656,34649048.7,0.3378665082999862,1.0,-8.34141610087295,-40.9743910056215,2.120890774125144,2026-09-03,-1.46,-2.0,0.43,0.0,0,False,0.0,🚨 VWAP ALTI (SABAH TUZAĞI),0.0,9.503333333333334,,,,,,,
GWIND,22.06,22.22,22.28,22.0,1583251.0,-0.6306306306306332,34926517.059999995,0.4398993287583642,1.0,-8.31255195344971,-18.05349182763745,1.2727272727272778,2026-09-03,-1.23,-1.8,0.33,0.0,0,False,0.0,🚨 VWAP ALTI (SABAH TUZAĞI),0.0,22.11333333333333,,,,,,,
KRSTL,8.84,8.93,8.95,8.77,3971009.0,-1.0078387458006703,35103719.56,0.8778617820257562,1.0,-12.906403940886705,-25.40084388185654,2.0524515393386515,2026-09-03,-0.27,-2.0,0.5,0.0,0,False,0.0,🪤 DÜŞEN BIÇAK TUZAĞI,0.0,8.853333333333333,,,,,,,
CGCAM,31.64,32.38,32.46,31.62,1111787.0,-1.921884686918777,35176940.68,0.495440428652335,1.0,-20.701754385964907,-34.789777411376754,2.656546489563566,2026-09-03,-1.11,-0.4,0.87,0.0,1,False,0.0,🚨 VWAP ALTI (SABAH TUZAĞI),0.0,31.906666666666663,,,,,,,
ADESE,0.85,0.85,0.86,0.84,41667413.0,0.0,35417301.05,0.3329725496537269,1.0,1.1904761904761916,-16.66666666666667,2.380952380952383,2026-09-03,-1.47,-2.0,0.0,0.0,0,False,0.0,NÖTR REJİM,0.0,0.85,,,,,,,
EKOS,4.8,4.99,5.01,4.75,7399116.0,-3.614457831325313,35515756.8,0.6328757160807178,1.0,-11.764705882352953,-40.8138101109741,5.473684210526312,2026-09-03,-0.81,-1.85,1.4,0.0,1,False,0.0,🚨 VWAP ALTI (SABAH TUZAĞI),0.0,4.853333333333333,,,,,,,
MARKA,82.55,83.2,85.0,80.6,431050.0,-0.7812500000000068,35583177.5,0.8719006868607266,1.0,1.7879161528976608,37.12624584717607,5.459057071960305,2026-09-03,-0.28,6.0,0.4,0.0,1,True,0.0,🚨 VWAP ALTI (SABAH TUZAĞI),0.0,82.71666666666665,,,,,,,
BIGTK,302.75,325.5,326.5,301.75,173295.0,-6.34184068058778,52465061.25,0.2192038206570081,1.0,-16.71251719394773,30.664652567975835,8.202154101077051,2026-09-03,-1.72,6.0,1.58,0.0,2,True,0.0,🚨 VWAP ALTI (SABAH TUZAĞI),0.0,310.3333333333333,,,,,,,
YIGIT,22.06,22.4,22.46,21.9,1791028.0,-0.1809954751131343,39510077.68,0.4287870226129068,1.0,5.047619047619041,-16.37604245640637,2.5570776255707868,2026-09-03,-1.26,-1.1,0.09,0.0,0,False,0.0,🚨 VWAP ALTI (SABAH TUZAĞI),-24.6,22.14,,,,,,,
ICBCT,19.3,19.44,20.34,19.26,2059066.0,-0.6690684508491971,39739973.8,1.3250805576820956,1.0,-8.703878902554399,-8.790170132325139,5.6074766355140095,2026-09-03,0.72,0.2,0.31,0.0,0,True,0.0,🚨 VWAP ALTI (SABAH TUZAĞI),0.0,19.633333333333336,,,,,,,
MOBTL,12.44,12.97,12.97,12.42,3195198.0,-3.1152647975077907,39748263.12,0.8863079892787511,1.0,-15.085324232081916,-21.859296482412063,4.4283413848631294,2026-09-03,-0.25,-1.12,1.16,0.0,1,False,0.0,🚨 VWAP ALTI (SABAH TUZAĞI),0.0,12.61,,,,,,,
AKENR,10.17,10.36,10.43,10.13,3920591.0,-1.8339768339768288,39872410.47,0.3775808891818274,1.0,2.4169184290030232,-30.816326530612244,2.961500493583405,2026-09-03,-1.37,-1.75,0.76,0.0,0,False,0.0,🚨 VWAP ALTI (SABAH TUZAĞI),0.0,10.243333333333334,,,,,,,
HRKET,89.6,92.1,92.15,89.6,449599.0,-1.969365426695855,40284070.4,0.3751749144276354,1.0,-6.22710622710623,-27.683615819209045,2.845982142857156,2026-09-03,-1.37,3.88,0.8,0.0,0,False,0.0,🚨 VWAP ALTI (SABAH TUZAĞI),0.0,90.45,,,,,,,
GOKNR,17.08,17.7,17.72,17.0,2365247.0,-3.064699205448369,40398418.76,0.3440061701135466,1.0,-26.506024096385545,-30.62550771730301,4.235294117647052,2026-09-03,-1.44,-0.7,1.13,0.0,1,False,0.0,🚨 VWAP ALTI (SABAH TUZAĞI),0.0,17.266666666666666,,,,,,,
CRDFA,26.3,26.5,27.0,25.86,1543693.0,-2.59259259259259,40599125.9,0.749959130272772,1.0,-36.56536420646406,-29.301075268817208,4.40835266821346,2026-09-03,-0.55,0.35,0.99,0.0,1,False,0.0,🚨 VWAP ALTI (SABAH TUZAĞI),0.0,26.386666666666667,,,,,,,
SURGY,29.68,30.38,30.4,29.58,1379463.0,-1.9815059445178385,40942461.84,0.2584629203495966,1.0,-55.76751117734724,-57.07881417208967,2.77214334009466,2026-09-03,-1.63,-0.45,0.79,0.0,0,False,0.0,🚨 VWAP ALTI (SABAH TUZAĞI),0.0,29.886666666666667,,,,,,,
SNGYO,3.3,3.37,3.38,3.28,10803296.0,-1.7857142857142874,35650876.8,0.5427007810527738,1.0,3.773584905660367,-11.29032258064517,3.0487804878048808,2026-09-03,-1.01,-2.0,0.81,0.0,0,False,0.0,🚨 VWAP ALTI (SABAH TUZAĞI),0.0,3.3200000000000007,,,,,,,
KARCL,170.4,176.4,184.0,158.7,9424041.0,-3.346568349404428,1605856586.4,1.109288553865742,1.0,265.97938144329896,342.5974025974026,15.942028985507251,2026-09-03,0.24,6.0,0.04,0.0,1,False,0.0,🚨 VWAP ALTI (SABAH TUZAĞI),0.0,171.03333333333333,,,,,,,
SAHOL,92.6,92.65,93.75,92.15,18033194.0,0.1081081081081019,1669873764.4,0.4759717172956897,1.0,6.990179087232811,0.5975013579576286,1.736299511665756,2026-09-03,-1.15,1.5,0.0,0.0,0,True,0.0,🚨 VWAP ALTI (SABAH TUZAĞI),-35.9,92.83333333333331,,,,,,,
CITAS,128.5,131.0,136.9,127.0,13317406.0,-1.0777521170130913,1711286671.0,0.5085334617398775,1.0,58.54410857495373,58.54410857495373,7.795275590551186,2026-09-03,-1.08,6.0,0.01,0.0,1,False,0.0,🚨 VWAP ALTI (SABAH TUZAĞI),-53.1,130.79999999999998,,,,,,,
VAKBN,33.92,34.28,34.84,33.88,51841943.0,-0.4694835680751074,1758478706.5600002,0.8070384207936018,1.0,11.94719471947195,2.912621359223304,2.833530106257381,2026-09-03,-0.42,-0.1,0.01,0.0,0,True,0.0,🚨 VWAP ALTI (SABAH TUZAĞI),0.0,34.21333333333333,,,,,,,
BKRGY,10.92,11.46,12.77,10.86,163504072.0,-6.185567010309283,1785464466.24,1.0,1.0,-6.185567010309283,-6.185567010309283,17.587476979742174,2026-09-03,0.0,2.28,0.07,0.0,0,True,0.0,🚨 VWAP ALTI (SABAH TUZAĞI),0.0,11.516666666666666,,,,,,,
GARAN,132.1,132.5,134.4,132.0,18042343.0,0.0757575757575714,2383393510.3,0.4771681269641529,1.0,3.6078431372548976,1.615384615384611,1.8181818181818223,2026-09-03,-1.15,3.5,0.0,0.0,0,True,0.0,🚨 VWAP ALTI (SABAH TUZAĞI),0.0,132.83333333333334,,,,,,,
EREGL,37.08,37.7,37.82,37.02,66440158.0,-1.3829787234042636,2463601058.64,0.3670038946626932,1.0,-8.939096267190571,-7.485029940119761,2.160994057266335,2026-09-03,-1.39,-0.5,0.01,0.0,0,True,0.0,🚨 VWAP ALTI (SABAH TUZAĞI),0.0,37.306666666666665,,,,,,,
SASA,2.26,2.27,2.29,2.24,1113015206.0,-0.4405286343612437,2515414365.56,0.5190847229956399,1.0,-10.317460317460323,-12.741312741312743,2.232142857142849,2026-09-03,-1.06,-2.0,0.0,0.0,0,False,0.0,NÖTR REJİM,0.0,2.263333333333333,,,,,,,
BURCE,32.38,32.66,33.6,31.88,1064788.0,-1.8787878787878711,34477835.440000005,0.6412902848124586,1.0,-10.798898071625327,-32.14585079631181,5.395232120451701,2026-09-03,-0.79,1.8,0.87,0.0,1,False,0.0,🚨 VWAP ALTI (SABAH TUZAĞI),0.0,32.620000000000005,,,,,,,
EKGYO,19.52,20.2,20.24,19.42,131122477.0,-2.691924227318042,2559510751.04,1.012785838263789,1.0,7.666850523993385,-4.219823356231597,4.222451081359406,2026-09-03,0.03,-0.45,0.02,0.0,0,True,0.0,🚨 VWAP ALTI (SABAH TUZAĞI),0.0,19.726666666666663,,,,,,,
ONRYT,56.65,58.3,58.9,56.55,560742.0,-2.8301886792452806,31766034.3,0.5765630634294224,1.0,-8.259109311740893,-30.44812768569675,4.1556145004420895,2026-09-03,-0.93,3.38,1.27,0.0,1,False,0.0,🚨 VWAP ALTI (SABAH TUZAĞI),0.0,57.36666666666667,,,,,,,
ALGYO,3.5,3.57,3.58,3.46,9297897.0,-1.4084507042253471,32542601.0,0.37997094408543,1.0,6.060606060606066,-48.52941176470589,3.4682080924855523,2026-09-03,-1.36,-2.0,0.72,0.0,0,False,0.0,🚨 VWAP ALTI (SABAH TUZAĞI),0.0,3.513333333333333,,,,,,,
METRO,8.15,8.39,8.45,8.08,4011223.0,-1.8072289156626544,32691467.450000003,0.5011668003786823,1.0,10.733695652173912,-4.566744730679143,4.5792079207920695,2026-09-03,-1.1,-1.58,0.88,0.0,1,True,0.0,🚨 VWAP ALTI (SABAH TUZAĞI),0.0,8.226666666666667,,,,,,,
IHLAS,1.05,1.06,1.06,1.04,31314900.0,-0.9433962264150952,32880645.0,0.3715299925167464,1.0,3.960396039603964,-31.88792239364367,1.923076923076925,2026-09-03,-1.38,-2.0,0.5,0.0,0,False,0.0,🪤 DÜŞEN BIÇAK TUZAĞI,0.0,1.05,,,,,,,
ARFYE,18.85,19.35,19.51,18.8,1750750.0,-2.382185396167775,33001637.500000004,0.5377280207146071,1.0,-35.665529010238906,-35.665529010238906,3.776595744680856,2026-09-03,-1.02,-0.72,1.09,0.0,1,False,0.0,🚨 VWAP ALTI (SABAH TUZAĞI),0.0,19.05333333333333,,,,,,,
EDIP,35.56,36.24,36.24,35.42,935459.0,-1.222222222222216,33264922.040000003,0.2460820339562318,1.0,5.833333333333336,-2.841530054644806,2.315076228119707,2026-09-03,-1.66,-0.45,0.63,0.0,0,True,0.0,🚨 VWAP ALTI (SABAH TUZAĞI),0.0,35.74,,,,,,,
GZNMI,52.5,55.6,55.6,52.2,637052.0,-2.7777777777777777,33445230.0,0.3414466293339281,1.0,-11.83879093198992,-26.056338028169016,6.513409961685821,2026-09-03,-1.45,6.0,1.21,0.0,2,False,0.0,🚨 VWAP ALTI (SABAH TUZAĞI),0.0,53.43333333333334,,,,,,,
TKNKA,171.0,209.0,209.0,171.0,14755718.0,-10.0,2523227778.0,1.6319868727173896,1.0,82.10862619808306,82.10862619808306,22.22222222222222,2026-09-03,1.39,6.0,0.08,0.0,2,False,0.0,🚨 VWAP ALTI (SABAH TUZAĞI),0.0,183.66666666666663,,,,,,,
SKYMD,15.26,15.98,15.99,15.09,3296323.0,-2.053915275994868,50301888.98,1.516958472314792,1.0,10.101010101010104,7.46478873239437,5.964214711729624,2026-09-03,1.14,-0.25,0.68,0.0,1,True,0.0,🚨 VWAP ALTI (SABAH TUZAĞI),0.0,15.446666666666664,,,,,,,
ADEL,31.04,31.9,32.16,30.96,1671898.0,-2.6959247648902807,51895713.92,0.2327656294566389,1.0,7.404844290657442,-4.138357010500319,3.875968992248048,2026-09-03,-1.69,0.5,0.84,0.0,0,True,0.0,🚨 VWAP ALTI (SABAH TUZAĞI),0.0,31.386666666666667,,,,,,,
ESEN,3.36,3.39,3.41,3.34,15458384.0,-0.2967359050445172,51940170.24,0.4331445352390248,1.0,1.5105740181268827,-16.62531017369728,2.0958083832335417,2026-09-03,-1.25,-2.0,0.11,0.0,0,False,0.0,🚨 VWAP ALTI (SABAH TUZAĞI),0.0,3.37,,,,,,,
ENSRI,4.78,4.96,4.97,4.77,10909604.0,-3.434343434343433,52147907.120000005,0.3442983493441348,1.0,-9.297912713472472,-64.167916041979,4.192872117400423,2026-09-03,-1.44,-2.0,1.01,0.0,1,False,0.0,🚨 VWAP ALTI (SABAH TUZAĞI),0.0,4.84,,,,,,,
TSKB,11.05,11.05,11.16,11.05,8924494.0,0.7292616226071109,98615658.7,0.50196583497133,1.0,-1.5151515151515145,-6.117247238742556,1.719457013574656,2026-09-03,-1.1,-2.0,0.14,0.0,0,True,0.0,🚨 VWAP ALTI (SABAH TUZAĞI),-31.7,11.086666666666668,,,,,,,
DAGI,9.22,9.91,9.91,9.2,5724708.0,-7.056451612903218,52781807.760000005,0.6369029181164985,1.0,2.217294900221741,26.30136986301371,7.826086956521746,2026-09-03,-0.8,-0.72,1.7,0.0,1,True,0.0,🚨 VWAP ALTI (SABAH TUZAĞI),0.0,9.443333333333332,,,,,,,
EGEGY,24.9,25.9,25.98,24.86,2154012.0,-2.734375000000011,53634898.8,0.3996831128052913,1.0,-11.576704545454552,-18.14595660749508,4.50522928399035,2026-09-03,-1.32,0.3,0.82,0.0,0,False,0.0,🚨 VWAP ALTI (SABAH TUZAĞI),-31.4,25.24666666666667,,,,,,,
ALFAS,37.92,39.06,39.24,37.82,1081164.0,-2.9185867895545328,40997738.88,0.4135152070385294,1.0,-8.450024142926122,-34.845360824742265,3.7546271813855134,2026-09-03,-1.29,1.05,1.08,0.0,1,False,0.0,🚨 VWAP ALTI (SABAH TUZAĞI),0.0,38.32666666666667,,,,,,,
AAGYO,11.89,12.32,12.34,11.88,4530977.0,-3.25467860048819,53873316.53,0.5940719941292645,1.0,-6.818181818181811,-32.63456090651557,3.872053872053864,2026-09-03,-0.89,-1.35,0.95,0.0,1,False,0.0,🚨 VWAP ALTI (SABAH TUZAĞI),0.0,12.036666666666669,,,,,,,
BORSK,6.36,6.56,6.74,6.3,8493019.0,-2.900763358778619,54015600.84,1.0699399659577686,1.0,13.571428571428584,-0.9345794392523304,6.984126984126991,2026-09-03,0.15,-1.4,0.86,0.0,1,True,0.0,🚨 VWAP ALTI (SABAH TUZAĞI),0.0,6.466666666666666,,,,,,,
INVES,784.0,797.0,811.0,783.5,69124.0,-1.569365976145637,54193216.0,0.7180050751877747,1.0,7.988980716253444,23.270440251572328,3.509891512444161,2026-09-03,-0.62,6.0,0.51,0.0,1,True,0.0,🚨 VWAP ALTI (SABAH TUZAĞI),-57.1,792.8333333333334,,,,,,,
TURGG,28.5,29.24,31.5,27.8,1910639.0,-2.5307797537619647,54453211.5,1.6910735601983236,1.0,9.111791730474728,-4.362416107382552,13.309352517985609,2026-09-03,1.52,6.0,0.76,0.0,2,True,0.0,🚨 VWAP ALTI (SABAH TUZAĞI),0.0,29.266666666666666,,,,,,,
ADGYO,57.2,59.0,59.0,55.5,952182.0,-2.555366269165247,54464810.400000006,0.8801256712332945,1.0,20.269133725820016,2.142857142857148,6.306306306306307,2026-09-03,-0.26,6.0,0.77,0.0,1,True,0.0,NÖTR REJİM,0.0,57.23333333333333,,,,,,,
MEYSU,11.42,11.59,11.8,11.39,4783426.0,-1.2964563526361308,54626724.92,0.2964590681089098,1.0,4.674610449129237,-36.378830083565454,3.5996488147497816,2026-09-03,-1.55,-1.47,0.43,0.0,0,False,0.0,🚨 VWAP ALTI (SABAH TUZAĞI),0.0,11.536666666666669,,,,,,,
ISDMR,55.2,56.0,56.6,54.55,991353.0,-0.6300630063006198,54722685.6,0.6096764932923796,1.0,3.7593984962406015,-11.111111111111107,3.758020164986259,2026-09-03,-0.86,2.63,0.22,0.0,0,False,0.0,🚨 VWAP ALTI (SABAH TUZAĞI),0.0,55.45000000000001,,,,,,,
OFSYM,67.95,70.55,70.95,67.15,818166.0,-2.5107604017216643,55594379.7,0.2530806941516751,1.0,33.497053045186654,14.877430262045657,5.658972449739385,2026-09-03,-1.64,6.0,0.75,0.0,1,False,0.0,🚨 VWAP ALTI (SABAH TUZAĞI),0.0,68.68333333333334,,,,,,,
AKCNS,238.9,240.5,242.8,238.5,224827.0,-0.7065669160432206,53711170.3,0.7433968627658449,1.0,1.185938161795854,12.106992022524642,1.802935010482185,2026-09-03,-0.56,6.0,0.25,0.0,1,True,0.0,🚨 VWAP ALTI (SABAH TUZAĞI),0.0,240.06666666666663,,,,,,,
LYDYE,12397.5,12465.0,13187.5,12307.5,3367.0,1.723076923076923,41742382.5,2.646804496501848,1.0,-4.963587581448831,-20.554309516180712,8.125126955108673,2026-09-03,3.62,6.0,0.69,0.0,2,False,0.0,🚨 VWAP ALTI (SABAH TUZAĞI),0.0,12630.833333333334,,,,,,,
PAPIL,12.49,12.72,12.76,12.3,3399460.0,-2.0392156862745083,42459255.4,0.3215005581237805,1.0,9.947183098591555,-18.472584856396868,3.739837398373976,2026-09-03,-1.49,-1.35,0.78,0.0,0,False,0.0,🚨 VWAP ALTI (SABAH TUZAĞI),0.0,12.516666666666667,,,,,,,
INDES,11.44,11.82,11.82,11.43,3726530.0,-2.1385799828913603,42631503.2,0.4515876215745825,1.0,12.598425196850387,-8.553157474020786,3.412073490813653,2026-09-03,-1.21,-1.52,0.81,0.0,0,True,0.0,🚨 VWAP ALTI (SABAH TUZAĞI),0.0,11.563333333333333,,,,,,,
KORDS,81.0,83.55,84.5,80.45,529990.0,-3.0520646319569087,42929190.0,0.284335165165903,1.0,18.248175182481752,5.331599479843946,5.0341827221876905,2026-09-03,-1.57,6.0,1.07,0.0,2,True,0.0,🚨 VWAP ALTI (SABAH TUZAĞI),0.0,81.98333333333333,,,,,,,
GSDDE,12.96,12.9,13.35,12.81,3327052.0,0.3095975232198213,43118593.92,0.4593472571778127,1.0,7.196029776674946,8.000000000000007,4.215456674473061,2026-09-03,-1.19,-1.15,0.14,0.2,0,True,0.0,🚨 VWAP ALTI (SABAH TUZAĞI),0.0,13.04,,,,,,,
HOROZ,57.35,58.5,59.55,56.9,761169.0,-0.4340277777777778,43653042.15,0.420000496605152,1.0,3.800904977375568,-15.78560939794419,4.657293497363794,2026-09-03,-1.28,4.12,0.19,0.0,0,False,0.0,🚨 VWAP ALTI (SABAH TUZAĞI),0.0,57.93333333333333,,,,,,,
QUAGR,3.1,3.17,3.2,3.08,14127707.0,-1.898734177215192,43795891.7,0.3009989524686847,1.0,-7.462686567164179,-26.540284360189567,3.8961038961039,2026-09-03,-1.54,-2.0,0.72,0.0,0,False,0.0,🚨 VWAP ALTI (SABAH TUZAĞI),0.0,3.126666666666667,,,,,,,
ZERGY,9.73,9.8,9.89,9.58,4546329.0,-0.612870275791611,44235781.17,0.2229474797778073,1.0,9.325842696629213,-37.2258064516129,3.235908141962427,2026-09-03,-1.71,-1.72,0.26,0.0,0,False,0.0,🪤 DÜŞEN BIÇAK TUZAĞI,0.0,9.733333333333333,,,,,,,
ECZYT,299.75,305.0,309.25,299.25,164067.0,-1.6406890894175554,49179083.25,0.5099801841706493,1.0,-5.8869701726844585,-15.918653576437588,3.341687552213868,2026-09-03,-1.08,6.0,0.58,0.0,1,False,0.0,🚨 VWAP ALTI (SABAH TUZAĞI),-72.4,302.75,,,,,,,
ESCOM,5.13,5.19,5.23,5.1,8717509.0,-1.1560693641618591,44720821.17,0.4102261463471365,1.0,-2.4714828897338386,-3.752345215759853,2.5490196078431526,2026-09-03,-1.3,-2.0,0.46,0.0,0,True,0.0,🚨 VWAP ALTI (SABAH TUZAĞI),0.0,5.153333333333333,,,,,,,
ISSEN,6.97,7.1,7.49,6.75,6420234.0,-1.274787535410763,44749030.98,7.171884022127508,1.0,3.2592592592592555,-20.79545454545456,10.962962962962967,2026-09-03,6.0,-0.65,0.5,0.0,1,False,0.0,🚨 VWAP ALTI (SABAH TUZAĞI),0.0,7.07,,,,,,,
EMKEL,13.65,13.95,14.42,13.65,3311712.0,-2.0803443328550872,45204868.8,0.8311025833150506,1.0,-25.450573457127245,-47.4191063174114,5.641025641025638,2026-09-03,-0.37,-0.58,0.76,0.0,0,False,0.0,🚨 VWAP ALTI (SABAH TUZAĞI),0.0,13.906666666666665,,,,,,,
TARKM,510.0,532.0,534.0,505.5,90145.0,-3.7735849056603774,45973950.0,0.3379306699495681,1.0,13.39633129516398,-10.683012259194395,5.637982195845697,2026-09-03,-1.46,6.0,1.2,0.0,2,False,0.0,🚨 VWAP ALTI (SABAH TUZAĞI),0.0,516.5,,,,,,,
TRGYO,93.15,93.95,94.15,93.0,494119.0,-0.8515167642362929,46027184.85,0.3136737914199646,1.0,-0.6929637526652361,-1.9989479221462296,1.2365591397849522,2026-09-03,-1.51,0.38,0.34,0.0,0,True,0.0,🚨 VWAP ALTI (SABAH TUZAĞI),0.0,93.43333333333334,,,,,,,
EUREN,3.8,3.85,3.87,3.79,12113448.0,-1.0416666666666676,46031102.4,0.3963907556246143,1.0,-1.8087855297157696,-22.764227642276428,2.1108179419525084,2026-09-03,-1.33,-2.0,0.41,0.0,0,False,0.0,🚨 VWAP ALTI (SABAH TUZAĞI),0.0,3.8200000000000007,,,,,,,
SAYAS,53.95,55.2,55.5,53.65,858279.0,-2.352941176470583,46304152.05,0.2582031287957322,1.0,12.255513940907198,-16.999999999999996,3.4482758620689684,2026-09-03,-1.63,2.13,0.82,0.0,0,False,0.0,🚨 VWAP ALTI (SABAH TUZAĞI),0.0,54.366666666666674,,,,,,,
HDFGS,2.41,2.46,2.48,2.41,19228490.0,-1.632653061224491,46340660.900000006,0.383541577193201,1.0,-3.2128514056224926,-12.681159420289845,2.9045643153526903,2026-09-03,-1.36,-2.0,0.6,0.0,0,False,0.0,🚨 VWAP ALTI (SABAH TUZAĞI),0.0,2.4333333333333336,,,,,,,
FONET,4.81,4.91,4.91,4.81,9256065.0,-1.2320328542094556,44521672.65,0.5098378515504483,1.0,-3.800000000000008,-16.202090592334503,2.07900207900209,2026-09-03,-1.08,-2.0,0.49,0.0,0,False,0.0,🚨 VWAP ALTI (SABAH TUZAĞI),-30.4,4.843333333333333,,,,,,,
GESAN,67.2,67.7,68.4,67.2,12196533.0,-9.979906229068993,819607017.6,0.992553367451881,1.0,-12.840466926070029,-19.80906921241049,11.086309523809527,2026-09-03,-0.02,0.5,0.23,0.0,0,False,0.0,🚨 VWAP ALTI (SABAH TUZAĞI),0.0,67.60000000000001,,,,,,,
SARAE,75.8,78.9,79.95,75.0,10507261.0,-3.439490445859876,796450383.8,0.2517109071115462,1.0,-2.319587628865976,-1.558441558441562,6.600000000000004,2026-09-03,-1.65,6.0,0.08,0.0,1,True,0.0,🚨 VWAP ALTI (SABAH TUZAĞI),0.0,76.91666666666667,,,,,,,
HATSN,59.35,60.15,62.95,59.1,13223997.0,-9.596344249809604,784844221.95,1.2151669744006053,1.0,6.5529622980251325,4.031551270815082,11.08291032148901,2026-09-03,0.47,6.0,0.23,0.0,1,True,0.0,🚨 VWAP ALTI (SABAH TUZAĞI),0.0,60.46666666666667,,,,,,,
KUYAS,69.8,69.0,71.45,69.0,10594437.0,1.0861694424330195,739491702.6,1.5559898165445745,1.0,5.677517032551098,-8.157894736842108,3.550724637681164,2026-09-03,1.22,3.63,0.03,0.59,1,True,0.0,🚨 VWAP ALTI (SABAH TUZAĞI),-49.4,70.08333333333333,,,,,,,
FROTO,75.85,76.75,77.3,75.8,9509321.0,-0.5245901639344337,721281997.8499999,0.4773377318201741,1.0,-4.048070841239725,-14.53521126760564,1.978891820580475,2026-09-03,-1.15,1.25,0.01,0.0,0,False,0.0,🚨 VWAP ALTI (SABAH TUZAĞI),0.0,76.31666666666666,,,,,,,
EMPAE,73.65,71.85,75.5,70.5,9274384.0,6.277056277056289,683058381.6,0.9557345755293624,1.0,23.781512605042025,-38.16120906801007,8.794326241134755,2026-09-03,-0.1,6.0,0.18,1.22,2,False,0.0,🪤 DÜŞEN BIÇAK TUZAĞI,0.0,73.21666666666667,,,,,,,
EFOR,16.84,16.9,17.18,16.0,37801530.0,-0.355029585798809,636577765.2,0.4343789723527044,1.0,-6.600110926234061,32.5984251968504,7.374999999999998,2026-09-03,-1.24,0.45,0.01,0.93,0,True,0.0,NÖTR REJİM,0.0,16.673333333333332,,,,,,,
MANAS,34.0,35.6,38.86,33.86,18346136.0,-3.9548022598870016,623768624.0,0.6300550566710328,1.0,11.989459815546772,32.81249999999999,14.766686355581808,2026-09-03,-0.81,6.0,0.12,0.0,1,True,0.0,🚨 VWAP ALTI (SABAH TUZAĞI),0.0,35.57333333333333,,,,,,,
GUBRF,471.0,482.0,482.0,467.25,1231730.0,-0.9984235417761428,580144830.0,0.2790791107587418,1.0,16.512059369202227,-10.371075166508088,3.156768325307651,2026-09-03,-1.59,6.0,0.03,0.0,1,False,0.0,🚨 VWAP ALTI (SABAH TUZAĞI),0.0,473.4166666666667,,,,,,,
MIATK,28.34,27.58,28.98,26.76,19576830.0,3.054545454545454,554807362.2,1.7804293635867887,1.0,-5.659121171770971,-43.18364073777066,8.295964125560534,2026-09-03,1.72,3.05,0.11,1.55,2,False,0.0,🪤 DÜŞEN BIÇAK TUZAĞI,0.0,28.02666666666667,,,,,,,
TOASO,260.25,261.0,263.5,259.75,2129974.0,-0.0959692898272552,554325733.5,0.5967679772523834,1.0,-3.611111111111111,-12.521008403361344,1.4436958614051971,2026-09-03,-0.89,6.0,0.0,0.0,1,False,0.0,🚨 VWAP ALTI (SABAH TUZAĞI),-43.7,261.1666666666667,,,,,,,
BJKAS,1.97,2.18,2.2,1.97,264353799.0,-9.633027522935787,520776984.03,0.4150369561948414,1.0,7.65027322404371,17.261904761904766,11.675126903553313,2026-09-03,-1.29,-1.92,0.34,0.0,0,True,0.0,🚨 VWAP ALTI (SABAH TUZAĞI),0.0,2.0466666666666664,,,,,,,
BRSAN,686.5,696.5,699.5,684.0,741006.0,-1.1519078473722102,508700619.0,0.2379844594515822,1.0,28.3177570093458,18.36206896551724,2.2660818713450293,2026-09-03,-1.68,6.0,0.04,0.0,1,False,0.0,🚨 VWAP ALTI (SABAH TUZAĞI),0.0,690.0,,,,,,,
DMRGD,11.22,11.5,11.74,11.07,45321518.0,-1.1453744493391984,508507431.96,1.4484747981752846,1.0,-2.8571428571428577,2.935779816513764,6.052393857271906,2026-09-03,0.99,-0.83,0.04,0.0,1,True,0.0,🚨 VWAP ALTI (SABAH TUZAĞI),0.0,11.343333333333334,,,,,,,
KRDMA,56.1,60.0,60.65,55.75,8148142.0,-5.634987384356604,457110766.2,0.5024731168771382,1.0,35.70391872278664,45.86583463338533,8.789237668161434,2026-09-03,-1.09,6.0,0.23,0.0,1,False,0.0,🚨 VWAP ALTI (SABAH TUZAĞI),0.0,57.5,,,,,,,
TSPOR,1.02,1.02,1.03,1.01,111110821.0,0.0,114407377.72,0.2236365947304566,1.0,11.956521739130432,7.291666666666673,1.980198019801982,2026-09-03,-1.71,-2.0,0.0,0.0,0,True,0.0,🚨 VWAP ALTI (SABAH TUZAĞI),-32.4,1.0233333333333334,,,,,,,
ODAS,7.25,7.42,7.42,7.07,42640126.0,-1.628222523744913,309140913.5,0.7047301233720294,1.0,-5.228758169934645,0.694444444444442,4.950495049504945,2026-09-03,-0.65,-1.63,0.1,0.06,0,True,0.0,NÖTR REJİM,0.0,7.246666666666667,,,,,,,
TRMET,135.4,139.0,139.0,133.2,2424064.0,-1.670297748729109,328218265.6,0.342063149935456,1.0,8.146964856230033,12.64559068219634,4.354354354354364,2026-09-03,-1.45,6.0,0.1,0.0,1,True,0.0,🚨 VWAP ALTI (SABAH TUZAĞI),0.0,135.86666666666667,,,,,,,
TAVHL,262.25,262.5,265.25,261.0,1261196.0,0.4789272030651341,330748651.0,0.2908160140610404,1.0,-5.750224618149146,-0.8506616257088847,1.628352490421456,2026-09-03,-1.56,6.0,0.03,0.0,1,True,0.0,🚨 VWAP ALTI (SABAH TUZAĞI),-49.7,262.8333333333333,,,,,,,
RYSAS,30.14,30.28,30.52,29.56,11388737.0,-0.462351387054163,343256533.18,0.4588069062617111,1.0,32.42530755711774,10.80882352941177,3.247631935047364,2026-09-03,-1.19,-0.1,0.03,0.46,0,False,0.0,NÖTR REJİM,-46.4,30.07333333333333,,,,,,,
MOGAN,14.16,15.55,15.77,13.96,24629078.0,-8.704061895551254,348747744.48,1.46727829341199,1.0,-17.578579743888238,13.189448441247006,12.965616045845264,2026-09-03,1.03,2.02,0.45,0.0,1,True,0.0,🚨 VWAP ALTI (SABAH TUZAĞI),0.0,14.630000000000004,,,,,,,
BETAE,81.25,84.25,84.85,81.0,4307922.0,-3.388822829964322,350018662.5,0.3338992853007518,1.0,-7.670454545454546,84.6590909090909,4.753086419753079,2026-09-03,-1.47,6.0,0.18,0.0,1,True,0.0,🚨 VWAP ALTI (SABAH TUZAĞI),0.0,82.36666666666666,,,,,,,
TKFEN,206.4,210.5,211.5,202.9,1717304.0,-1.3855709507883447,354451545.6,0.3136490362213841,1.0,24.33734939759037,36.05800922874095,4.238541153277474,2026-09-03,-1.51,6.0,0.08,0.0,1,False,0.0,🚨 VWAP ALTI (SABAH TUZAĞI),0.0,206.9333333333333,,,,,,,
ALARK,110.6,110.5,112.6,110.1,4072223.0,0.1811594202898447,450387863.8,0.5858441814910902,1.0,6.963249516440994,10.159362549800784,2.270663033605813,2026-09-03,-0.91,3.75,0.01,0.07,0,True,0.0,🚨 VWAP ALTI (SABAH TUZAĞI),-43.7,111.09999999999998,,,,,,,
AKSEN,77.8,80.9,81.45,77.45,4622020.0,-4.539877300613501,359593156.0,0.6213159013260521,1.0,-14.55244371224602,-6.265060240963858,5.229180116203999,2026-09-03,-0.83,6.0,0.24,0.0,1,True,0.0,🚨 VWAP ALTI (SABAH TUZAĞI),0.0,78.89999999999999,,,,,,,
GLRMK,157.7,161.5,163.8,157.3,2417023.0,-1.988812927284038,381164527.1,0.4900341246623191,1.0,5.133333333333326,-12.872928176795584,4.132231404958677,2026-09-03,-1.12,6.0,0.1,0.0,1,False,0.0,🚨 VWAP ALTI (SABAH TUZAĞI),0.0,159.6,,,,,,,
ENERY,10.28,10.63,10.76,10.22,37153611.0,-2.0952380952381016,381939121.08,0.877970051493268,1.0,16.421291053227627,15.3759820426487,5.28375733855185,2026-09-03,-0.27,-1.15,0.11,0.0,0,True,0.0,🚨 VWAP ALTI (SABAH TUZAĞI),0.0,10.42,,,,,,,
LIDER,26.04,28.16,28.66,26.0,14927481.0,-7.528409090909093,388711605.24,0.3925832120001354,1.0,-68.2439024390244,-78.58552631578948,10.23076923076923,2026-09-03,-1.34,4.15,0.35,0.0,0,False,0.0,🚨 VWAP ALTI (SABAH TUZAĞI),0.0,26.899999999999995,,,,,,,
SKBNK,6.3,6.3,6.41,6.29,62020374.0,0.158982511923685,390728356.2,0.4587077117686248,1.0,0.0,-51.53846153846154,1.9077901430842623,2026-09-03,-1.19,-2.0,0.01,0.0,0,False,0.0,🚨 VWAP ALTI (SABAH TUZAĞI),0.0,6.333333333333333,,,,,,,
MRGYO,1.6,1.67,1.68,1.55,258506090.0,-3.614457831325292,413609744.0,1.5966465529969631,1.0,25.000000000000004,-3.03030303030302,8.387096774193541,2026-09-03,1.31,-2.0,0.17,0.0,1,False,0.0,🚨 VWAP ALTI (SABAH TUZAĞI),0.0,1.61,,,,,,,
VEYAS,122.4,135.8,136.7,122.4,3436822.0,-9.999999999999996,420667012.8,0.1961002064955963,1.0,-9.999999999999996,-9.999999999999996,11.683006535947698,2026-09-03,-1.77,6.0,0.43,0.0,1,True,0.0,🚨 VWAP ALTI (SABAH TUZAĞI),0.0,127.16666666666669,,,,,,,
HEKTS,2.62,2.67,2.67,2.59,167854839.0,-1.132075471698106,439779678.18,0.5664263729619428,1.0,-10.580204778157,-41.38702460850112,3.0888030888030915,2026-09-03,-0.95,-2.0,0.05,0.0,0,False,0.0,🚨 VWAP ALTI (SABAH TUZAĞI),0.0,2.6266666666666665,,,,,,,
KBORU,17.21,18.76,19.45,16.93,20855243.0,-8.262260127931773,358918732.03000003,1.1588719594545014,1.0,-29.926710097719862,-30.040650406504064,14.884819846426458,2026-09-03,0.35,3.8,0.41,0.0,0,False,0.0,🚨 VWAP ALTI (SABAH TUZAĞI),0.0,17.863333333333333,,,,,,,
PSDTC,162.5,162.0,168.2,160.1,229877.0,-0.3678724708767592,37355012.5,0.3614021037624952,1.0,-8.656548622821813,33.41543513957308,5.059337913803869,2026-09-03,-1.4,6.0,0.19,0.11,1,True,0.0,🚨 VWAP ALTI (SABAH TUZAĞI),0.0,163.6,,,,,,,
UCAYM,22.02,22.62,22.74,22.0,1702278.0,-2.307009760425908,37484161.56,0.2497417348362239,1.0,-15.30769230769231,-35.3493834409865,3.3636363636363567,2026-09-03,-1.65,-0.65,0.96,0.0,1,False,0.0,🚨 VWAP ALTI (SABAH TUZAĞI),0.0,22.25333333333333,,,,,,,
BMSTL,43.18,43.92,43.94,43.12,873896.0,-1.6400911161731182,37734829.28,0.4002205780083582,1.0,1.7436380772855844,1.0058479532163735,1.9016697588126168,2026-09-03,-1.32,-0.45,0.72,0.0,0,True,0.0,🚨 VWAP ALTI (SABAH TUZAĞI),0.0,43.41333333333333,,,,,,,
AGROT,1.95,1.99,2.0,1.95,19511003.0,-1.5151515151515165,38046455.85,0.1040222950575913,1.0,-16.666666666666664,-33.89830508474577,2.5641025641025665,2026-09-03,-1.97,-2.0,0.67,0.0,0,False,0.0,🚨 VWAP ALTI (SABAH TUZAĞI),0.0,1.9666666666666668,,,,,,,
KZBGY,1.84,1.9,1.91,1.82,20799807.0,-2.6455026455026363,38271644.88,0.6368919996874426,1.0,-7.9999999999999964,-38.46153846153847,4.945054945054937,2026-09-03,-0.8,-2.0,1.05,0.0,1,False,0.0,🚨 VWAP ALTI (SABAH TUZAĞI),0.0,1.856666666666667,,,,,,,
TUREX,6.04,6.2,6.22,6.03,6396911.0,-2.4232633279483093,38637342.44,0.4394078595505177,1.0,-8.761329305135952,-30.011587485515648,3.150912106135978,2026-09-03,-1.23,-2.0,0.97,0.0,1,False,0.0,🚨 VWAP ALTI (SABAH TUZAĞI),0.0,6.096666666666667,,,,,,,
THYAO,289.75,292.5,296.25,289.25,51594667.0,-0.6003430531732418,14949554763.25,1.026358639455223,1.0,-8.59621451104101,-3.336113427856547,2.420051858254105,2026-09-03,0.06,6.0,0.0,0.0,1,True,0.0,🚨 VWAP ALTI (SABAH TUZAĞI),-70.2,291.75,,,,,,,
PASEU,180.2,193.5,203.6,177.0,4554752.0,-7.778915046059375,820766310.4,0.3470393028895303,1.0,6.627218934911236,68.41121495327101,15.02824858757062,2026-09-03,-1.44,6.0,0.18,0.0,1,True,0.0,🚨 VWAP ALTI (SABAH TUZAĞI),0.0,186.9333333333333,,,,,,,
PEKGY,11.5,11.5,12.37,11.5,271169126.0,-9.94518402505873,3118444949.0,2.081960321745319,1.0,-21.662125340599456,-8.366533864541838,11.04347826086956,2026-09-03,2.38,-0.33,0.06,0.0,1,True,0.0,🚨 VWAP ALTI (SABAH TUZAĞI),0.0,11.79,,,,,,,
TRALT,50.15,51.2,51.25,49.28,71237747.0,-0.2982107355864782,3572573012.05,0.670521221391978,1.0,10.85322723253757,2.7663934426229537,3.9975649350649327,2026-09-03,-0.72,2.42,0.0,0.0,0,True,0.0,NÖTR REJİM,-31.1,50.22666666666667,,,,,,,
KCHOL,214.3,214.3,216.9,213.0,17402058.0,0.610328638497658,3729261029.4,0.5372223607772997,1.0,8.892276422764228,12.023000522739151,1.8309859154929604,2026-09-03,-1.02,6.0,0.0,0.0,1,True,0.0,🚨 VWAP ALTI (SABAH TUZAĞI),0.0,214.7333333333333,,,,,,,
ISCTR,12.9,12.86,13.13,12.79,449249136.0,0.9389671361502424,5795313854.400001,0.6744473798362493,1.0,4.032258064516129,-6.453952139231319,2.736512900703686,2026-09-03,-0.72,-1.65,0.0,0.21,0,True,0.0,🚨 VWAP ALTI (SABAH TUZAĞI),0.0,12.94,,,,,,,
KTLEV,46.08,51.05,52.5,45.9,130614770.0,-9.647058823529417,6018728601.599999,1.0909642753402895,1.0,23.605150214592268,2.315323383632928,14.379084967320264,2026-09-03,0.2,6.0,0.03,0.0,1,False,0.0,🚨 VWAP ALTI (SABAH TUZAĞI),0.0,48.16,,,,,,,
ASTOR,302.25,318.0,319.75,301.0,20521199.0,-4.351265822784811,6202532397.75,0.54221359134851,1.0,3.0690537084398977,-6.3516653756777695,6.229235880398671,2026-09-03,-1.01,6.0,0.01,0.0,1,True,0.0,🚨 VWAP ALTI (SABAH TUZAĞI),0.0,307.6666666666667,,,,,,,
YKBNK,35.98,36.26,36.66,35.8,194590262.0,-0.2771618625277201,7001357626.759999,0.8329017286815933,1.0,6.135693215339228,1.6958733747879997,2.402234636871507,2026-09-03,-0.37,-0.35,0.0,0.0,0,True,0.0,🚨 VWAP ALTI (SABAH TUZAĞI),-31.5,36.14666666666667,,,,,,,
ASELS,376.75,383.5,388.5,373.0,18980298.0,-1.0505581089954037,7150827271.5,0.6183864336434955,1.0,11.54700222057735,3.859407305306685,4.155495978552279,2026-09-03,-0.84,6.0,0.0,0.0,1,True,0.0,🚨 VWAP ALTI (SABAH TUZAĞI),0.0,379.4166666666667,,,,,,,
DSTKF,2193.0,2197.0,2210.0,2105.0,594248.0,-1.0379061371841156,1303185864.0,0.266935982808591,1.0,36.2111801242236,-3.2642258491398324,5.273159144893111,2026-09-03,-1.61,6.0,0.02,1.49,2,False,0.0,NÖTR REJİM,0.0,2169.333333333333,,,,,,,
PGSUS,147.9,149.6,150.2,147.7,5792017.0,-0.7382550335570431,856639314.3000001,0.5133556498802414,1.0,-5.495207667731626,-13.760932944606411,1.6926201760324984,2026-09-03,-1.07,3.75,0.02,0.0,0,False,0.0,🚨 VWAP ALTI (SABAH TUZAĞI),0.0,148.6,,,,,,,
CRFSA,300.75,291.5,313.75,290.5,3045712.0,1.0075566750629723,915997884.0,0.7863142361816151,1.0,76.18629173989457,136.99763593380615,8.003442340791738,2026-09-03,-0.47,6.0,0.02,0.72,1,False,0.0,🚨 VWAP ALTI (SABAH TUZAĞI),0.0,301.6666666666667,,,,,,,
MGROS,518.0,527.5,527.5,515.0,1778523.0,-1.3333333333333337,921274914.0,0.6307169621801325,1.0,-15.151515151515152,-21.51515151515152,2.4271844660194173,2026-09-03,-0.81,6.0,0.03,0.0,1,False,0.0,🚨 VWAP ALTI (SABAH TUZAĞI),0.0,520.1666666666666,,,,,,,
KPEKS,97.5,101.5,104.0,96.95,9871275.0,-1.812688821752263,962449312.5,1.0,1.0,-5.705996131528051,-5.705996131528051,7.271789582258894,2026-09-03,0.0,6.0,0.04,0.0,1,True,0.0,🚨 VWAP ALTI (SABAH TUZAĞI),0.0,99.48333333333332,,,,,,,
KRDMD,43.84,44.6,44.88,43.74,23176848.0,-1.7040358744394573,1016073016.32,0.3794149829832899,1.0,9.600000000000009,10.651186269560842,2.6063100137174224,2026-09-03,-1.37,0.35,0.03,0.0,0,True,0.0,🚨 VWAP ALTI (SABAH TUZAĞI),0.0,44.153333333333336,,,,,,,
TCELL,97.05,97.8,98.0,96.7,10525724.0,-0.1543209876543268,1021521514.2,0.2497630327109003,1.0,-6.772334293948125,-10.138888888888893,1.344364012409511,2026-09-03,-1.65,0.75,0.0,0.0,0,False,0.0,🚨 VWAP ALTI (SABAH TUZAĞI),0.0,97.25,,,,,,,
SISE,38.76,39.26,39.44,38.76,26809924.0,-0.869565217391313,1039152654.24,0.5238594382154524,1.0,-7.71428571428572,-14.738231412230537,1.7543859649122802,2026-09-03,-1.05,-0.8,0.02,0.0,0,False,0.0,🚨 VWAP ALTI (SABAH TUZAĞI),0.0,38.98666666666666,,,,,,,
SOHOE,10.37,10.6,10.62,10.35,3579703.0,-1.6129032258064513,37121520.11,0.1516223317528909,1.0,-1.4258555133079882,-36.18461538461539,2.608695652173909,2026-09-03,-1.87,-1.83,0.72,0.0,0,False,0.0,🚨 VWAP ALTI (SABAH TUZAĞI),0.0,10.446666666666664,,,,,,,
VBTYZ,37.42,37.7,38.08,36.52,952747.0,-1.0052910052909934,35651792.74,0.2643083509301338,1.0,20.709677419354847,26.76151761517616,4.271631982475342,2026-09-03,-1.62,1.4,0.5,0.34,0,True,0.0,NÖTR REJİM,0.0,37.34,,,,,,,
BIGEN,168.3,187.0,187.2,168.3,212257.0,-9.999999999999991,35722853.1,0.0398739936938986,1.0,68.46846846846847,207.39726027397265,11.229946524064156,2026-09-03,-2.0,6.0,2.67,0.0,2,False,0.0,🚨 VWAP ALTI (SABAH TUZAĞI),0.0,174.59999999999997,,,,,,,
KAREL,8.24,8.49,8.51,8.21,4336745.0,-2.3696682464454897,35734778.800000004,0.3702080211662505,1.0,-11.87165775401069,-36.41975308641975,3.6540803897685614,2026-09-03,-1.39,-1.75,1.02,0.0,1,False,0.0,🚨 VWAP ALTI (SABAH TUZAĞI),0.0,8.32,,,,,,,
OTKAR,311.25,317.0,320.0,311.0,117010.0,-1.6587677725118484,36419362.5,0.2599177930289341,1.0,5.597964376590331,-18.09210526315789,2.893890675241157,2026-09-03,-1.63,6.0,0.75,0.0,1,False,0.0,🚨 VWAP ALTI (SABAH TUZAĞI),0.0,314.0833333333333,,,,,,,
LILAK,27.94,28.44,28.52,27.92,1309653.0,-1.6197183098591454,36591704.82,0.4619643030614337,1.0,-0.8516678495386744,-19.850831899024666,2.14899713467048,2026-09-03,-1.18,-1.0,0.73,0.0,0,False,0.0,🚨 VWAP ALTI (SABAH TUZAĞI),0.0,28.12666666666666,,,,,,,
OTTO,133.8,144.0,147.5,133.0,273986.0,-7.724137931034475,36659326.8,1.3177529144749087,1.0,-31.030927835051543,-36.58767772511848,10.902255639097744,2026-09-03,0.7,6.0,2.27,0.0,2,False,0.0,🚨 VWAP ALTI (SABAH TUZAĞI),0.0,138.1,,,,,,,
PKART,124.4,128.0,129.2,124.0,297640.0,-2.812499999999996,37026416.0,0.5049685896100388,1.0,-1.3481363996827824,-14.61908030199038,4.193548387096765,2026-09-03,-1.09,6.0,1.13,0.0,2,False,0.0,🚨 VWAP ALTI (SABAH TUZAĞI),0.0,125.86666666666667,,,,,,,
ULUUN,8.34,8.55,8.62,8.3,4447780.0,-2.341920374707252,37094485.2,0.3397504142421619,1.0,5.972045743329094,0.361010830324902,3.8554216867469697,2026-09-03,-1.45,-1.7,0.98,0.0,1,True,0.0,🚨 VWAP ALTI (SABAH TUZAĞI),0.0,8.42,,,,,,,
EUPWR,74.85,76.0,80.0,74.85,14981185.0,-9.981960312687926,1121341697.25,1.001029542261456,1.0,-16.83333333333334,-16.83333333333334,11.088844355377438,2026-09-03,0.0,6.0,0.17,0.0,1,False,0.0,🚨 VWAP ALTI (SABAH TUZAĞI),0.0,76.56666666666666,,,,,,,
BLUME,39.98,41.0,42.2,39.7,2979537.0,-2.487804878048788,119121889.26,0.805168221319687,1.0,17.519106407995274,14.22857142857142,6.297229219143577,2026-09-03,-0.43,3.75,0.38,0.0,0,True,0.0,🚨 VWAP ALTI (SABAH TUZAĞI),0.0,40.626666666666665,,,,,,,
TATEN,7.83,8.22,8.25,7.81,15561023.0,-4.278728606356965,121842810.09,0.3884736869430917,1.0,-29.07608695652173,-45.625,5.633802816901414,2026-09-03,-1.35,-1.4,0.6,0.0,0,False,0.0,🚨 VWAP ALTI (SABAH TUZAĞI),0.0,7.963333333333335,,,,,,,
OZSUB,41.4,42.0,42.2,39.3,2976711.0,-1.428571428571432,123235835.4,1.0961660365585693,1.0,18.15068493150685,34.85342019543974,7.379134860050906,2026-09-03,0.21,4.75,0.22,0.99,0,True,0.0,NÖTR REJİM,0.0,40.96666666666667,,,,,,,
ALBRK,8.73,8.85,9.0,8.72,14136624.0,-0.7954545454545486,123412727.52,0.9688164723384296,1.0,8.852867830423952,6.985294117647062,3.211009174311919,2026-09-03,-0.07,-1.8,0.12,0.0,0,True,0.0,🚨 VWAP ALTI (SABAH TUZAĞI),0.0,8.816666666666666,,,,,,,
KATMR,1.91,2.0,2.0,1.9,64833251.0,-4.020100502512566,123831509.41,1.0282593970722196,1.0,-13.574660633484164,-32.982456140350884,5.263157894736847,2026-09-03,0.06,-2.0,0.56,0.0,0,False,0.0,🚨 VWAP ALTI (SABAH TUZAĞI),0.0,1.9366666666666663,,,,,,,
KCAER,14.32,15.32,15.36,14.29,8678721.0,-6.405228758169937,124279284.72,0.6640638973197339,1.0,0.8450704225352184,3.318903318903325,7.487753673897833,2026-09-03,-0.74,0.18,0.83,0.0,0,True,0.0,🚨 VWAP ALTI (SABAH TUZAĞI),0.0,14.656666666666666,,,,,,,
GRTHO,190.9,201.0,201.0,190.1,654826.0,-3.2437911809427296,125006283.4,0.4405683860060099,1.0,-19.45147679324894,-7.375060650169815,5.733824302998425,2026-09-03,-1.23,6.0,0.46,0.0,1,True,0.0,🚨 VWAP ALTI (SABAH TUZAĞI),0.0,194.0,,,,,,,
CCOLA,78.05,78.35,79.35,77.0,3863017.0,-0.3828972559029958,301508476.85,0.6341931748834738,1.0,-10.287356321839082,0.0641025641025604,3.0519480519480444,2026-09-03,-0.8,3.37,0.03,0.0,0,True,0.0,NÖTR REJİM,-48.7,78.13333333333333,,,,,,,
CVKMD,15.89,16.3,16.32,15.87,8480924.0,-2.0345252774352547,134761882.36,0.2156489464475603,1.0,9.98055438593648,-8.974888970788951,2.835538752362956,2026-09-03,-1.73,-1.37,0.28,0.0,0,True,0.0,🚨 VWAP ALTI (SABAH TUZAĞI),0.0,16.026666666666667,,,,,,,
BALSU,9.49,9.9,9.94,9.49,14422368.0,-4.141414141414143,136868272.32,0.2550586141997237,1.0,-34.41603317208017,-31.231884057971016,4.741833508956789,2026-09-03,-1.64,-1.38,0.53,0.0,0,False,0.0,🚨 VWAP ALTI (SABAH TUZAĞI),0.0,9.64,,,,,,,
OYAKC,21.42,22.0,22.1,21.4,6405559.0,-2.191780821917794,137207073.78,0.2717820866675918,1.0,5.621301775147932,2.586206896551737,3.271028037383191,2026-09-03,-1.6,-0.75,0.3,0.0,0,True,0.0,🚨 VWAP ALTI (SABAH TUZAĞI),0.0,21.64,,,,,,,
TCKRC,140.3,143.0,143.7,139.8,984032.0,-1.88811188811188,138059689.60000002,0.3789212647241166,1.0,-0.3551136363636363,-4.687499999999985,2.789699570815434,2026-09-03,-1.37,6.0,0.26,0.0,1,True,0.0,🚨 VWAP ALTI (SABAH TUZAĞI),0.0,141.2666666666667,,,,,,,
MASFN,37.64,38.76,39.2,37.6,3703172.0,-2.385892116182577,139387394.08,0.3067737560821202,1.0,-11.560150375939854,-25.019920318725102,4.255319148936174,2026-09-03,-1.53,1.5,0.32,0.0,0,False,0.0,🚨 VWAP ALTI (SABAH TUZAĞI),0.0,38.14666666666667,,,,,,,
RGYAS,203.0,205.2,205.7,202.5,693877.0,-0.8304836345871952,140856828.0,0.2795402682639997,1.0,1.6524787180771214,3.995901639344269,1.5802469135802413,2026-09-03,-1.59,5.5,0.11,0.0,0,True,0.0,🚨 VWAP ALTI (SABAH TUZAĞI),0.0,203.7333333333333,,,,,,,
FZLGY,7.88,8.19,8.5,7.79,17943847.0,-4.019488428745444,141397514.35999998,0.9905650633401208,1.0,-29.39068100358423,-47.46666666666667,9.114249037227214,2026-09-03,-0.02,-0.73,0.5,0.0,0,False,0.0,🚨 VWAP ALTI (SABAH TUZAĞI),0.0,8.056666666666667,,,,,,,
TNZTP,29.9,31.06,31.36,29.46,4734817.0,-3.734707018673536,141571028.29999998,0.954894351427328,1.0,4.912280701754381,18.368962787015032,6.449422946367951,2026-09-03,-0.1,2.25,0.47,0.0,0,True,0.0,🚨 VWAP ALTI (SABAH TUZAĞI),0.0,30.239999999999995,,,,,,,
ALBTN,29.7,30.64,30.66,29.5,4531381.0,-2.6229508196721336,134582015.7,0.1697629573336178,1.0,8.473338203067934,-20.16129032258065,3.932203389830509,2026-09-03,-1.83,0.4,0.36,0.0,0,False,0.0,🚨 VWAP ALTI (SABAH TUZAĞI),0.0,29.953333333333337,,,,,,,
EKIM,17.97,18.34,18.53,17.91,5488816.0,-1.5881708652793136,98634023.52,0.2959673088862108,1.0,-4.211087420042658,-36.99158485273493,3.4617532104969344,2026-09-03,-1.55,-0.95,0.3,0.0,0,False,0.0,🚨 VWAP ALTI (SABAH TUZAĞI),0.0,18.136666666666667,,,,,,,
ISKPL,7.58,7.95,7.97,7.57,13159600.0,-4.050632911392409,99749768.0,0.272772177864672,1.0,-0.2631578947368365,-50.16436554898094,5.284015852047548,2026-09-03,-1.6,-1.5,0.68,0.0,0,False,0.0,🚨 VWAP ALTI (SABAH TUZAĞI),0.0,7.706666666666666,,,,,,,
BSOKE,22.08,23.48,24.26,22.0,4529272.0,-9.28512736236648,100006325.76,0.3783559194660357,1.0,-35.739231664726425,-40.16260162601626,10.636363636363637,2026-09-03,-1.37,3.15,1.31,0.0,1,False,0.0,🚨 VWAP ALTI (SABAH TUZAĞI),0.0,22.78,,,,,,,
PAHOL,1.3,1.31,1.32,1.29,77087929.0,-0.7633587786259549,100214307.7,0.357925040345548,1.0,0.7751937984496131,-21.6867469879518,2.325581395348839,2026-09-03,-1.41,-2.0,0.15,0.0,0,False,0.0,🚨 VWAP ALTI (SABAH TUZAĞI),0.0,1.3033333333333337,,,,,,,
SDTTR,20.58,21.0,21.22,20.26,4895767.0,-3.016022620169654,100754884.85999998,0.3903062381698822,1.0,-0.4922081845158768,-8.38517750699054,4.738400789733452,2026-09-03,-1.34,-0.1,0.52,0.0,0,True,0.0,🚨 VWAP ALTI (SABAH TUZAĞI),0.0,20.686666666666667,,,,,,,
SVGYO,16.35,18.28,18.85,16.35,6174823.0,-9.9669603524229,100958356.05,0.1663065673900489,1.0,24.334600760456283,-14.799374674309536,15.29051987767584,2026-09-03,-1.83,3.75,1.37,0.0,1,False,0.0,🚨 VWAP ALTI (SABAH TUZAĞI),0.0,17.183333333333334,,,,,,,
OBAMS,5.42,5.54,5.57,5.4,18843894.0,-1.8115942028985448,102133905.48,0.305944849367245,1.0,3.632887189292533,-28.87139107611549,3.1481481481481466,2026-09-03,-1.53,-2.0,0.33,0.0,0,False,0.0,🚨 VWAP ALTI (SABAH TUZAĞI),0.0,5.463333333333334,,,,,,,
GOLDA,12.5,12.7,12.78,12.45,9380800.0,-1.5748031496062938,117260000.0,0.2237318071915022,1.0,-12.891986062717768,23.51778656126483,2.6506024096385548,2026-09-03,-1.71,-1.67,0.25,0.0,0,True,0.0,🚨 VWAP ALTI (SABAH TUZAĞI),0.0,12.576666666666666,,,,,,,
CATES,69.65,68.0,72.0,68.0,1478183.0,1.976573938506601,102955445.95,0.394074440670187,1.0,43.43080724876442,74.21210605302655,5.882352941176471,2026-09-03,-1.33,6.0,0.35,0.74,1,False,0.0,🚨 VWAP ALTI (SABAH TUZAĞI),0.0,69.88333333333334,,,,,,,
AHGAZ,38.42,38.7,39.16,38.16,2698986.0,-0.7235142118863078,103695042.12,0.4277559755989228,1.0,19.39092604101928,23.299101412066754,2.620545073375262,2026-09-03,-1.26,0.0,0.13,0.0,0,True,0.0,🚨 VWAP ALTI (SABAH TUZAĞI),0.0,38.58,,,,,,,
SSAAT,33.26,35.04,35.18,33.08,3141612.0,-5.134055904164302,104490015.12,0.6220045751294947,1.0,-4.753722794959919,-38.407407407407405,6.348246674727937,2026-09-03,-0.83,2.75,0.8,0.0,0,False,0.0,🚨 VWAP ALTI (SABAH TUZAĞI),0.0,33.84,,,,,,,
ODINE,1468.0,1532.0,1620.0,1468.0,73881.0,-9.993868792152051,108457308.0,0.0938659054500566,1.0,-44.96719775070291,7.545787545787546,11.103542234332425,2026-09-03,-1.99,6.0,1.31,0.0,2,True,0.0,🚨 VWAP ALTI (SABAH TUZAĞI),0.0,1518.6666666666667,,,,,,,
TUKAS,1.96,1.99,2.0,1.94,57950841.0,-1.010101010101011,113583648.36,0.9915413765238268,1.0,-1.010101010101011,-19.34156378600824,3.092783505154642,2026-09-03,-0.02,-2.0,0.17,0.0,0,False,0.0,🚨 VWAP ALTI (SABAH TUZAĞI),0.0,1.9666666666666668,,,,,,,
HKTM,13.04,13.1,13.44,12.96,8722005.0,-0.4580152671755763,113734945.2,0.3217307131188891,1.0,18.545454545454536,-12.659075686537175,3.703703703703693,2026-09-03,-1.49,-1.3,0.08,0.0,0,False,0.0,🚨 VWAP ALTI (SABAH TUZAĞI),0.0,13.146666666666668,,,,,,,
AKBNK,71.65,72.25,73.35,71.55,114835935.0,0.2097902097902177,8227994742.750001,0.7188140035445412,1.0,8.56060606060607,6.226834692364719,2.5856044723969176,2026-09-03,-0.62,2.0,0.0,0.0,0,True,0.0,🚨 VWAP ALTI (SABAH TUZAĞI),-33.8,72.18333333333332,,,,,,,
INFO,5.39,5.74,5.74,5.19,21604129.0,-5.438596491228079,116446255.31,0.4068698697206089,1.0,-8.177172061328797,43.73333333333333,10.597302504816952,2026-09-03,-1.3,-1.13,0.77,0.0,0,True,0.0,🚨 VWAP ALTI (SABAH TUZAĞI),0.0,5.44,,,,,,,
CEMZY,14.41,14.9,14.9,14.28,7092340.0,-3.288590604026847,102200619.4,0.0841593479340642,1.0,13.464566929133866,8.427389014296471,4.341736694677878,2026-09-03,-2.0,-0.95,0.56,0.0,0,True,0.0,🚨 VWAP ALTI (SABAH TUZAĞI),0.0,14.53,,,,,,,
TURSG,6.02,6.07,6.2,6.0,34839325.0,-0.6600660066006607,209732736.5,0.529243424362566,1.0,-4.595879556259906,-5.863956215793589,3.333333333333336,2026-09-03,-1.04,-2.0,0.06,0.0,0,True,0.0,🚨 VWAP ALTI (SABAH TUZAĞI),0.0,6.073333333333333,,,,,,,
MAGEN,33.24,32.98,33.98,32.4,6461801.0,0.666262870987277,214790265.24,0.3541035392275564,1.0,-10.355987055016172,-34.63126843657817,4.876543209876538,2026-09-03,-1.42,1.45,0.06,0.44,0,False,0.0,🪤 DÜŞEN BIÇAK TUZAĞI,0.0,33.20666666666667,,,,,,,
BRLSM,19.61,20.0,20.78,19.5,11476898.0,-1.3581488933601589,225061969.78,0.5351020831340431,1.0,30.21248339973439,0.8226221079691525,6.56410256410257,2026-09-03,-1.02,0.7,0.12,0.0,0,False,0.0,🚨 VWAP ALTI (SABAH TUZAĞI),0.0,19.96333333333333,,,,,,,
TMPOL,359.0,372.0,373.75,352.0,681038.0,-3.946488294314381,244492642.0,0.4584047180877418,1.0,-23.00268096514745,5.510653930933137,6.1789772727272725,2026-09-03,-1.19,6.0,0.3,0.0,1,True,0.0,🚨 VWAP ALTI (SABAH TUZAĞI),0.0,361.5833333333333,,,,,,,
ATATR,13.47,13.42,14.08,13.33,18256891.0,1.1261261261261288,245920321.77,0.487993967003916,1.0,-2.320522117476421,-25.49778761061945,5.701425356339082,2026-09-03,-1.13,-0.62,0.09,0.12,0,False,0.0,🚨 VWAP ALTI (SABAH TUZAĞI),0.0,13.626666666666669,,,,,,,
TEKTU,7.76,7.78,8.55,7.64,31782466.0,-0.2570694087403658,246631936.16,3.7561292217616926,1.0,0.5181347150259072,-29.32604735883425,11.91099476439792,2026-09-03,6.0,-0.22,0.02,0.0,1,False,0.0,🚨 VWAP ALTI (SABAH TUZAĞI),0.0,7.983333333333333,,,,,,,
ZGYO,22.84,23.84,26.02,21.56,10845741.0,-4.033613445378155,247716724.44,0.9912329629479676,1.0,-33.09900410076157,-42.497482376636455,20.68645640074212,2026-09-03,-0.02,6.0,0.3,0.0,1,False,0.0,🚨 VWAP ALTI (SABAH TUZAĞI),0.0,23.473333333333333,,,,,,,
ECILC,70.8,73.0,73.1,70.55,2033299.0,-2.3448275862069003,143957569.2,0.3310016532021047,1.0,5.671641791044772,-18.291979226774387,3.614457831325297,2026-09-03,-1.47,3.87,0.3,0.0,0,False,0.0,🚨 VWAP ALTI (SABAH TUZAĞI),0.0,71.48333333333333,,,,,,,
DAPGM,7.67,8.01,8.03,7.65,33919801.0,-4.601990049751235,260164873.67,0.3442473900967468,1.0,-9.764705882352942,-28.04878048780488,5.098039215686258,2026-09-03,-1.44,-1.55,0.33,0.0,0,False,0.0,🚨 VWAP ALTI (SABAH TUZAĞI),0.0,7.783333333333334,,,,,,,
ALTNY,16.6,17.45,17.6,16.23,15813758.0,-4.871060171919759,262508382.8,0.4376349512121856,1.0,9.28242264647796,0.4234724742891729,8.441158348736915,2026-09-03,-1.24,0.93,0.34,0.0,0,True,0.0,🚨 VWAP ALTI (SABAH TUZAĞI),0.0,16.81,,,,,,,
GUNDG,1327.0,1330.0,1485.0,1215.0,198425.0,-1.7037037037037035,263309975.0,0.7580779186047623,1.0,-5.214285714285714,10.12448132780083,22.22222222222222,2026-09-03,-0.53,6.0,0.13,0.0,1,True,0.0,🚨 VWAP ALTI (SABAH TUZAĞI),-79.6,1342.3333333333333,,,,,,,
IZMDC,10.09,9.86,11.26,9.41,27541599.0,-1.4648437500000036,277894733.91,2.6581579216643174,1.0,-15.564853556485351,27.238335435056747,19.65993623804463,2026-09-03,3.65,2.12,0.1,0.22,1,True,0.0,🚨 VWAP ALTI (SABAH TUZAĞI),-60.2,10.253333333333336,,,,,,,
GENIL,11.05,11.35,11.45,10.9,25306631.0,-2.47131509267431,279638272.55,0.5542955438294624,1.0,17.803837953091683,32.653061224489804,5.045871559633017,2026-09-03,-0.98,-1.13,0.17,0.0,0,True,0.0,🚨 VWAP ALTI (SABAH TUZAĞI),0.0,11.133333333333336,,,,,,,
GIPTA,67.8,70.6,73.0,66.6,4407850.0,-3.966005665722376,298852230.0,0.4096926161676565,1.0,18.531468531468523,-9.600000000000003,9.60960960960962,2026-09-03,-1.3,6.0,0.25,0.0,1,True,0.0,🚨 VWAP ALTI (SABAH TUZAĞI),0.0,69.13333333333333,,,,,,,
METEN,18.98,19.6,19.98,18.74,15825857.0,-3.1632653061224536,300374765.86,0.257971599010083,1.0,8.271534512264685,-13.727272727272725,6.616862326574184,2026-09-03,-1.63,0.6,0.2,0.0,0,False,0.0,🚨 VWAP ALTI (SABAH TUZAĞI),0.0,19.23333333333333,,,,,,,
KOCMT,3.43,3.44,3.7,3.4,87593764.0,-9.018567639257292,300446610.52000004,1.649460237756077,1.0,-37.74954627949183,32.94573643410853,10.882352941176476,2026-09-03,1.43,-1.75,0.52,0.0,1,True,0.0,🚨 VWAP ALTI (SABAH TUZAĞI),0.0,3.51,,,,,,,
ZOREN,2.37,2.44,2.48,2.34,107578960.0,-2.868852459016387,254962135.2,2.1523469163168647,1.0,2.155172413793115,-22.039473684210527,5.982905982905988,2026-09-03,2.54,-2.0,0.21,0.0,1,False,0.0,🚨 VWAP ALTI (SABAH TUZAĞI),0.0,2.396666666666667,,,,,,,
MCARD,154.6,161.0,163.0,154.0,1001027.0,-3.975155279503109,154758774.2,0.2972255323919882,1.0,18.19571865443424,-23.23733862959285,5.8441558441558445,2026-09-03,-1.55,6.0,0.46,0.0,1,False,0.0,🚨 VWAP ALTI (SABAH TUZAĞI),0.0,157.20000000000002,,,,,,,
BLCYT,2.26,2.06,2.26,2.06,68545549.0,9.708737864077657,154912940.73999998,1.5062386545176816,1.0,20.597652081109903,-30.46153846153847,9.708737864077657,2026-09-03,1.11,-2.0,0.97,4.0,3,False,0.0,🪤 DÜŞEN BIÇAK TUZAĞI,0.0,2.1933333333333334,,,,,,,
NETCD,119.9,121.1,122.6,118.9,1295046.0,-0.9909165978530046,155276015.4,0.3671350453616799,1.0,-6.909937888198762,-35.710455764075064,3.1118587047939346,2026-09-03,-1.39,6.0,0.12,0.0,1,False,0.0,🚨 VWAP ALTI (SABAH TUZAĞI),0.0,120.46666666666664,,,,,,,
ARDYZ,84.15,85.45,86.85,83.4,1900794.0,-0.9999999999999932,159951815.10000002,0.373030046597503,1.0,11.015831134564657,14.567733151803951,4.136690647482,2026-09-03,-1.38,6.0,0.12,0.0,1,True,0.0,🚨 VWAP ALTI (SABAH TUZAĞI),0.0,84.8,,,,,,,
SMRTG,9.0,10.0,10.03,9.0,17779022.0,-9.909909909909912,160011198.0,0.7347235039150726,1.0,-15.730337078651685,-27.41935483870968,11.444444444444438,2026-09-03,-0.58,0.07,0.96,0.0,1,False,0.0,🚨 VWAP ALTI (SABAH TUZAĞI),0.0,9.343333333333334,,,,,,,
JANTS,15.63,15.21,16.3,15.15,10489184.0,2.964426877470363,163945945.92000002,1.968961533766536,1.0,5.252525252525261,-10.27554535017222,7.590759075907592,2026-09-03,2.13,0.38,0.33,0.66,1,False,0.0,🚨 VWAP ALTI (SABAH TUZAĞI),-66.2,15.693333333333335,,,,,,,
QUICK,60.55,64.1,64.85,60.5,2710397.0,-5.464480874316941,164114538.35,0.4031637441155082,1.0,-20.953002610966056,-20.953002610966056,7.19008264462809,2026-09-03,-1.31,6.0,0.57,0.0,1,False,0.0,🚨 VWAP ALTI (SABAH TUZAĞI),0.0,61.966666666666654,,,,,,,
DOFRB,118.6,122.9,123.9,118.5,1735021.0,-3.498779495524826,205773490.6,0.3056169801064073,1.0,-11.49253731343284,-31.206496519721583,4.55696202531646,2026-09-03,-1.53,6.0,0.31,0.0,1,False,0.0,🚨 VWAP ALTI (SABAH TUZAĞI),0.0,120.33333333333331,,,,,,,
ULKER,88.95,89.9,90.45,88.85,1933474.0,-1.1117287381878822,171982512.3,0.2507642283668881,1.0,1.6571428571428604,-22.78645833333333,1.8007878446820582,2026-09-03,-1.65,1.5,0.13,0.0,0,False,0.0,🚨 VWAP ALTI (SABAH TUZAĞI),0.0,89.41666666666667,,,,,,,
MPARK,412.75,415.25,423.0,410.0,420090.0,0.1212856276531231,173392147.5,0.7447225111343185,1.0,2.546583850931677,-9.08590308370044,3.1707317073170733,2026-09-03,-0.56,6.0,0.01,0.0,1,True,0.0,🚨 VWAP ALTI (SABAH TUZAĞI),-59.9,415.25,,,,,,,
YEOTK,32.0,32.62,32.62,31.9,5496456.0,-2.1406727828746264,175886592.0,0.3634151877966733,1.0,-15.522703273495251,-34.19876870177972,2.507836990595625,2026-09-03,-1.4,-0.7,0.23,0.0,0,False,0.0,🚨 VWAP ALTI (SABAH TUZAĞI),0.0,32.17333333333333,,,,,,,
CIMSA,43.62,44.3,44.44,43.46,4125804.0,-0.8636363636363694,179967570.48,0.4625398313528363,1.0,-5.950840879689532,-15.21865889212829,2.254947077772657,2026-09-03,-1.18,-0.05,0.09,0.0,0,False,0.0,🚨 VWAP ALTI (SABAH TUZAĞI),0.0,43.84,,,,,,,
PSGYO,3.06,3.1,3.12,3.06,61115736.0,-1.2903225806451624,187014152.16,0.4686529701761376,1.0,-15.0,-7.831325301204814,1.960784313725492,2026-09-03,-1.17,-2.0,0.13,0.0,0,True,0.0,🚨 VWAP ALTI (SABAH TUZAĞI),0.0,3.08,,,,,,,
KRDMB,110.7,122.0,122.0,110.7,1691898.0,-9.999999999999998,187293108.6,0.7431846256579062,1.0,-16.072782410917366,-4.651162790697667,11.111111111111107,2026-09-03,-0.56,6.0,0.86,0.0,2,True,0.0,🚨 VWAP ALTI (SABAH TUZAĞI),0.0,114.46666666666664,,,,,,,
BTCIM,3.69,3.84,3.87,3.68,52102184.0,-3.906249999999998,192257058.96,0.5631621077284883,1.0,-24.07407407407408,-41.054313099041536,5.163043478260867,2026-09-03,-0.96,-2.0,0.37,0.0,0,False,0.0,🚨 VWAP ALTI (SABAH TUZAĞI),0.0,3.746666666666667,,,,,,,
HLGYO,4.48,4.34,4.6,4.34,44884400.0,3.944315545243639,201082112.00000003,1.7097473199662,1.0,-4.477611940298506,-28.43450479233226,6.682027649769586,2026-09-03,1.56,-1.85,0.36,1.14,2,False,0.0,🪤 DÜŞEN BIÇAK TUZAĞI,0.0,4.473333333333334,,,,,,,
RYGYO,49.36,48.4,51.3,48.4,3380117.0,2.364164247200333,166842575.12,0.9061740460415476,1.0,21.57635467980295,53.76947040498442,6.363636363636361,2026-09-03,-0.21,4.75,0.27,0.6,0,True,0.0,🚨 VWAP ALTI (SABAH TUZAĞI),-59.7,49.68666666666667,,,,,,,
KRPLS,12.43,11.49,12.43,11.4,7119819.0,9.999999999999991,88499350.17,2.9226293035681694,1.0,36.44346871569704,30.842105263157894,9.912280701754376,2026-09-07,4.23,0.07,1.51,3.84,3,False,99.5,💎 TREND ÜSTÜ GÜÇLÜ PATLAMA,0.0,12.086666666666666,10.574389915256544,9.687400000000002,True,⚠️ GEÇ KALINDI (Tepeden Alım Riski),99.5,⭐⭐⭐⭐,Portföyün %8 - %12'si (Dengeli Güven)
INGRM,403.0,370.25,403.5,370.25,133494.0,8.47913862718708,53798082.0,2.660610433250555,1.0,4.6073977936404935,-9.080654258319234,8.980418636056719,2026-09-07,3.65,6.0,1.89,3.91,4,True,99.5,💎 TREND ÜSTÜ GÜÇLÜ PATLAMA,13.6,392.25,387.0695000632432,397.5149999999991,True,⚠️ GEÇ KALINDI (Tepeden Alım Riski),99.5,⭐⭐⭐⭐,Portföyün %8 - %12'si (Dengeli Güven)
SKYMD,16.98,15.58,17.08,15.58,5935796.0,8.985879332477538,100789816.08,2.126877017350911,1.0,13.426853707414827,24.213606437454285,9.62772785622592,2026-09-07,2.48,1.25,1.27,3.59,3,True,99.5,💎 TREND ÜSTÜ GÜÇLÜ PATLAMA,0.0,16.546666666666667,15.01128421002205,14.7114,True,⚠️ GEÇ KALINDI (Tepeden Alım Riski),99.5,⭐⭐⭐⭐,Portföyün %8 - %12'si (Dengeli Güven)
BVSAN,110.7,100.9,110.7,100.7,822316.0,9.930486593843098,91030381.2,1.4130580658819705,1.0,2.4051803885291476,-9.262295081967212,9.930486593843098,2026-09-07,0.91,6.0,1.48,3.96,4,True,99.5,⚡ SENKRONİZE ŞOK PATLAMASI (DAY-1),0.0,107.36666666666667,105.86240113323478,111.47800000000008,False,⚠️ GEÇ KALINDI (Tepeden Alım Riski),99.5,⭐⭐⭐⭐,Portföyün %8 - %12'si (Dengeli Güven)
MEPET,20.56,18.4,20.56,17.87,910307.0,9.94652406417112,18715911.919999998,2.869027973359186,1.0,8.039936941671034,-19.68750000000001,15.053161723559024,2026-09-07,4.11,4.22,3.69,3.65,3,False,99.5,💎 TREND ÜSTÜ GÜÇLÜ PATLAMA,0.0,19.66333333333333,20.005438646045942,20.3492,True,⚠️ GEÇ KALINDI (Tepeden Alım Riski),99.5,⭐⭐⭐⭐,Portföyün %8 - %12'si (Dengeli Güven)
ISDMR,57.2,55.2,58.7,54.5,2197240.0,3.6231884057971016,125682128.0,1.3881658551279576,1.0,6.024096385542168,-8.333333333333327,7.706422018348629,2026-09-07,0.85,6.0,0.51,1.49,2,True,92.8,🚀 KISMİ HACİM & MENZİL İVMESİ,22.3,56.800000000000004,54.16861329924151,54.34699999999996,True,🎯 İDEAL GİRİŞ BÖLGESİ,92.8,⭐⭐⭐⭐⭐,Portföyün %15 - %20'si (Yüksek Güven)
BAGFS,26.8,26.0,26.9,25.92,738718.0,3.3153430994602906,19797642.400000002,0.9235709004365553,1.0,9.298531810766725,-2.2611232676878226,3.780864197530852,2026-09-07,-0.17,-0.05,1.97,3.22,2,True,91.8,🚀 KISMİ HACİM & MENZİL İVMESİ,31.6,26.540000000000003,25.938439525414935,25.194400000000027,True,🎯 İDEAL GİRİŞ BÖLGESİ,91.8,⭐⭐⭐⭐⭐,Portföyün %15 - %20'si (Yüksek Güven)
DENGE,2.56,2.36,2.57,2.36,38690884.0,8.474576271186448,99048663.04,1.5408405490202093,1.0,11.304347826086966,12.280701754385976,8.898305084745761,2026-09-07,1.19,-1.98,1.24,3.7,3,True,91.0,💎 TREND ÜSTÜ GÜÇLÜ PATLAMA,41.7,2.4966666666666666,2.35667514526872,2.3745999999999983,True,⚠️ GEÇ KALINDI (Tepeden Alım Riski),91.0,⭐⭐⭐⭐,Portföyün %8 - %12'si (Dengeli Güven)
TURGG,30.66,29.04,30.7,27.96,1357355.0,6.016597510373439,41616504.3,0.9675813847821779,1.0,17.923076923076923,5.651274982770505,9.79971387696709,2026-09-07,-0.07,4.35,1.79,3.2,2,True,89.7,🚀 KISMİ HACİM & MENZİL İVMESİ,89.7,29.77333333333333,27.99088055435647,27.35200000000001,True,NORMAL GİRİŞ,89.7,⭐⭐⭐⭐⭐,Portföyün %15 - %20'si (Yüksek Güven)
ARASE,121.6,120.2,123.1,119.0,522272.0,1.5873015873015803,63508275.199999996,1.842233825621376,1.0,8.571428571428566,3.7542662116040884,3.4453781512604995,2026-09-07,1.85,6.0,0.45,1.2,2,True,86.9,🚀 KISMİ HACİM & MENZİL İVMESİ,12.9,121.23333333333333,119.72893924412244,118.24799999999996,True,NORMAL GİRİŞ,86.9,⭐⭐⭐⭐⭐,Portföyün %15 - %20'si (Yüksek Güven)
MSGYO,6.06,5.92,6.14,5.92,3139379.0,3.236797274275971,19024636.74,1.5727145377776872,1.0,-1.1419249592169705,-4.716981132075483,4.560810810810803,2026-09-07,1.26,-1.95,1.99,1.75,2,True,86.6,🚀 KISMİ HACİM & MENZİL İVMESİ,24.1,6.039999999999999,5.859896074201688,6.055200000000001,True,🎯 İDEAL GİRİŞ BÖLGESİ,86.6,⭐⭐⭐⭐⭐,Portföyün %15 - %20'si (Yüksek Güven)
AVGYO,17.6,16.93,17.6,16.11,2519420.0,10.000000000000009,44341792.0,1.9582653547413824,1.0,23.943661971831002,15.789473684210542,9.931719428926142,2026-09-07,2.11,1.23,2.36,3.01,2,False,85.5,🚀 KISMİ HACİM & MENZİL İVMESİ,15.1,17.103333333333335,16.04774904606426,15.52,True,⚠️ GEÇ KALINDI (Tepeden Alım Riski),85.5,⭐⭐⭐⭐,Portföyün %8 - %12'si (Dengeli Güven)
YKSLN,2.89,2.64,2.89,2.62,30797812.0,9.88593155893537,89005676.68,4.639828374415547,1.0,5.090909090909095,-15.249266862170087,10.305343511450381,2026-09-07,6.0,-1.82,1.49,3.87,3,False,84.8,⚡ SENKRONİZE ŞOK PATLAMASI (DAY-1),-8.5,2.8000000000000003,2.786810857555786,2.963600000000002,False,⚠️ GEÇ KALINDI (Tepeden Alım Riski),84.8,⭐⭐⭐⭐,Portföyün %8 - %12'si (Dengeli Güven)
YAYLA,23.12,21.76,23.34,21.64,1517281.0,5.1865332120109215,35079536.72,1.1425627069428892,1.0,10.940499040307108,-8.976377952755897,7.85582255083179,2026-09-07,0.31,1.75,1.82,3.07,1,True,82.1,🚀 KISMİ HACİM & MENZİL İVMESİ,-4.4,22.700000000000003,22.061043321191352,22.624800000000022,True,🎯 İDEAL GİRİŞ BÖLGESİ,82.1,⭐⭐⭐⭐,Portföyün %8 - %12'si (Dengeli Güven)
MTRKS,33.16,31.1,33.4,30.92,1137800.0,6.623794212218634,37729447.99999999,0.6561235943555379,1.0,27.636643571978432,22.814814814814802,8.020698576972823,2026-09-07,-0.76,3.7,2.03,3.27,2,False,81.4,🚀 KISMİ HACİM & MENZİL İVMESİ,3.4,32.49333333333333,32.01557203371762,30.197199999999995,True,NORMAL GİRİŞ,81.4,⭐⭐⭐⭐,Portföyün %8 - %12'si (Dengeli Güven)
PNSUT,12.24,11.26,12.34,11.26,7143642.0,9.090909090909086,87438178.08,1.1437438678191072,1.0,16.905444126074492,-3.3175355450236963,9.946714031971574,2026-09-07,0.32,0.2,1.43,3.43,2,True,81.2,🚀 KISMİ HACİM & MENZİL İVMESİ,12.6,11.946666666666667,11.02857511960505,11.056200000000022,True,⚠️ GEÇ KALINDI (Tepeden Alım Riski),81.2,⭐⭐⭐⭐,Portföyün %8 - %12'si (Dengeli Güven)
KARSN,13.94,12.7,13.94,12.7,76336158.0,9.936908517350156,1064126042.52,1.8197310837979532,1.0,39.67935871743486,8.062015503875962,9.921259842519683,2026-09-07,1.8,0.6,0.18,4.0,2,False,79.9,🚀 KISMİ HACİM & MENZİL İVMESİ,-3.0,13.526666666666666,10.752190427042589,10.734399999999985,True,⚠️ GEÇ KALINDI (Tepeden Alım Riski),79.9,⭐⭐⭐⭐,Portföyün %8 - %12'si (Dengeli Güven)
ALBTN,34.38,31.56,34.7,31.0,24833120.0,8.935361216730051,853762665.6,1.1092470884973045,1.0,30.0302571860817,-7.580645161290322,11.93548387096775,2026-09-07,0.24,6.0,0.2,3.19,2,False,79.9,🚀 KISMİ HACİM & MENZİL İVMESİ,14.0,33.36000000000001,31.040106334180063,0.0,True,⚠️ GEÇ KALINDI (Tepeden Alım Riski),79.9,⭐⭐⭐⭐,Portföyün %8 - %12'si (Dengeli Güven)
EUPWR,72.9,69.55,74.15,67.2,33582686.0,5.043227665706052,2448177809.4,1.3726557982985514,1.0,-20.501635768811337,-17.39376770538243,10.342261904761907,2026-09-07,0.82,6.0,0.04,2.28,2,False,79.2,🚀 KISMİ HACİM & MENZİL İVMESİ,-5.7,71.41666666666667,88.753245553899,90.63600000000001,False,🎯 İDEAL GİRİŞ BÖLGESİ,79.2,⭐⭐⭐⭐,Portföyün %8 - %12'si (Dengeli Güven)
KNFRT,13.05,12.11,13.05,11.99,3714268.0,9.941027801179457,48471197.400000006,0.8742817942564602,1.0,9.388097233864217,-10.677618069815187,9.841534612176826,2026-09-07,-0.28,0.15,2.23,3.8,2,False,78.9,🚀 KISMİ HACİM & MENZİL İVMESİ,16.6,12.696666666666667,12.352128710038428,12.068800000000012,True,⚠️ GEÇ KALINDI (Tepeden Alım Riski),78.9,⭐⭐⭐⭐,Portföyün %8 - %12'si (Dengeli Güven)
CUSAN,24.66,24.1,24.72,24.0,571117.0,2.323651452282152,14083745.22,0.5559768605249293,1.0,-0.2427184466019366,-10.196649672250548,2.999999999999995,2026-09-07,-0.98,-0.7,1.95,3.23,2,False,76.6,🚀 KISMİ HACİM & MENZİL İVMESİ,22.7,24.459999999999997,24.45208212431899,24.451200000000004,True,🎯 İDEAL GİRİŞ BÖLGESİ,76.6,⭐⭐⭐⭐,Portföyün %8 - %12'si (Dengeli Güven)
SAYAS,58.45,55.8,59.5,55.15,2538066.0,4.74910394265234,148349957.70000002,0.8439170458431218,1.0,8.240740740740746,-2.9069767441860463,7.88757932910245,2026-09-07,-0.34,6.0,0.56,2.23,1,True,75.9,🚀 KISMİ HACİM & MENZİL İVMESİ,9.4,57.70000000000001,56.73806384840366,52.39160000000003,True,🎯 İDEAL GİRİŞ BÖLGESİ,75.9,⭐⭐⭐⭐,Portföyün %8 - %12'si (Dengeli Güven)
ETILR,5.96,5.7,6.25,5.48,10413434.0,4.745166959578199,62064066.64,1.647277152329102,1.0,1.7064846416382191,7.38738738738739,14.05109489051094,2026-09-07,1.42,-0.58,1.14,1.15,1,True,75.1,🚀 KISMİ HACİM & MENZİL İVMESİ,75.1,5.896666666666667,5.853257052101256,5.930199999999998,True,🎯 İDEAL GİRİŞ BÖLGESİ,75.1,⭐⭐⭐⭐,Portföyün %8 - %12'si (Dengeli Güven)
KZGYO,22.78,22.32,23.4,21.78,3634257.0,2.060931899641581,82788374.46000001,1.6616679936819019,1.0,14.587525150905444,-7.0204081632653015,7.4380165289256075,2026-09-07,1.46,1.55,0.44,1.03,1,True,74.6,🚀 KISMİ HACİM & MENZİL İVMESİ,11.3,22.653333333333336,20.509545392198472,20.73779999999998,True,🎯 İDEAL GİRİŞ BÖLGESİ,74.6,⭐⭐⭐,Portföyün %3 - %5'i (Deneme / Küçük Kasa)
DAGI,10.16,9.42,10.16,9.27,6806115.0,9.012875536480685,69150128.4,0.7890890102754579,1.0,6.387434554973815,42.49649368863955,9.600862998921258,2026-09-07,-0.46,-0.27,1.67,3.7,2,True,74.4,🚀 KISMİ HACİM & MENZİL İVMESİ,13.9,9.863333333333333,10.084264620743532,9.695599999999995,True,⚠️ GEÇ KALINDI (Tepeden Alım Riski),74.4,⭐⭐⭐,Portföyün %3 - %5'i (Deneme / Küçük Kasa)
KCHOL,219.3,215.9,219.3,215.3,19878345.0,1.9525801952580273,4359321058.5,0.6251368033021093,1.0,11.716760061130921,14.87689889994762,1.9507663725034914,2026-09-07,-0.82,6.0,0.01,3.73,2,True,74.3,🚀 KISMİ HACİM & MENZİL İVMESİ,21.2,217.96666666666673,212.31080240958235,202.28199999999987,True,NORMAL GİRİŞ,74.3,⭐⭐⭐,Portföyün %3 - %5'i (Deneme / Küçük Kasa)
GMTAS,48.74,46.3,49.5,45.88,3197165.0,6.002609830361038,155829822.1,1.00328323734539,1.0,2.7403035413153547,-4.431372549019604,7.890148212728852,2026-09-07,0.01,6.0,0.65,2.49,1,True,73.8,🚀 KISMİ HACİM & MENZİL İVMESİ,10.6,48.04,45.69262638698843,45.73759999999999,True,NORMAL GİRİŞ,73.8,⭐⭐⭐,Portföyün %3 - %5'i (Deneme / Küçük Kasa)
TOASO,282.25,277.0,287.0,273.25,4101504.0,2.917046490428441,1157649504.0,1.1574749399088635,1.0,9.718172983479105,-2.5884383088869716,5.032021957913998,2026-09-07,0.35,6.0,0.05,1.37,1,True,73.7,🚀 KISMİ HACİM & MENZİL İVMESİ,7.6,280.8333333333333,272.11959731143975,281.14499999999947,True,🎯 İDEAL GİRİŞ BÖLGESİ,73.7,⭐⭐⭐,Portföyün %3 - %5'i (Deneme / Küçük Kasa)
LOGO,136.7,133.7,136.9,133.7,303991.0,2.3203592814371214,41555569.699999996,0.6176463118413746,1.0,-0.07309941520469498,-5.00347463516332,2.468212415856404,2026-09-07,-0.84,5.5,0.89,3.61,1,True,72.9,🚀 KISMİ HACİM & MENZİL İVMESİ,15.6,135.76666666666668,135.70474996978913,136.146,True,🎯 İDEAL GİRİŞ BÖLGESİ,72.9,⭐⭐⭐,Portföyün %3 - %5'i (Deneme / Küçük Kasa)
TKNKA,169.2,145.7,169.2,145.7,7326609.0,9.941520467836245,1239662242.8,0.6539992501324827,1.0,80.1916932907348,80.1916932907348,16.129032258064516,2026-09-07,-0.76,6.0,0.15,4.0,2,False,70.8,🚀 KISMİ HACİM & MENZİL İVMESİ,-9.2,161.36666666666667,0.0,0.0,True,⚠️ GEÇ KALINDI (Tepeden Alım Riski),70.8,⭐⭐⭐,Portföyün %3 - %5'i (Deneme / Küçük Kasa)
ADEL,33.6,31.5,33.66,31.5,5456422.0,7.006369426751602,183335779.20000002,0.7888891361205764,1.0,13.207547169811326,4.024767801857599,7.174603174603169,2026-09-07,-0.46,2.9,0.65,3.83,1,True,70.5,🚀 KISMİ HACİM & MENZİL İVMESİ,6.3,32.919999999999995,32.97820303618185,31.608800000000002,True,NORMAL GİRİŞ,70.5,⭐⭐⭐,Portföyün %3 - %5'i (Deneme / Küçük Kasa)
BESTE,33.26,31.78,33.4,31.76,4623498.0,5.186590765338384,153777543.48,0.6519266276743826,1.0,13.826146475017108,-19.816779170684665,5.604534005037776,2026-09-07,-0.77,1.6,0.58,3.45,1,False,70.4,🚀 KISMİ HACİM & MENZİL İVMESİ,7.3,32.806666666666665,32.411387444724845,32.063199999999995,True,🎯 İDEAL GİRİŞ BÖLGESİ,70.4,⭐⭐⭐,Portföyün %3 - %5'i (Deneme / Küçük Kasa)
BANVT,151.5,152.1,155.8,150.0,112561.0,1.6778523489932886,17052991.5,1.2966034727837792,1.0,-6.365883807169351,-2.4468770122343924,4.533333333333341,2026-09-07,0.65,6.0,1.37,0.0,2,True,70.2,🚀 KISMİ HACİM & MENZİL İVMESİ,-10.2,152.43333333333334,154.52113365044488,160.50799999999964,False,NORMAL GİRİŞ,70.2,⭐⭐⭐,Portföyün %3 - %5'i (Deneme / Küçük Kasa)
SASA,2.51,2.3,2.51,2.29,3381488965.0,9.606986899563308,8487537302.15,1.686578738427256,1.0,-3.0888030888030915,-3.0888030888030915,9.606986899563308,2026-09-07,1.51,-1.95,0.02,3.92,2,True,70.0,🚀 KISMİ HACİM & MENZİL İVMESİ,35.2,2.4366666666666665,2.3657365567621573,2.4257999999999926,True,⚠️ GEÇ KALINDI (Tepeden Alım Riski),70.0,⭐⭐⭐,Portföyün %3 - %5'i (Deneme / Küçük Kasa)
BLCYT,2.36,2.18,2.36,2.18,40751171.0,8.755760368663593,96172763.55999999,0.8192967983635518,1.0,23.94957983193277,-20.538720538720547,8.715596330275226,2026-09-07,-0.4,-2.0,1.29,4.0,2,False,67.7,🚀 KISMİ HACİM & MENZİL İVMESİ,-4.2,2.3000000000000003,2.1211682431407475,2.0839400000000015,True,⚠️ GEÇ KALINDI (Tepeden Alım Riski),67.7,⭐⭐⭐,Portföyün %3 - %5'i (Deneme / Küçük Kasa)
OZYSR,12.17,11.6,12.32,11.55,2888935.0,4.9137931034482785,35158338.95,1.127899761226565,1.0,-4.173228346456688,-0.814995925020372,6.6666666666666625,2026-09-07,0.28,-0.58,1.75,2.68,1,True,66.4,🚀 KISMİ HACİM & MENZİL İVMESİ,1.0,12.013333333333334,12.332063669457275,12.723400000000003,False,🎯 İDEAL GİRİŞ BÖLGESİ,66.4,⭐⭐⭐,Portföyün %3 - %5'i (Deneme / Küçük Kasa)
GUBRF,491.75,479.75,493.75,475.75,2323144.0,2.715404699738903,1142406062.0,0.5936056409839587,1.0,12.593016599885518,-2.1393034825870645,3.7834997372569625,2026-09-07,-0.89,6.0,0.05,2.91,1,True,65.5,🚀 KISMİ HACİM & MENZİL İVMESİ,12.5,487.0833333333333,468.6897211417555,443.0500000000005,True,🎯 İDEAL GİRİŞ BÖLGESİ,65.5,⭐⭐⭐,Portföyün %3 - %5'i (Deneme / Küçük Kasa)
CELHA,25.12,24.0,25.36,24.0,1882571.0,3.204601479046841,47290183.52,1.0334576784436864,1.0,2.2801302931596186,35.78378378378379,5.666666666666664,2026-09-07,0.07,0.9,1.03,2.91,0,True,65.2,🚀 KISMİ HACİM & MENZİL İVMESİ,16.3,24.826666666666668,24.999454614000705,23.699000000000005,True,🎯 İDEAL GİRİŞ BÖLGESİ,65.2,⭐⭐⭐,Portföyün %3 - %5'i (Deneme / Küçük Kasa)
DESPC,41.62,39.88,42.5,39.28,882515.0,5.4738976178408425,36730274.3,1.3244624124706559,1.0,5.634517766497459,-8.527472527472533,8.197556008146636,2026-09-07,0.71,5.55,1.82,1.97,1,True,65.2,🚀 KISMİ HACİM & MENZİL İVMESİ,-7.3,41.13333333333333,40.77377197204848,42.32040000000003,False,NORMAL GİRİŞ,65.2,⭐⭐⭐,Portföyün %3 - %5'i (Deneme / Küçük Kasa)
PETKM,22.06,20.34,22.06,20.26,90526029.0,9.970089730807578,1997004199.7399998,1.349548232292147,1.0,15.195822454308095,5.651340996168582,9.871668311944719,2026-09-07,0.77,2.0,0.1,3.92,1,True,65.2,🚀 KISMİ HACİM & MENZİL İVMESİ,30.8,21.459999999999997,20.177182877907907,19.899800000000024,True,⚠️ GEÇ KALINDI (Tepeden Alım Riski),65.2,⭐⭐⭐,Portföyün %3 - %5'i (Deneme / Küçük Kasa)
AKCNS,247.7,243.0,248.4,243.0,141454.0,1.5580155801557944,35038155.8,0.40719135149450403,1.0,5.1358234295415945,20.94726562499999,2.2222222222222245,2026-09-07,-1.3,6.0,0.74,3.2,2,True,64.8,🚀 KISMİ HACİM & MENZİL İVMESİ,25.7,246.36666666666662,242.2186694721918,237.96200000000002,True,NORMAL GİRİŞ,64.8,⭐,İşlem Açma (Yetersiz Güven)
PETUN,12.19,11.66,12.3,11.57,5308536.0,4.18803418803419,64711053.839999996,1.2683503073539473,1.0,15.0,-2.945859872611473,6.309420916162493,2026-09-07,0.59,-0.67,1.0,2.84,0,True,64.6,🚀 KISMİ HACİM & MENZİL İVMESİ,13.8,12.020000000000001,11.465750232533198,11.360799999999983,True,🎯 İDEAL GİRİŞ BÖLGESİ,64.6,⭐,İşlem Açma (Yetersiz Güven)
KRDMB,104.7,99.65,106.7,95.45,1714048.0,5.067737079779224,179460825.6,0.8215670554892996,1.0,-18.83720930232558,-7.508833922261484,11.78627553693033,2026-09-07,-0.39,6.0,0.5,2.23,1,True,63.9,🚀 KISMİ HACİM & MENZİL İVMESİ,-20.3,102.28333333333336,124.04849801015601,131.23100000000002,False,🎯 İDEAL GİRİŞ BÖLGESİ,63.9,⭐,İşlem Açma (Yetersiz Güven)
UFUK,1665.0,1670.0,1764.0,1589.0,494843.0,0.9090909090909091,823910265.0,2.54615815642139,1.0,-4.310344827586207,22.60677466863034,11.013215859030836,2026-09-07,3.4,6.0,0.02,0.0,2,True,63.9,🚀 KISMİ HACİM & MENZİL İVMESİ,63.9,1672.6666666666667,1694.1662715561927,1714.0,False,NORMAL GİRİŞ,63.9,⭐,İşlem Açma (Yetersiz Güven)
KRDMD,44.84,43.44,44.94,43.38,34969542.0,3.0330882352941178,1568034263.2800002,0.6056019450450524,1.0,9.579667644183777,14.446145992853506,3.5961272475795183,2026-09-07,-0.87,1.4,0.04,3.53,1,True,63.8,🚀 KISMİ HACİM & MENZİL İVMESİ,23.4,44.38666666666666,44.17928310996421,42.092400000000005,True,🎯 İDEAL GİRİŞ BÖLGESİ,63.8,⭐,İşlem Açma (Yetersiz Güven)
OBASE,37.22,35.0,37.84,34.82,600297.0,6.892590465249852,22343054.34,0.9714761964485837,1.0,-11.591448931116394,-14.001848428835494,8.673176335439413,2026-09-07,-0.06,5.05,2.81,2.62,1,False,63.1,🚀 KISMİ HACİM & MENZİL İVMESİ,-20.3,36.626666666666665,37.48564203623775,39.86760000000001,False,NORMAL GİRİŞ,63.1,⭐,İşlem Açma (Yetersiz Güven)
KORDS,81.75,78.5,86.25,78.5,1535604.0,4.140127388535031,125535627.0,0.9763715024122149,1.0,18.050541516245488,7.424441524310127,9.872611464968152,2026-09-07,-0.05,6.0,0.57,0.75,1,True,62.9,🚀 KISMİ HACİM & MENZİL İVMESİ,-5.4,82.16666666666667,82.65605741408439,77.80299999999973,False,🎯 İDEAL GİRİŞ BÖLGESİ,62.9,⭐,İşlem Açma (Yetersiz Güven)
MACKO,35.28,34.78,35.54,34.68,483949.0,2.201622247972184,17073720.72,0.5532186716345756,1.0,8.888888888888896,-12.716476991588323,2.941176470588224,2026-09-07,-0.98,-0.35,1.66,1.92,1,False,62.2,🚀 KISMİ HACİM & MENZİL İVMESİ,0.0,35.166666666666664,34.92202306447033,33.79399999999999,True,🎯 İDEAL GİRİŞ BÖLGESİ,62.2,⭐,İşlem Açma (Yetersiz Güven)
BNTAS,6.37,6.18,6.43,6.17,2663968.0,3.2414910858995163,16969476.16,0.5829162864390519,1.0,-1.240310077519381,-8.345323741007196,4.213938411669364,2026-09-07,-0.92,-1.85,2.14,2.5,1,True,61.7,🚀 KISMİ HACİM & MENZİL İVMESİ,13.0,6.323333333333333,6.311566557394065,6.256400000000013,True,🎯 İDEAL GİRİŞ BÖLGESİ,61.7,⭐,İşlem Açma (Yetersiz Güven)
ALKA,8.04,7.83,8.13,7.83,2547057.0,2.6819923371647394,20478338.279999997,1.1161718240363545,1.0,-0.6180469715698481,-20.079522862823076,3.831417624521082,2026-09-07,0.26,-1.75,1.67,2.14,1,False,61.6,🚀 KISMİ HACİM & MENZİL İVMESİ,-1.9,8.0,8.18695628029565,8.562999999999997,False,🎯 İDEAL GİRİŞ BÖLGESİ,61.6,⭐,İşlem Açma (Yetersiz Güven)
INTET,78.85,82.25,82.45,74.1,72635486.0,0.6381620931716656,5727308071.099999,1.0,1.0,33.75742154368107,33.75742154368107,11.268556005398123,2026-09-07,0.0,6.0,0.0,0.3,1,False,61.1,🚀 KISMİ HACİM & MENZİL İVMESİ,61.1,78.46666666666667,0.0,0.0,True,NORMAL GİRİŞ,61.1,⭐,İşlem Açma (Yetersiz Güven)
HOROZ,59.1,57.1,59.35,56.75,861791.0,3.684210526315792,50931848.1,0.617831957845899,1.0,6.294964028776978,-13.088235294117645,4.58149779735683,2026-09-07,-0.84,4.0,1.09,3.16,1,False,61.0,🚀 KISMİ HACİM & MENZİL İVMESİ,7.0,58.4,60.32904935543293,61.32500000000002,False,🎯 İDEAL GİRİŞ BÖLGESİ,61.0,⭐,İşlem Açma (Yetersiz Güven)
VESBE,6.05,5.83,6.23,5.8,37345196.0,1.0016694490817963,225938435.79999998,1.46928899757282,1.0,4.852686308492205,-9.159159159159163,7.413793103448286,2026-09-07,1.03,-1.42,0.09,1.28,1,True,60.8,🚀 KISMİ HACİM & MENZİL İVMESİ,-0.7,6.026666666666667,5.590736934782892,5.872000000000005,True,NORMAL GİRİŞ,60.8,⭐,İşlem Açma (Yetersiz Güven)
KLSYN,16.1,15.8,16.41,15.6,2954324.0,2.6131293817718415,47564616.400000006,1.2601549931556433,1.0,11.805555555555562,17.948717948717956,5.192307692307696,2026-09-07,0.57,-0.47,0.88,1.18,0,True,60.8,🚀 KISMİ HACİM & MENZİL İVMESİ,7.0,16.036666666666665,15.441044691938963,14.59479999999999,True,🎯 İDEAL GİRİŞ BÖLGESİ,60.8,⭐,İşlem Açma (Yetersiz Güven)
SISE,41.64,39.1,42.1,39.04,62875451.0,6.5506653019447345,2618133779.64,1.3777642669589005,1.0,-0.33508855911919716,-7.671840354767187,7.838114754098367,2026-09-07,0.83,5.15,0.05,3.03,1,True,60.3,🚀 KISMİ HACİM & MENZİL İVMESİ,-1.4,40.92666666666667,40.18798733373625,41.82400000000003,False,NORMAL GİRİŞ,60.3,⭐,İşlem Açma (Yetersiz Güven)
ARCLK,93.15,91.05,93.4,90.9,1223503.0,2.306425041186171,113969304.45,0.6816361813269248,1.0,-4.9489795918367285,-10.086872586872577,2.75027502750275,2026-09-07,-0.7,3.75,0.37,3.27,1,False,59.9,🚀 KISMİ HACİM & MENZİL İVMESİ,2.2,92.48333333333335,92.9275797679143,96.19500000000008,False,🎯 İDEAL GİRİŞ BÖLGESİ,59.9,⭐,İşlem Açma (Yetersiz Güven)
GESAN,64.25,60.5,64.8,58.3,20505846.0,6.198347107438017,1317500605.5,1.0012244071379897,1.0,-22.403381642512077,-19.283919597989946,11.149228130360207,2026-09-07,0.0,6.0,0.09,2.87,1,False,59.5,🚀 KISMİ HACİM & MENZİL İVMESİ,-8.1,62.44999999999999,79.53584789677589,80.41899999999993,False,NORMAL GİRİŞ,59.5,⭐,İşlem Açma (Yetersiz Güven)
MOBTL,13.22,12.78,13.29,12.78,1749433.0,3.4428794992175376,23127504.26,0.472765872752604,1.0,-6.241134751773043,-17.786069651741283,3.990610328638496,2026-09-07,-1.16,-1.23,1.82,3.15,2,False,57.8,🚀 KISMİ HACİM & MENZİL İVMESİ,-5.5,13.096666666666666,13.171192687317301,13.871200000000005,False,🎯 İDEAL GİRİŞ BÖLGESİ,57.8,⭐,İşlem Açma (Yetersiz Güven)
TUCLK,3.95,3.8,4.05,3.8,6235856.0,3.6745406824147016,24631631.2,0.5520416824820169,1.0,3.947368421052641,-7.710280373831777,6.578947368421053,2026-09-07,-0.99,-1.88,1.83,1.52,1,True,57.0,🚀 KISMİ HACİM & MENZİL İVMESİ,0.0,3.9333333333333336,3.894565614551744,3.9042000000000012,True,🎯 İDEAL GİRİŞ BÖLGESİ,57.0,⭐,İşlem Açma (Yetersiz Güven)
GLRMK,164.3,158.4,165.2,157.6,2688697.0,3.7902716361339226,441752917.1,0.6022020322319886,1.0,3.268384663733512,-8.467966573816149,4.822335025380707,2026-09-07,-0.88,6.0,0.16,3.08,1,True,56.7,🚀 KISMİ HACİM & MENZİL İVMESİ,-7.7,162.36666666666665,168.4151381661928,166.1820000000002,False,🎯 İDEAL GİRİŞ BÖLGESİ,56.7,⭐,İşlem Açma (Yetersiz Güven)
IZFAS,54.7,51.0,56.0,51.0,5055748.0,7.360157016683022,276549415.6,0.7587179590574122,1.0,-19.55882352941176,-19.261992619926197,9.90196078431372,2026-09-07,-0.53,6.0,0.47,2.39,1,False,56.6,🚀 KISMİ HACİM & MENZİL İVMESİ,-25.7,53.9,57.150979355012744,61.574200000000026,False,NORMAL GİRİŞ,56.6,⭐,İşlem Açma (Yetersiz Güven)
GOODY,2.71,2.66,2.75,2.66,14609469.0,2.264150943396228,39591660.99,1.313493939052565,1.0,11.065573770491804,-4.048132798970423,3.7593984962406046,2026-09-07,0.69,-2.0,0.9,1.24,0,True,56.5,🚀 KISMİ HACİM & MENZİL İVMESİ,11.8,2.706666666666667,2.6656606476444127,2.7025414960000016,True,🎯 İDEAL GİRİŞ BÖLGESİ,56.5,⭐,İşlem Açma (Yetersiz Güven)
GSDHO,4.66,4.5,4.71,4.5,7902577.0,3.555555555555559,36826008.82,0.8089250448502447,1.0,-3.9175257731958664,-24.7172859450727,4.666666666666666,2026-09-07,-0.42,-1.98,1.35,2.52,1,False,56.4,🚀 KISMİ HACİM & MENZİL İVMESİ,-18.7,4.623333333333334,4.740322707413816,5.116599999999995,False,🎯 İDEAL GİRİŞ BÖLGESİ,56.4,⭐,İşlem Açma (Yetersiz Güven)
VEYAS,123.0,113.3,124.5,113.0,3948429.0,7.894736842105263,485656767.0,0.4465626116921412,1.0,-9.558823529411764,-9.558823529411764,10.176991150442477,2026-09-07,-1.22,6.0,0.3,3.14,2,True,56.3,🚀 KISMİ HACİM & MENZİL İVMESİ,6.0,120.16666666666667,0.0,0.0,True,⚠️ GEÇ KALINDI (Tepeden Alım Riski),56.3,⭐,İşlem Açma (Yetersiz Güven)
ADGYO,58.9,56.9,59.45,56.9,377542.0,2.2569444444444398,22237223.8,0.3826745458107779,1.0,4.1556145004420895,10.299625468164795,4.481546572934981,2026-09-07,-1.36,3.88,1.4,2.66,1,True,55.9,🚀 KISMİ HACİM & MENZİL İVMESİ,27.0,58.41666666666666,58.07623556313144,54.56219999999998,True,🎯 İDEAL GİRİŞ BÖLGESİ,55.9,⭐,İşlem Açma (Yetersiz Güven)
BESLR,13.05,12.83,13.09,12.75,1478643.0,1.6355140186915955,19296291.150000002,0.5581379284572989,1.0,5.4119547657512115,-6.115107913669062,2.6666666666666656,2026-09-07,-0.97,-1.65,1.23,2.85,1,True,55.5,🚀 KISMİ HACİM & MENZİL İVMESİ,-6.3,12.963333333333333,12.950541446421877,13.034799999999995,True,NORMAL GİRİŞ,55.5,⭐,İşlem Açma (Yetersiz Güven)
TUPRS,395.5,391.0,401.25,389.5,19880391.0,1.8018018018018018,7862694640.5,0.6658755118097198,1.0,22.540666150271107,66.94807935837906,3.2734274711168165,2026-09-07,-0.74,6.0,0.0,0.74,1,False,55.1,🚀 KISMİ HACİM & MENZİL İVMESİ,10.3,395.4166666666667,376.02983838715596,322.0299999999999,True,NORMAL GİRİŞ,55.1,⭐,İşlem Açma (Yetersiz Güven)
KTLEV,43.62,42.3,45.06,40.36,119808197.0,2.2024367385192076,5226033553.139999,0.7265333399284464,1.0,-1.1780697779791642,-7.807881939982553,11.64519326065412,2026-09-07,-0.6,6.0,0.01,1.36,1,True,54.6,NÖTR REJİM,-4.9,43.01333333333333,53.84840207197961,52.851801435999995,False,🎯 İDEAL GİRİŞ BÖLGESİ,54.6,⭐,İşlem Açma (Yetersiz Güven)
ASELS,393.25,390.25,398.75,390.25,20171583.0,1.28783000643915,7932475014.75,0.6540289866308655,1.0,7.739726027397261,6.7164179104477615,2.690582959641256,2026-09-07,-0.76,6.0,0.0,0.64,1,True,54.3,NÖTR REJİM,0.7,394.0833333333333,386.67427072013817,373.48999999999984,True,NORMAL GİRİŞ,54.3,⭐,İşlem Açma (Yetersiz Güven)
CRFSA,297.5,281.0,302.25,278.75,1551869.0,6.0606060606060606,461681027.5,0.4712843923914673,1.0,48.75,106.3106796116505,8.4304932735426,2026-09-07,-1.16,6.0,0.25,2.57,1,False,54.0,NÖTR REJİM,-14.4,292.8333333333333,272.88569671714646,210.92800000000005,True,NORMAL GİRİŞ,54.0,⭐,İşlem Açma (Yetersiz Güven)
MERCN,17.3,16.72,17.38,16.72,1537202.0,2.24586288416075,26593594.6,0.4022734860011389,1.0,-8.803373748023185,-24.189307624890446,3.9473684210526327,2026-09-07,-1.31,-0.85,1.22,3.25,2,False,52.3,NÖTR REJİM,52.3,17.13333333333333,18.861621429145107,21.6784,False,🎯 İDEAL GİRİŞ BÖLGESİ,52.3,⭐,İşlem Açma (Yetersiz Güven)
MGROS,529.5,528.5,531.0,522.5,2346107.0,0.47438330170777987,1242263656.5,0.8555865962025139,1.0,-15.617529880478088,-20.733532934131738,1.6267942583732058,2026-09-07,-0.32,6.0,0.01,1.64,1,False,52.2,NÖTR REJİM,-5.3,527.6666666666666,557.1521779347642,603.36,False,NORMAL GİRİŞ,52.2,⭐,İşlem Açma (Yetersiz Güven)
ALKIM,15.5,15.32,15.52,15.28,1171630.0,1.3071895424836555,18160265.0,0.7840683741511165,1.0,-2.392947103274564,-8.011869436201788,1.5706806282722527,2026-09-07,-0.48,-1.9,1.08,3.18,1,True,52.0,NÖTR REJİM,15.3,15.433333333333332,15.667416929354323,16.3736,False,NORMAL GİRİŞ,52.0,⭐,İşlem Açma (Yetersiz Güven)
HATSN,66.0,60.1,66.0,58.8,4056038.0,10.0,267698508.0,0.351676284943179,1.0,14.18685121107267,4.018912529550823,12.244897959183678,2026-09-07,-1.43,6.0,0.63,3.67,2,True,51.7,NÖTR REJİM,-13.4,63.6,65.36411408263473,59.341,True,⚠️ GEÇ KALINDI (Tepeden Alım Riski),51.7,⭐,İşlem Açma (Yetersiz Güven)
ULKER,92.5,90.75,92.5,90.55,3593614.0,2.2664455500276364,332409295.0,0.5330369721019215,1.0,6.138841078600108,-20.25862068965517,2.2639425731639946,2026-09-07,-1.03,2.38,0.13,3.82,1,False,51.5,NÖTR REJİM,-0.8,91.85000000000001,91.19065525949725,92.95600000000019,False,🎯 İDEAL GİRİŞ BÖLGESİ,51.5,⭐,İşlem Açma (Yetersiz Güven)
KPEKS,99.25,95.25,101.4,95.25,10303078.0,4.52869931542917,1022580491.5,0.4054207575516954,1.0,-4.0135396518375295,-4.0135396518375295,6.771653543307089,2026-09-07,-1.31,6.0,0.09,1.83,1,True,51.4,NÖTR REJİM,4.5,98.63333333333333,0.0,0.0,True,🎯 İDEAL GİRİŞ BÖLGESİ,51.4,⭐,İşlem Açma (Yetersiz Güven)
AKSUE,31.86,29.7,32.66,29.58,3623179.0,7.272727272727273,115434482.94,1.2981401505051602,1.0,-27.392889699179584,-13.423913043478256,10.412440838404322,2026-09-07,0.66,5.2,0.98,2.32,0,False,50.3,NÖTR REJİM,-36.9,31.366666666666664,37.65522626149821,42.71839999999998,False,NORMAL GİRİŞ,50.3,⭐,İşlem Açma (Yetersiz Güven)
ESEN,3.48,3.39,3.48,3.36,20100449.0,2.9585798816568074,69949562.52,0.6097987100029827,1.0,4.504504504504502,-11.450381679389317,3.5714285714285747,2026-09-07,-0.86,-2.0,0.71,3.55,1,False,49.9,NÖTR REJİM,-0.2,3.44,3.500946607595387,3.514600000000002,False,🎯 İDEAL GİRİŞ BÖLGESİ,49.9,⭐,İşlem Açma (Yetersiz Güven)
VESTL,26.72,27.0,27.6,25.66,18865895.0,0.9826152683295465,504096714.4,1.2208654192747042,1.0,16.579406631762637,4.374999999999989,7.560405300077947,2026-09-07,0.49,2.35,0.04,0.2,0,True,49.8,NÖTR REJİM,-0.3,26.66,23.55758593730495,23.793200000000017,True,NORMAL GİRİŞ,49.8,⭐,İşlem Açma (Yetersiz Güven)
BORSK,6.69,6.59,6.79,6.46,10737313.0,1.8264840182648419,71832623.97,1.0841479999718495,1.0,19.677996422182478,8.957654723127048,5.108359133126936,2026-09-07,0.19,-1.67,0.45,1.41,0,True,49.8,NÖTR REJİM,49.8,6.646666666666668,6.286783517672388,6.054800000000016,True,NORMAL GİRİŞ,49.8,⭐,İşlem Açma (Yetersiz Güven)
TTRAK,431.5,428.75,437.75,426.75,40571.0,0.46565774155995343,17506386.5,0.47385344192255746,1.0,6.609017912291538,-2.430751837196156,2.5776215582893967,2026-09-07,-1.16,6.0,0.47,0.45,1,True,49.4,NÖTR REJİM,49.4,432.0,426.31979961718525,425.0299999999997,True,NORMAL GİRİŞ,49.4,⭐,İşlem Açma (Yetersiz Güven)
KOCMT,4.11,3.86,4.11,3.84,70402792.0,9.893048128342247,289355475.12,1.0672461826163466,1.0,-25.81227436823104,63.745019920318754,9.635416666666671,2026-09-07,0.15,-1.82,0.59,3.87,1,True,49.1,NÖTR REJİM,-16.0,4.0200000000000005,4.608539347962805,4.7666,False,⚠️ GEÇ KALINDI (Tepeden Alım Riski),49.1,⭐,İşlem Açma (Yetersiz Güven)
FRIGO,2.44,2.34,2.44,2.34,15090550.0,4.273504273504278,36820942.0,0.268624742091152,1.0,6.55021834061135,-23.028391167192428,4.273504273504278,2026-09-07,-1.61,-2.0,1.54,4.0,2,False,49.0,NÖTR REJİM,21.2,2.4066666666666663,2.4069915774482795,2.228199999999997,True,🎯 İDEAL GİRİŞ BÖLGESİ,49.0,⭐,İşlem Açma (Yetersiz Güven)
CITAS,154.4,145.0,154.4,140.4,10590019.0,9.971509971509972,1635098933.6000001,0.3710221409009793,1.0,90.49969154842691,90.49969154842691,9.97150997150997,2026-09-07,-1.38,6.0,0.12,3.41,2,False,48.6,NÖTR REJİM,-6.4,149.73333333333335,0.0,0.0,True,⚠️ GEÇ KALINDI (Tepeden Alım Riski),48.6,⭐,İşlem Açma (Yetersiz Güven)
AGHOL,33.7,32.88,33.84,32.64,2541383.0,2.4939172749391734,85644607.10000001,0.45738909063749106,1.0,-2.3188405797101366,1.997578692493958,3.676470588235303,2026-09-07,-1.19,0.5,0.51,2.92,0,True,47.7,NÖTR REJİM,2.6,33.39333333333334,32.413748672994934,33.278000000000006,True,🎯 İDEAL GİRİŞ BÖLGESİ,47.7,⭐,İşlem Açma (Yetersiz Güven)
BAYRK,4.28,4.19,4.33,4.19,3606128.0,2.1479713603818578,15434227.840000002,0.612171496388563,1.0,3.381642512077309,-16.406249999999996,3.341288782816221,2026-09-07,-0.85,-2.0,1.74,1.79,1,False,47.4,NÖTR REJİM,0.0,4.266666666666667,4.3215054008763865,4.415600000000007,False,🎯 İDEAL GİRİŞ BÖLGESİ,47.4,⭐,İşlem Açma (Yetersiz Güven)
GSDDE,13.18,12.8,13.27,12.8,2570075.0,2.808112324492975,33873588.5,0.4867886203884979,1.0,0.2281368821292727,-8.788927335640135,3.671874999999991,2026-09-07,-1.13,-1.33,1.21,2.81,1,True,46.9,NÖTR REJİM,-14.0,13.083333333333336,13.361114960074756,13.364200000000004,False,🎯 İDEAL GİRİŞ BÖLGESİ,46.9,⭐,İşlem Açma (Yetersiz Güven)
INDES,11.87,11.74,11.96,11.64,5506332.0,1.4529914529914525,65360160.839999996,0.8163428084371841,1.0,16.03128054740957,-1.575456053068004,2.7491408934707926,2026-09-07,-0.4,-1.7,0.4,1.69,0,True,46.8,NÖTR REJİM,3.8,11.823333333333332,11.410270838460296,10.952000000000004,True,NORMAL GİRİŞ,46.8,⭐,İşlem Açma (Yetersiz Güven)
PINSU,10.39,10.11,10.59,10.11,4089544.0,2.769535113748775,42490362.160000004,0.9017191196440842,1.0,0.19286403085825798,-10.276338514680479,4.74777448071217,2026-09-07,-0.22,-1.3,1.0,1.42,0,False,46.5,NÖTR REJİM,-1.5,10.363333333333333,10.345475495640601,10.58739999999998,False,🎯 İDEAL GİRİŞ BÖLGESİ,46.5,⭐,İşlem Açma (Yetersiz Güven)
PLTUR,21.08,20.7,21.8,20.44,5727457.0,2.92968749999999,120734793.55999999,1.0413906384978946,1.0,2.2308438409311218,-9.216192937123173,6.653620352250486,2026-09-07,0.09,0.9,0.43,0.5,0,True,46.3,NÖTR REJİM,-4.4,21.106666666666666,20.84010696353061,21.490799999999975,False,🎯 İDEAL GİRİŞ BÖLGESİ,46.3,⭐,İşlem Açma (Yetersiz Güven)
ENKAI,88.9,87.65,89.05,87.5,6646121.0,1.8911174785100353,590840156.9000001,0.4115331559496332,1.0,3.0127462340672175,-6.519453207150357,2.057142857142854,2026-09-07,-1.29,1.37,0.06,3.23,1,True,46.1,NÖTR REJİM,18.1,88.48333333333335,86.72248092757592,87.89200000000007,True,NORMAL GİRİŞ,46.1,⭐,İşlem Açma (Yetersiz Güven)
KLSER,23.3,22.98,23.5,22.94,719360.0,1.3925152306353363,16761088.0,0.6338641499139469,1.0,-5.284552845528458,-18.928322894919965,2.4411508282475967,2026-09-07,-0.81,-1.1,1.21,1.66,1,False,45.9,NÖTR REJİM,10.9,23.246666666666666,24.18924080618727,25.038400000000024,False,NORMAL GİRİŞ,45.9,⭐,İşlem Açma (Yetersiz Güven)
GRTHO,200.0,196.9,205.0,193.2,983567.0,1.3171225937183355,196713400.0,0.6284989623604289,1.0,-17.729329494035373,-4.807234650166585,6.107660455486549,2026-09-07,-0.82,6.0,0.13,0.81,1,True,45.7,NÖTR REJİM,45.7,199.4,216.5291100941617,233.30199999999982,False,NORMAL GİRİŞ,45.7,⭐,İşlem Açma (Yetersiz Güven)
ARTMS,43.1,42.52,43.5,42.46,658701.0,1.9394512771996224,28390013.1,0.5690917553011114,1.0,11.948051948051951,-0.23148148148148476,2.8732925105982074,2026-09-07,-0.95,0.1,1.04,1.51,0,True,45.6,NÖTR REJİM,0.1,43.02,40.106080336449374,40.52239999999998,True,NORMAL GİRİŞ,45.6,⭐,İşlem Açma (Yetersiz Güven)
GIPTA,76.15,68.9,76.15,68.2,4253453.0,9.963898916967517,323900445.95000005,0.40320267131570287,1.0,23.620129870129876,3.675970047651467,11.656891495601176,2026-09-07,-1.31,6.0,0.54,3.84,2,False,45.5,NÖTR REJİM,-24.7,73.50000000000001,78.00479375158747,70.83700000000006,False,⚠️ GEÇ KALINDI (Tepeden Alım Riski),45.5,⭐,İşlem Açma (Yetersiz Güven)
ECOGR,33.22,32.6,33.3,32.5,2893350.0,2.0270270270270165,96117087.0,0.4728525965643741,1.0,-2.121390689451971,-10.40992448759439,2.461538461538453,2026-09-07,-1.16,-0.5,0.38,3.16,1,False,45.4,NÖTR REJİM,-4.5,33.00666666666667,35.09179487175575,37.333600000000004,False,🎯 İDEAL GİRİŞ BÖLGESİ,45.4,⭐,İşlem Açma (Yetersiz Güven)
BIMAS,416.5,416.0,421.5,412.5,4766686.0,0.1803968731208659,1985324719.0,0.5044676799433943,1.0,8.67579908675799,9.82201713909031,2.1818181818181817,2026-09-07,-1.09,6.0,0.0,0.1,1,True,45.2,NÖTR REJİM,-1.1,416.8333333333333,405.9163409372346,389.915,True,NORMAL GİRİŞ,45.2,⭐,İşlem Açma (Yetersiz Güven)
ASTOR,302.0,297.0,305.0,297.0,18779550.0,2.3728813559322033,5671424100.0,0.4853018020804069,1.0,-6.065318818040436,-4.806934594168637,3.367003367003367,2026-09-07,-1.13,6.0,0.01,1.68,1,True,44.8,NÖTR REJİM,-16.8,301.3333333333333,318.8205512612118,311.87,False,🎯 İDEAL GİRİŞ BÖLGESİ,44.8,⭐,İşlem Açma (Yetersiz Güven)
ORGE,22.62,22.36,22.8,21.9,3474392.0,1.2533572068039442,78590747.04,0.6190781163667558,1.0,15.349311575726679,4.6253469010175765,4.109589041095901,2026-09-07,-0.84,-0.25,0.3,1.84,0,True,44.7,NÖTR REJİM,44.7,22.44,22.54065324804751,21.729400000000005,True,NORMAL GİRİŞ,44.7,⭐,İşlem Açma (Yetersiz Güven)
EKGYO,19.6,19.39,19.65,19.18,102812872.0,0.8230452674897125,2015132291.2,0.744040283498191,1.0,7.81078107810782,0.8230452674897126,2.450469238790401,2026-09-07,-0.56,-1.33,0.01,2.54,0,True,44.7,NÖTR REJİM,7.0,19.476666666666667,19.58734953945044,19.55699999999998,True,NORMAL GİRİŞ,44.7,⭐,İşlem Açma (Yetersiz Güven)
CIMSA,44.86,43.92,45.04,43.82,6004637.0,2.466879853814523,269368015.82,0.7013470192532393,1.0,-0.3111111111111124,-10.244097639055619,2.87539936102236,2026-09-07,-0.66,0.55,0.18,2.94,0,False,44.7,NÖTR REJİM,-1.7,44.57333333333333,45.188411510289846,46.466400000000064,False,🎯 İDEAL GİRİŞ BÖLGESİ,44.7,⭐,İşlem Açma (Yetersiz Güven)
POLHO,22.54,22.42,22.68,22.08,963716.0,0.6250000000000026,21722158.64,0.6523957935690708,1.0,6.020696142991522,9.20542635658914,2.717391304347833,2026-09-07,-0.76,-1.0,0.51,1.53,0,True,44.7,NÖTR REJİM,44.7,22.433333333333334,22.246469796445606,21.6868,True,NORMAL GİRİŞ,44.7,⭐,İşlem Açma (Yetersiz Güven)
FROTO,79.5,79.5,79.95,78.4,18928398.0,2.97927461139896,1504807641.0,1.003125246032916,1.0,1.1450381679389385,-8.620689655172415,3.5076530612244894,2026-09-07,0.01,1.37,0.04,0.92,0,True,44.6,NÖTR REJİM,1.9,79.28333333333335,78.40903986875684,80.00999999999989,False,🎯 İDEAL GİRİŞ BÖLGESİ,44.6,⭐,İşlem Açma (Yetersiz Güven)
USAK,1.2,1.19,1.2,1.18,22191278.0,0.8403361344537823,26629533.599999998,0.6844710877849552,1.0,-4.761904761904766,-22.580645161290327,1.6949152542372898,2026-09-07,-0.69,-2.0,0.55,3.1,1,False,44.5,NÖTR REJİM,44.5,1.1933333333333334,1.2358612948324017,1.3235999999999983,False,NORMAL GİRİŞ,44.5,⭐,İşlem Açma (Yetersiz Güven)
OZSUB,39.32,38.94,39.86,36.96,3716835.0,0.9758602978942028,146145952.2,1.305738668815335,1.0,-1.0568696527428327,30.718085106382986,7.8463203463203435,2026-09-07,0.67,4.75,0.13,1.62,0,True,44.5,NÖTR REJİM,44.5,38.71333333333333,41.30579023264601,36.98999999999998,False,NORMAL GİRİŞ,44.5,⭐,İşlem Açma (Yetersiz Güven)
EREGL,38.04,37.24,38.1,37.16,75226222.0,2.2580645161290223,2861605484.88,0.4843592118001367,1.0,-7.44525547445256,-2.8104241185488026,2.529601722282037,2026-09-07,-1.13,-0.15,0.02,3.45,1,True,44.2,NÖTR REJİM,10.8,37.76666666666666,38.356628773792075,40.1176,False,🎯 İDEAL GİRİŞ BÖLGESİ,44.2,⭐,İşlem Açma (Yetersiz Güven)
YIGIT,22.12,22.06,22.74,22.02,3611229.0,0.6369426751592382,79880385.48,0.8539328111707287,1.0,6.2439961575408285,-15.378729915837795,3.4514078110808266,2026-09-07,-0.32,-0.7,0.15,0.15,0,False,44.2,NÖTR REJİM,1.0,22.293333333333333,21.7684231469338,21.84560000000004,True,NORMAL GİRİŞ,44.2,⭐,İşlem Açma (Yetersiz Güven)
CLEBI,1453.0,1451.0,1459.0,1444.0,11721.0,0.13783597518952445,17030613.0,0.603994682002288,1.0,0.0,-11.402439024390244,1.0387811634349031,2026-09-07,-0.87,6.0,0.16,0.68,1,False,44.1,NÖTR REJİM,44.1,1452.0,1472.1664528766796,1502.1200000000003,False,NORMAL GİRİŞ,44.1,⭐,İşlem Açma (Yetersiz Güven)
AKFIS,18.06,17.4,18.15,17.28,6480931.0,3.6144578313252955,117045613.85999998,0.27839400114807267,1.0,10.45849467934091,65.68774201901137,5.034722222222207,2026-09-07,-1.59,-0.33,0.54,3.11,1,True,44.0,NÖTR REJİM,18.6,17.83,17.14717420823691,15.80065435499999,True,🎯 İDEAL GİRİŞ BÖLGESİ,44.0,⭐,İşlem Açma (Yetersiz Güven)
SARKY,24.14,23.6,24.14,23.48,2604507.0,2.8109028960817724,62872798.980000004,0.41238550336087343,1.0,-3.4399999999999977,-19.533333333333335,2.8109028960817724,2026-09-07,-1.29,-0.85,0.74,3.67,1,False,43.9,NÖTR REJİM,9.3,23.92,24.983783663186276,25.49480000000001,False,🎯 İDEAL GİRİŞ BÖLGESİ,43.9,⭐,İşlem Açma (Yetersiz Güven)
BRSAN,720.0,718.0,723.5,710.5,1166177.0,0.628930817610063,839647440.0,0.423927673938734,1.0,22.033898305084747,11.627906976744185,1.8296973961998593,2026-09-07,-1.27,6.0,0.01,1.29,1,False,43.9,NÖTR REJİM,5.7,718.0,683.6836023547097,609.6800000000001,True,NORMAL GİRİŞ,43.9,⭐,İşlem Açma (Yetersiz Güven)
OTKAR,315.0,313.25,315.5,312.0,193468.0,0.9615384615384616,60942420.0,0.4818421318727407,1.0,12.701252236135957,-14.402173913043478,1.1217948717948718,2026-09-07,-1.14,6.0,0.29,2.47,1,False,43.7,NÖTR REJİM,-0.4,314.1666666666667,318.05002501393875,325.20499999999987,False,NORMAL GİRİŞ,43.7,⭐,İşlem Açma (Yetersiz Güven)
KOPOL,5.14,5.01,5.2,4.98,7081994.0,2.7999999999999936,36401449.16,0.7349848573998958,1.0,-4.283054003724403,-17.363344051446948,4.417670682730918,2026-09-07,-0.58,-1.95,1.14,2.06,0,False,43.2,NÖTR REJİM,16.2,5.106666666666667,5.50346308161009,5.88119999999999,False,🎯 İDEAL GİRİŞ BÖLGESİ,43.2,⭐,İşlem Açma (Yetersiz Güven)
IZMDC,10.61,10.04,10.78,10.04,10294464.0,6.099999999999994,109224263.03999999,0.8570975052667998,1.0,-22.554744525547445,28.762135922330085,7.7689243027888395,2026-09-07,-0.31,-0.65,0.89,2.58,0,True,42.9,NÖTR REJİM,-22.7,10.476666666666667,12.05379251388661,11.767000000000001,False,NORMAL GİRİŞ,42.9,⭐,İşlem Açma (Yetersiz Güven)
DERHL,2.08,2.07,2.09,2.04,7913727.0,1.4634146341463536,16460552.16,0.6638912694153896,1.0,-1.0507106307239393,-22.459069833615203,2.450980392156854,2026-09-07,-0.74,-2.0,1.27,1.68,1,False,42.5,NÖTR REJİM,-19.0,2.07,2.160238892495875,2.2550259623999955,False,NORMAL GİRİŞ,42.5,⭐,İşlem Açma (Yetersiz Güven)
DMLKT,6.98,6.86,7.0,6.8,4552030.0,1.7492711370262406,31773169.400000002,0.5706822835335,1.0,15.181518151815197,14.426229508196736,2.941176470588238,2026-09-07,-0.94,-2.0,0.88,2.84,0,True,42.5,NÖTR REJİM,-7.6,6.926666666666667,6.759251487778598,6.328799999999996,True,NORMAL GİRİŞ,42.5,⭐,İşlem Açma (Yetersiz Güven)
ESCOM,5.21,5.08,5.22,5.07,8917465.0,2.559055118110234,46459992.65,0.46628369744328835,1.0,-10.172413793103447,3.3730158730158717,2.958579881656794,2026-09-07,-1.17,-2.0,0.88,3.47,1,True,42.4,NÖTR REJİM,12.6,5.166666666666667,5.498101294346192,5.6485999999999965,False,🎯 İDEAL GİRİŞ BÖLGESİ,42.4,⭐,İşlem Açma (Yetersiz Güven)
VAKFN,1.14,1.13,1.14,1.12,25410687.0,0.8849557522123902,28968183.179999996,0.6213423234499058,1.0,-5.000000000000004,-18.57140763264769,1.7857142857142674,2026-09-07,-0.83,-2.0,0.53,3.1,1,False,42.1,NÖTR REJİM,42.1,1.133333333333333,1.1695180014548885,1.2338332322000003,False,NORMAL GİRİŞ,42.1,⭐,İşlem Açma (Yetersiz Güven)
MCARD,160.2,158.4,163.2,156.1,1121677.0,1.1363636363636256,179692655.39999998,0.39311654481567937,1.0,4.025974025974018,-19.900000000000006,4.5483664317745,2026-09-07,-1.34,6.0,0.12,0.8,1,False,41.9,NÖTR REJİM,-3.9,159.83333333333331,158.79672950129168,151.68200000000007,True,NORMAL GİRİŞ,41.9,⭐,İşlem Açma (Yetersiz Güven)
YYLGD,10.0,9.85,10.0,9.83,3434573.0,1.4198782961460505,34345730.0,0.5532721092911902,1.0,-0.49751243781095233,-12.049252418645551,1.7293997965411996,2026-09-07,-0.98,-2.0,0.69,3.79,1,False,41.7,NÖTR REJİM,1.6,9.943333333333333,10.135743919048926,10.398799999999987,False,NORMAL GİRİŞ,41.7,⭐,İşlem Açma (Yetersiz Güven)
SAHOL,93.6,92.7,93.75,92.2,18321800.0,1.0799136069114472,1714920480.0,0.5149313799370673,1.0,6.182643221781042,2.239213544511193,1.6811279826464176,2026-09-07,-1.07,1.37,0.01,2.82,0,True,41.4,NÖTR REJİM,2.2,93.18333333333332,91.92929835168067,90.54699999999983,True,NORMAL GİRİŞ,41.4,⭐,İşlem Açma (Yetersiz Güven)
PRZMA,78.35,73.0,80.5,73.0,987624.0,4.536357571714465,77380340.39999999,0.32122068700722256,1.0,21.003861003860997,75.04468275245755,10.273972602739725,2026-09-07,-1.49,6.0,0.92,2.22,1,True,41.4,NÖTR REJİM,-21.8,77.28333333333333,78.37493062948865,73.306,False,🎯 İDEAL GİRİŞ BÖLGESİ,41.4,⭐,İşlem Açma (Yetersiz Güven)
MARTI,2.12,2.06,2.17,1.98,143883952.0,5.472636815920414,305033978.24,0.6939238918341396,1.0,53.62318840579712,8.163265306122456,9.595959595959592,2026-09-07,-0.67,-2.0,0.33,1.61,0,False,41.3,NÖTR REJİM,-12.5,2.0900000000000003,1.6954814557474898,1.5837999999999999,True,NORMAL GİRİŞ,41.3,⭐,İşlem Açma (Yetersiz Güven)
DEVA,94.1,92.45,95.5,92.45,363871.0,1.7847485127095637,34240261.1,0.45518833464101366,1.0,35.98265895953756,46.0046547711404,3.29908058409951,2026-09-07,-1.2,5.12,0.84,1.15,0,False,41.2,NÖTR REJİM,-0.8,94.01666666666664,87.10167736692176,77.62500000000006,True,NORMAL GİRİŞ,41.2,⭐,İşlem Açma (Yetersiz Güven)
SEGMN,47.4,46.12,48.0,46.04,416989.0,2.819956616052054,19765278.599999998,0.3561527958006001,1.0,-8.933717579250718,-14.748201438848925,4.257167680278021,2026-09-07,-1.42,2.4,1.77,2.03,1,False,41.1,NÖTR REJİM,5.9,47.14666666666667,50.40979586926562,51.16380000000001,False,🎯 İDEAL GİRİŞ BÖLGESİ,41.1,⭐,İşlem Açma (Yetersiz Güven)
BOBET,22.12,22.36,23.02,21.34,4621617.0,0.7285974499089259,102230168.04,0.684231525294895,1.0,24.83069977426638,16.05456453305353,7.872539831302717,2026-09-07,-0.69,1.7,0.14,0.0,0,False,40.9,NÖTR REJİM,40.9,22.16,20.469217390076015,19.349000000000025,True,NORMAL GİRİŞ,40.9,⭐,İşlem Açma (Yetersiz Güven)
TMSN,71.9,70.85,73.9,70.6,453982.0,1.9135364989369363,32641305.8,0.7785845765884054,1.0,-11.5076923076923,-23.510638297872337,4.745042492917859,2026-09-07,-0.49,5.75,0.92,0.57,0,False,40.7,NÖTR REJİM,-10.2,72.13333333333334,75.10921303260268,80.127,False,NORMAL GİRİŞ,40.7,⭐,İşlem Açma (Yetersiz Güven)
SARAE,79.35,76.4,79.85,74.35,13511195.0,5.2387267904509125,1072113323.2499999,0.443393157772764,1.0,-1.0598503740648484,3.0519480519480444,7.397444519166107,2026-09-07,-1.22,6.0,0.1,2.77,1,True,40.1,NÖTR REJİM,40.1,77.85,83.5093476771657,0.0,False,NORMAL GİRİŞ,40.1,⭐,İşlem Açma (Yetersiz Güven)
BETAE,80.85,80.85,83.2,79.25,6595685.0,0.06188118811880837,533261132.24999994,0.6896116883597156,1.0,-28.387953941541195,83.74999999999999,4.984227129337543,2026-09-07,-0.68,6.0,0.0,0.0,1,True,40.0,NÖTR REJİM,40.0,81.1,91.10616779633457,0.0,False,NORMAL GİRİŞ,40.0,⭐,İşlem Açma (Yetersiz Güven)
AKBNK,72.3,71.95,73.25,71.65,99537693.0,0.6263048016701501,7196575203.9,0.617199316058605,1.0,7.509293680297394,7.991038088125458,2.2330774598743814,2026-09-07,-0.84,1.5,0.0,0.39,0,True,39.9,NÖTR REJİM,2.1,72.39999999999999,70.83742807831977,69.65,True,NORMAL GİRİŞ,39.9,⭐,İşlem Açma (Yetersiz Güven)
GARAN,132.1,131.5,133.5,130.8,21616332.0,0.5327245053272364,2855517457.2,0.5874524944226078,1.0,3.2838154808444004,2.1655065738592287,2.0642201834862295,2026-09-07,-0.91,4.25,0.0,0.4,0,True,39.7,NÖTR REJİM,-1.0,132.13333333333333,131.148744573156,130.01399999999998,True,NORMAL GİRİŞ,39.7,⭐,İşlem Açma (Yetersiz Güven)
AEFES,18.71,18.45,18.73,18.4,28843650.0,1.40921409214093,539664691.5,0.5696398037747573,1.0,-12.814538676607642,-8.013765978367744,1.7934782608695754,2026-09-07,-0.95,-1.67,0.05,3.35,1,True,39.6,NÖTR REJİM,1.3,18.613333333333333,18.99638200445774,20.214800000000018,False,NORMAL GİRİŞ,39.6,⭐,İşlem Açma (Yetersiz Güven)
ONRYT,58.85,58.05,59.3,57.0,706159.0,1.378122308354874,41557457.15,0.6648643421928372,1.0,1.4655172413793127,-13.200589970501468,4.03508771929824,2026-09-07,-0.74,3.25,0.57,1.97,0,False,39.5,NÖTR REJİM,-9.4,58.38333333333333,59.30139569531646,61.01800000000001,False,NORMAL GİRİŞ,39.5,⭐,İşlem Açma (Yetersiz Güven)
AKGRT,6.19,6.1,6.19,6.09,4936738.0,1.6420361247947541,30558408.220000003,0.4985045936601838,1.0,-5.061349693251521,-13.061797752808985,1.6420361247947544,2026-09-07,-1.1,-2.0,0.86,3.82,1,False,39.4,NÖTR REJİM,7.3,6.156666666666667,6.2765974800140425,6.653199999999999,False,NORMAL GİRİŞ,39.4,⭐,İşlem Açma (Yetersiz Güven)
IEYHO,217.1,215.7,219.2,215.7,463603.0,1.1649580615097856,100561272.0,0.3440726219121402,1.0,25.288683602771368,80.83333333333333,2.1325915623551204,2026-09-07,-1.44,6.0,0.22,0.72,1,False,39.0,NÖTR REJİM,6.4,217.29999999999998,195.90102906298756,174.22199999999998,True,NORMAL GİRİŞ,39.0,⭐,İşlem Açma (Yetersiz Güven)
TERA,195.2,194.8,195.5,194.0,7205555.0,0.41152263374484715,1406524336.0,0.49037138916332523,1.0,5.513513513513507,-6.602870813397135,0.7731958762886598,2026-09-07,-1.12,1.25,0.01,1.8,0,True,38.1,NÖTR REJİM,10.4,194.9,185.19539597578654,173.65200000000002,True,NORMAL GİRİŞ,38.1,⭐,İşlem Açma (Yetersiz Güven)
YATAS,30.58,30.36,30.6,30.04,541298.0,0.9240924092409162,16552892.84,0.6553795197804874,1.0,-5.849753694581277,-24.11910669975186,1.8641810918775044,2026-09-07,-0.76,-1.1,0.89,2.75,0,False,37.8,NÖTR REJİM,-0.1,30.406666666666666,31.6863359416764,34.373200000000004,False,NORMAL GİRİŞ,37.8,⭐,İşlem Açma (Yetersiz Güven)
MANAS,38.3,37.88,40.06,37.58,13938716.0,2.901665771090807,533852822.79999995,0.40329507965348566,1.0,25.163398692810443,53.19999999999999,7.557211282597136,2026-09-07,-1.31,3.7,0.11,0.3,0,False,37.8,NÖTR REJİM,3.6,38.64666666666667,33.95381157712377,31.706400000000002,True,🎯 İDEAL GİRİŞ BÖLGESİ,37.8,⭐,İşlem Açma (Yetersiz Güven)
YKBNK,36.14,35.9,36.38,35.68,137248570.0,0.6685236768802284,4960163319.8,0.5704924445864055,1.0,6.044600938967143,3.3161806746712514,1.9618834080717569,2026-09-07,-0.94,-0.75,0.0,1.31,0,True,37.7,NÖTR REJİM,-1.3,36.06666666666667,35.85424863471725,35.32199999999994,True,NORMAL GİRİŞ,37.7,⭐,İşlem Açma (Yetersiz Güven)
SERNT,8.48,8.4,8.6,8.34,4375449.0,1.5568862275449196,37103807.52,0.9956344940504486,1.0,8.163265306122456,-14.688128772635807,3.1175059952038344,2026-09-07,-0.01,-1.85,0.7,0.72,0,False,37.0,NÖTR REJİM,-9.5,8.473333333333333,8.097374694809728,8.506599999999999,False,NORMAL GİRİŞ,37.0,⭐,İşlem Açma (Yetersiz Güven)
SRVGY,2.46,2.42,2.48,2.42,12459545.0,1.6528925619834725,30650480.7,0.8692390057830922,1.0,-2.380952380952383,-19.869706840390876,2.479338842975209,2026-09-07,-0.29,-2.0,0.86,1.93,0,False,36.9,NÖTR REJİM,36.9,2.4533333333333336,2.510291251871829,2.5698000000000047,False,NORMAL GİRİŞ,36.9,⭐,İşlem Açma (Yetersiz Güven)
ENDAE,17.72,17.3,18.26,17.3,3337276.0,2.4277456647398736,59136530.72,0.5447714226458765,1.0,15.439739413680776,-14.478764478764479,5.549132947976883,2026-09-07,-1.0,-0.1,0.69,0.79,0,False,36.5,NÖTR REJİM,-5.7,17.76,17.99869191061065,17.400600000000004,False,🎯 İDEAL GİRİŞ BÖLGESİ,36.5,⭐,İşlem Açma (Yetersiz Güven)
BIGCH,5.38,5.2,5.39,5.2,2436317.0,1.5094339622641524,13107385.459999999,0.34239515906120827,1.0,-16.068642745709834,-21.68850072780204,3.653846153846144,2026-09-07,-1.45,-2.0,1.53,3.67,2,False,35.6,NÖTR REJİM,0.0,5.323333333333333,5.9445597371985235,6.447599999999986,False,NORMAL GİRİŞ,35.6,⭐,İşlem Açma (Yetersiz Güven)
ALBRK,8.83,8.77,8.9,8.73,8911110.0,1.6110471806674405,78685101.3,0.5533476154992581,1.0,6.38554216867469,8.21078431372549,2.4054982817869512,2026-09-07,-0.98,-2.0,0.37,1.02,0,True,35.3,NÖTR REJİM,2.9,8.82,8.664357771753894,8.3236,True,NORMAL GİRİŞ,35.3,⭐,İşlem Açma (Yetersiz Güven)
PSGYO,3.13,3.03,3.14,3.03,57418205.0,3.3003300330033034,179718981.65,0.4089237640624779,1.0,-15.176151761517618,-8.479532163742691,3.630363036303641,2026-09-07,-1.3,-2.0,0.34,3.44,1,True,35.2,NÖTR REJİM,6.1,3.1,3.287705953208525,3.4237999999999986,False,🎯 İDEAL GİRİŞ BÖLGESİ,35.2,⭐,İşlem Açma (Yetersiz Güven)
GLRYH,2.95,2.9,2.98,2.88,4932613.0,1.7241379310344922,14551208.350000001,0.4951302881037166,1.0,-1.9933554817275618,-10.334346504559266,3.4722222222222254,2026-09-07,-1.11,-2.0,1.56,1.78,1,False,35.2,NÖTR REJİM,5.3,2.936666666666666,3.1096433805381563,3.141000000000001,False,NORMAL GİRİŞ,35.2,⭐,İşlem Açma (Yetersiz Güven)
GSRAY,1.04,1.03,1.04,1.02,118653634.0,1.960784313725492,123399779.36,0.5090571342088852,1.0,4.0000000000000036,-4.587155963302756,1.960784313725492,2026-09-07,-1.08,-2.0,0.29,3.1,1,True,34.8,NÖTR REJİM,4.9,1.0333333333333334,1.0574000012698221,1.0288000000000004,False,NORMAL GİRİŞ,34.8,⭐,İşlem Açma (Yetersiz Güven)
KRDMA,56.5,56.35,58.5,55.8,7996924.0,0.5338078291814896,451826206.0,0.48391001165776115,1.0,36.9365002423655,45.09501797637392,4.83870967741936,2026-09-07,-1.14,4.25,0.02,0.1,0,False,34.6,NÖTR REJİM,-1.4,56.93333333333334,54.235156073362546,46.10560000000001,True,NORMAL GİRİŞ,34.6,⭐,İşlem Açma (Yetersiz Güven)
FORTE,112.1,110.7,114.6,110.4,879288.0,1.2646793134597936,98568184.8,0.4252478917587401,1.0,-11.172741679873225,18.436344426835696,3.804347826086946,2026-09-07,-1.26,6.0,0.24,0.6,1,True,34.4,NÖTR REJİM,-17.0,112.36666666666667,118.34331086365881,112.42700000000005,False,NORMAL GİRİŞ,34.4,⭐,İşlem Açma (Yetersiz Güven)
ZOREN,2.36,2.35,2.38,2.32,77540377.0,0.4255319148936079,182995289.72,1.138812637067153,1.0,2.164502164502157,-21.594684385382056,2.5862068965517264,2026-09-07,0.31,-2.0,0.05,1.03,0,False,33.0,NÖTR REJİM,33.0,2.353333333333333,2.3338707614750613,2.4528000000000016,False,NORMAL GİRİŞ,33.0,⭐,İşlem Açma (Yetersiz Güven)
TURSG,6.13,6.08,6.13,6.03,35311242.0,0.8223684210526285,216457913.46,0.5128406542230466,1.0,-1.7628205128205179,-4.068857589984347,1.658374792703145,2026-09-07,-1.07,-2.0,0.07,3.1,1,True,32.8,NÖTR REJİM,32.8,6.096666666666667,6.180091344587291,6.280799999999992,False,NORMAL GİRİŞ,32.8,⭐,İşlem Açma (Yetersiz Güven)
KCAER,14.13,13.91,14.2,13.91,8248641.0,1.6546762589928088,116553297.33000001,0.648189142861462,1.0,-4.527027027027027,-5.925432756324892,2.1567217828899996,2026-09-07,-0.77,-1.78,0.27,2.5,0,True,32.6,NÖTR REJİM,-6.6,14.08,15.287524409346734,14.991800000000001,False,NORMAL GİRİŞ,32.6,⭐,İşlem Açma (Yetersiz Güven)
ANELE,206.2,203.6,208.5,202.3,1403049.0,1.078431372549014,289308703.8,0.1600144147081849,1.0,74.45008460236885,133.1260599208592,3.0647553138902563,2026-09-07,-1.85,6.0,0.07,1.32,1,False,32.4,NÖTR REJİM,4.2,205.66666666666666,169.69872285886237,132.97800000000004,True,NORMAL GİRİŞ,32.4,⭐,İşlem Açma (Yetersiz Güven)
CWENE,31.64,31.1,31.64,30.86,31864572.0,1.2804097311139633,1008195058.08,0.4151269763130014,1.0,-32.24839400428266,-18.115942028985508,2.527543745949453,2026-09-07,-1.29,-0.55,0.03,3.45,1,False,32.3,NÖTR REJİM,-10.1,31.38,35.676493314215776,38.11400000000001,False,NORMAL GİRİŞ,32.3,⭐,İşlem Açma (Yetersiz Güven)
HURGZ,7.48,7.43,7.55,7.35,2994483.0,1.3550135501355085,22398732.84,0.4361812642995109,1.0,2.0463847203274264,3.8888888888888924,2.7210884353741522,2026-09-07,-1.24,-2.0,0.95,1.11,0,True,32.3,NÖTR REJİM,7.8,7.46,7.431491998735444,7.051200000000002,True,NORMAL GİRİŞ,32.3,⭐,İşlem Açma (Yetersiz Güven)
EGGUB,107.0,106.6,107.7,105.5,250813.0,0.7532956685499032,26836991.0,0.3387321486065703,1.0,11.866178776790376,-3.167420814479638,2.085308056872041,2026-09-07,-1.45,3.0,0.49,1.13,0,True,32.2,NÖTR REJİM,32.2,106.73333333333333,105.23733542667108,100.63300000000001,True,NORMAL GİRİŞ,32.2,⭐,İşlem Açma (Yetersiz Güven)
KOTON,12.16,12.09,12.17,12.07,1202870.0,0.5789909015715491,14626899.2,0.5902597885022239,1.0,-3.568596352101501,-19.202657807308974,0.8285004142502042,2026-09-07,-0.9,-2.0,0.67,3.02,0,False,31.9,NÖTR REJİM,-4.0,12.133333333333335,12.625009877797504,13.266400000000006,False,NORMAL GİRİŞ,31.9,⭐,İşlem Açma (Yetersiz Güven)
DESA,9.76,9.62,9.84,9.51,1395846.0,0.10256410256410037,13623456.959999999,0.6827627648779576,1.0,1.8789144050104354,-20.391517128874387,3.4700315457413256,2026-09-07,-0.7,-1.67,0.15,1.9,0,False,31.9,NÖTR REJİM,31.9,9.703333333333333,9.916252519049339,10.07939999999999,False,NORMAL GİRİŞ,31.9,⭐,İşlem Açma (Yetersiz Güven)
MERIT,15.62,15.59,15.67,15.5,1500548.0,0.19243104554201002,23438559.759999998,0.8566769135383441,1.0,-3.461063040791103,-10.487106017191978,1.0967741935483866,2026-09-07,-0.32,-2.0,0.16,1.22,0,False,31.6,NÖTR REJİM,-7.4,15.596666666666666,15.844561998213244,16.4876,False,NORMAL GİRİŞ,31.6,⭐,İşlem Açma (Yetersiz Güven)
LILAK,28.36,28.28,28.38,27.92,1562942.0,0.5673758865248233,44325035.12,0.6024159587952236,1.0,-0.2812939521800346,-22.173435784851808,1.6475644699140304,2026-09-07,-0.87,-1.35,0.24,2.32,0,False,31.5,NÖTR REJİM,31.5,28.219999999999995,29.26523960005207,30.71919999999998,False,NORMAL GİRİŞ,31.5,⭐,İşlem Açma (Yetersiz Güven)
AFYON,12.43,12.73,12.8,12.33,1180064.0,0.5663430420711997,14668195.52,0.7940168824402537,1.0,-1.8167456556082182,-3.343701399688956,3.8118410381184153,2026-09-07,-0.45,-1.32,0.65,0.0,0,True,31.3,NÖTR REJİM,31.3,12.520000000000001,12.555268711780993,12.687399999999998,False,NORMAL GİRİŞ,31.3,⭐,İşlem Açma (Yetersiz Güven)
SUWEN,6.85,6.64,6.9,6.57,4061780.0,1.481481481481476,27823193.0,0.3216932008764151,1.0,-3.5211267605633805,-11.498708010335925,5.022831050228311,2026-09-07,-1.49,-1.67,0.85,2.68,0,False,31.3,NÖTR REJİM,31.3,6.773333333333333,6.5451223537994325,6.6458000000000075,True,NORMAL GİRİŞ,31.3,⭐,İşlem Açma (Yetersiz Güven)
SELEC,359.25,356.0,363.25,355.75,1005591.0,0.9129213483146067,361258566.75,0.1543921552852611,1.0,65.78218735579142,250.4878048780488,2.1082220660576247,2026-09-07,-1.86,6.0,0.05,0.78,1,False,30.4,NÖTR REJİM,2.7,359.4166666666667,306.22802135580315,251.546,True,NORMAL GİRİŞ,30.4,⭐,İşlem Açma (Yetersiz Güven)
OYYAT,34.56,34.5,35.0,33.9,485691.0,0.8756567425569302,16785480.96,0.542513361188901,1.0,1.6470588235294183,-24.640209332751848,3.244837758112099,2026-09-07,-1.01,0.25,0.84,0.54,0,False,30.4,NÖTR REJİM,-11.2,34.48666666666667,35.69286695882194,36.89920000000004,False,NORMAL GİRİŞ,30.4,⭐,İşlem Açma (Yetersiz Güven)
DOAS,163.3,163.0,163.8,162.5,459267.0,0.24554941682013853,74998301.10000001,0.6066648367223848,1.0,-14.143007360672964,-10.471491228070173,0.800000000000007,2026-09-07,-0.87,0.75,0.06,0.92,0,False,30.0,NÖTR REJİM,30.0,163.20000000000002,169.20168028427832,179.41200000000018,False,NORMAL GİRİŞ,30.0,⭐,İşlem Açma (Yetersiz Güven)
QUICK,60.9,60.0,61.4,59.4,3068886.0,1.3311148086522415,186895157.4,0.4929595326550757,1.0,-25.550122249388753,-20.496083550913834,3.367003367003367,2026-09-07,-1.12,2.5,0.14,1.91,0,False,29.9,NÖTR REJİM,-3.3,60.566666666666656,69.48448250728863,0.0,False,NORMAL GİRİŞ,29.9,⭐,İşlem Açma (Yetersiz Güven)
MASFN,38.44,38.16,38.66,37.32,4841233.0,0.6282722513088871,186096996.51999998,0.5364344095396827,1.0,-11.753902662993582,-23.42629482071714,3.5905680600214263,2026-09-07,-1.02,0.85,0.07,1.85,0,False,29.6,NÖTR REJİM,-6.4,38.13999999999999,41.32018315500398,0.0,False,NORMAL GİRİŞ,29.6,⭐,İşlem Açma (Yetersiz Güven)
GWIND,22.7,22.42,22.76,22.34,1596649.0,1.6114592658907763,36243932.3,0.48236256993415694,1.0,-5.416666666666669,-14.981273408239701,1.8800358102059163,2026-09-07,-1.14,-1.45,0.74,2.77,0,False,29.6,NÖTR REJİM,11.1,22.599999999999998,23.01076305219787,23.967599999999965,False,NORMAL GİRİŞ,29.6,⭐,İşlem Açma (Yetersiz Güven)
PNLSN,40.44,39.88,40.56,39.8,325007.0,1.6080402010050268,13143283.08,0.29248842895699073,1.0,-13.032258064516133,-16.09958506224067,1.9095477386934803,2026-09-07,-1.56,-0.6,1.6,2.83,1,False,29.4,NÖTR REJİM,-13.1,40.266666666666666,42.50946884630922,44.364000000000004,False,NORMAL GİRİŞ,29.4,⭐,İşlem Açma (Yetersiz Güven)
ALKLC,456.0,455.5,466.25,455.0,779623.0,0.10976948408342481,355508088.0,0.2646847492576416,1.0,8.506841165972636,39.02439024390244,2.4725274725274726,2026-09-07,-1.62,6.0,0.01,0.08,1,True,29.2,NÖTR REJİM,29.2,459.0833333333333,428.2271317713208,403.57500000000005,True,NORMAL GİRİŞ,29.2,⭐,İşlem Açma (Yetersiz Güven)
BRYAT,1660.0,1655.0,1665.0,1647.0,24167.0,0.36275695284159615,40117220.0,0.3120770875732187,1.0,-6.002265005662514,-18.3874139626352,1.092896174863388,2026-09-07,-1.51,6.0,0.17,1.48,1,False,28.3,NÖTR REJİM,-4.2,1657.3333333333333,1699.6925698361858,1765.4399999999964,False,NORMAL GİRİŞ,28.3,⭐,İşlem Açma (Yetersiz Güven)
ENTRA,4.28,4.22,4.29,4.22,5470096.0,1.4218009478673106,23412010.880000003,0.3630607284938547,1.0,-10.833333333333325,-11.752577319587617,1.6587677725118553,2026-09-07,-1.4,-2.0,0.95,3.11,1,False,28.0,NÖTR REJİM,8.3,4.263333333333333,4.43862902830111,4.611600000000001,False,NORMAL GİRİŞ,28.0,⭐,İşlem Açma (Yetersiz Güven)
TATGD,17.72,17.51,17.76,17.31,1164015.0,1.199314677327226,20626345.799999997,0.4332080184877692,1.0,2.7842227378190283,-9.545686574783058,2.59965337954941,2026-09-07,-1.25,-1.37,0.92,2.65,0,True,27.5,NÖTR REJİM,27.5,17.596666666666668,17.796724426189936,18.341800000000003,False,NORMAL GİRİŞ,27.5,⭐,İşlem Açma (Yetersiz Güven)
ULUUN,8.48,8.42,8.54,8.29,4547651.0,2.168674698795177,38564080.480000004,0.3815629180848912,1.0,4.691358024691368,1.9230769230769247,3.015681544028951,2026-09-07,-1.36,-1.88,0.89,1.58,0,True,26.7,NÖTR REJİM,26.7,8.436666666666666,8.514722029385545,8.683200000000001,False,🎯 İDEAL GİRİŞ BÖLGESİ,26.7,⭐,İşlem Açma (Yetersiz Güven)
EFOR,18.19,18.0,18.34,17.61,38836309.0,1.6201117318435907,706432460.71,0.522622961710634,1.0,-4.7643979057591626,45.52000000000001,4.145371947756959,2026-09-07,-1.05,-0.67,0.05,1.76,0,True,26.6,NÖTR REJİM,-10.4,18.046666666666667,18.51927615051113,18.02299999999999,False,NORMAL GİRİŞ,26.6,⭐,İşlem Açma (Yetersiz Güven)
TUKAS,2.02,1.99,2.03,1.98,34006897.0,1.5075376884422125,68693931.94,0.5290497011597544,1.0,0.49751243781095683,-14.406779661016945,2.525252525252516,2026-09-07,-1.04,-2.0,0.4,2.4,0,False,26.2,NÖTR REJİM,-3.5,2.01,2.0102435841158206,2.068600000000001,False,NORMAL GİRİŞ,26.2,⭐,İşlem Açma (Yetersiz Güven)
PSDTC,151.9,151.7,154.5,150.0,194296.0,1.1318242343542058,29513562.400000002,0.30221704016567374,1.0,-7.771706132361859,27.86195286195287,3.0,2026-09-07,-1.54,6.0,0.65,0.08,1,True,26.0,NÖTR REJİM,-6.3,152.13333333333333,157.46382477297442,146.418,False,NORMAL GİRİŞ,26.0,⭐,İşlem Açma (Yetersiz Güven)
AKSA,10.91,10.81,10.93,10.81,7756197.0,1.4883720930232571,84620109.27,0.48472851177496273,1.0,-14.162077104642018,-2.240143369175627,1.6651248843663247,2026-09-07,-1.13,-2.0,0.32,2.97,0,True,25.5,NÖTR REJİM,-0.5,10.883333333333335,11.191744784575118,11.786200000000001,False,NORMAL GİRİŞ,25.5,⭐,İşlem Açma (Yetersiz Güven)
TABGD,239.7,239.2,239.9,234.8,169823.0,0.20903010033444816,40706573.1,0.25221205160825044,1.0,-5.163204747774485,-17.058823529411768,2.1720613287904573,2026-09-07,-1.65,6.0,0.1,2.2,1,False,25.5,NÖTR REJİM,25.5,238.13333333333335,243.85582598439302,241.16200000000018,False,NORMAL GİRİŞ,25.5,⭐,İşlem Açma (Yetersiz Güven)
TEHOL,45.02,45.2,45.78,43.96,28531890.0,0.04444444444445139,1284505687.8000002,0.31921786265106267,1.0,-8.495934959349594,45.9792477302205,4.140127388535032,2026-09-07,-1.5,2.05,0.0,0.36,0,True,24.9,NÖTR REJİM,-2.0,44.92000000000001,43.31817237175871,43.75959999999999,True,NORMAL GİRİŞ,24.9,⭐,İşlem Açma (Yetersiz Güven)
FRMPL,31.98,31.94,32.54,31.76,1236773.0,0.1252348152786448,39552000.54,0.5600417685805996,1.0,-9.250851305334852,-20.841584158415838,2.4559193954659873,2026-09-07,-0.97,-0.55,0.06,0.09,0,False,24.6,NÖTR REJİM,-10.8,32.093333333333334,33.440996643260014,33.81239999999999,False,NORMAL GİRİŞ,24.6,⭐,İşlem Açma (Yetersiz Güven)
SVGYO,15.63,15.02,16.0,15.02,10173579.0,4.130579613590946,159013039.77,0.3054503637060376,1.0,6.689419795221846,-18.551328817092237,6.591211717709722,2026-09-07,-1.53,-0.05,0.46,1.66,0,False,24.5,NÖTR REJİM,-5.9,15.549999999999999,16.493465999999334,15.9936,False,🎯 İDEAL GİRİŞ BÖLGESİ,24.5,⭐,İşlem Açma (Yetersiz Güven)
ECZYT,312.0,311.25,313.25,308.75,79418.0,0.24096385542168677,24778416.0,0.24377067667557425,1.0,-4.147465437788019,-10.857142857142858,1.45748987854251,2026-09-07,-1.66,6.0,0.19,1.28,1,False,24.0,NÖTR REJİM,-10.5,311.3333333333333,316.90500231149514,320.61499999999984,False,NORMAL GİRİŞ,24.0,⭐,İşlem Açma (Yetersiz Güven)
ALCTL,117.3,116.1,119.0,115.8,165862.0,1.1206896551724113,19455612.599999998,0.3574463389777106,1.0,-34.65181058495822,-24.322580645161292,2.7633851468048385,2026-09-07,-1.41,5.5,0.91,0.68,0,False,23.7,NÖTR REJİM,-8.9,117.36666666666666,126.53478804515808,146.81199999999995,False,NORMAL GİRİŞ,23.7,⭐,İşlem Açma (Yetersiz Güven)
METEN,19.45,18.9,19.56,18.76,11795438.0,2.910052910052914,229421269.1,0.26557189994026753,1.0,-2.7500000000000036,-11.590909090909093,4.2643923240938015,2026-09-07,-1.62,-0.5,0.24,2.83,0,False,23.4,NÖTR REJİM,5.0,19.256666666666664,20.9738890157332,0.0,False,🎯 İDEAL GİRİŞ BÖLGESİ,23.4,⭐,İşlem Açma (Yetersiz Güven)
MOGAN,14.05,13.85,14.31,13.65,8827630.0,1.4440433212996466,124028201.5,0.4619318961712953,1.0,-32.90353390639923,11.507936507936517,4.835164835164836,2026-09-07,-1.18,-0.85,0.22,1.01,0,True,23.2,NÖTR REJİM,-5.7,14.003333333333336,17.814115302025428,17.72980000000001,False,NORMAL GİRİŞ,23.2,⭐,İşlem Açma (Yetersiz Güven)
KLKIM,26.52,26.62,26.66,26.28,746746.0,0.9900990099009824,19803703.919999998,0.45010672122184237,1.0,3.9999999999999982,-13.333333333333337,1.5220700152206947,2026-09-07,-1.21,-1.55,0.81,0.58,0,False,23.1,NÖTR REJİM,-9.9,26.486666666666668,26.735141178902637,26.969200000000033,False,NORMAL GİRİŞ,23.1,⭐,İşlem Açma (Yetersiz Güven)
NIBAS,4.4,4.38,4.54,4.33,14814514.0,1.8518518518518534,65156647.60000001,0.3274994115513916,1.0,20.547945205479465,-3.7199124726477004,5.080831408775976,2026-09-07,-1.48,-1.98,0.5,0.17,0,True,22.9,NÖTR REJİM,2.5,4.423333333333334,4.106399653172334,3.9916000000000027,True,NORMAL GİRİŞ,22.9,⭐,İşlem Açma (Yetersiz Güven)
TCELL,98.4,98.1,99.35,97.75,20086429.0,0.2547121752419766,1976504613.6000001,0.48243311122269594,1.0,-6.463878326996196,-8.719851576994426,1.636828644501273,2026-09-07,-1.14,1.5,0.0,0.34,0,True,22.8,NÖTR REJİM,-9.6,98.5,100.85576588292791,104.50600000000006,False,NORMAL GİRİŞ,22.8,⭐,İşlem Açma (Yetersiz Güven)
BERA,13.76,13.63,13.8,13.6,3723472.0,1.0279001468428823,51234974.72,0.45253917893328294,1.0,4.958047292143404,-17.850746268656717,1.4705882352941255,2026-09-07,-1.2,-2.0,0.37,2.49,0,False,22.6,NÖTR REJİM,22.6,13.719999999999999,13.542622371377975,13.902999999999999,False,NORMAL GİRİŞ,22.6,⭐,İşlem Açma (Yetersiz Güven)
PATEK,19.64,19.13,20.16,19.13,5809768.0,2.2384174908901597,114103843.52000001,0.3110193519203886,1.0,3.368421052631582,-19.17695473251029,5.384213277574497,2026-09-07,-1.52,0.08,0.36,0.89,0,False,22.6,NÖTR REJİM,-4.1,19.643333333333334,20.16744055104564,20.774400000000014,False,🎯 İDEAL GİRİŞ BÖLGESİ,22.6,⭐,İşlem Açma (Yetersiz Güven)
TSKB,11.1,10.98,11.13,10.95,8754967.0,1.1850501367365451,97180133.7,0.4524298455270527,1.0,-1.2455516014234926,-5.852417302798978,1.6438356164383698,2026-09-07,-1.2,-2.0,0.23,2.67,0,True,22.3,NÖTR REJİM,-17.4,11.06,11.06818443857578,11.285400000000006,False,NORMAL GİRİŞ,22.3,⭐,İşlem Açma (Yetersiz Güven)
MRGYO,1.59,1.58,1.62,1.56,69131160.0,1.2738853503184724,109918544.4,0.3483413636948369,1.0,23.255813953488374,-2.453987730061338,3.8461538461538494,2026-09-07,-1.43,-2.0,0.22,0.3,0,False,21.5,NÖTR REJİM,-11.3,1.59,1.476140172548009,1.4123999999999994,True,NORMAL GİRİŞ,21.5,⭐,İşlem Açma (Yetersiz Güven)
KRGYO,2.97,2.94,3.01,2.94,6107741.0,1.0204081632653146,18139990.77,0.24461051288773597,1.0,17.85714285714286,6.451612903225811,2.3809523809523756,2026-09-07,-1.66,-2.0,0.89,0.77,0,True,21.1,NÖTR REJİM,6.2,2.973333333333333,2.919148965929146,2.6974000000000005,True,NORMAL GİRİŞ,21.1,⭐,İşlem Açma (Yetersiz Güven)
ATATR,13.22,12.98,13.34,12.97,10734233.0,2.3219814241486123,141906560.26000002,0.2976474092307547,1.0,-5.028735632183903,-24.886363636363637,3.2382420971472623,2026-09-07,-1.55,-1.58,0.3,1.94,0,False,21.1,NÖTR REJİM,21.1,13.17666666666667,14.365898799683585,14.9378,False,🎯 İDEAL GİRİŞ BÖLGESİ,21.1,⭐,İşlem Açma (Yetersiz Güven)
DGNMO,7.21,7.26,7.32,7.06,2780612.0,0.980392156862749,20048212.52,0.4354100289407221,1.0,-14.370546318289787,-20.769230769230766,3.6827195467422196,2026-09-07,-1.24,-1.85,0.8,0.34,0,False,20.7,NÖTR REJİM,-8.3,7.196666666666666,7.935119805662745,8.221399999999997,False,NORMAL GİRİŞ,20.7,⭐,İşlem Açma (Yetersiz Güven)
CVKMD,15.81,15.73,16.12,15.62,16733482.0,1.022364217252397,264556350.42000002,0.48392942357712876,1.0,-5.892857142857144,-6.790083811951218,3.2010243277849026,2026-09-07,-1.14,-1.25,0.08,0.29,0,True,20.6,NÖTR REJİM,-13.1,15.850000000000001,15.969268443913267,15.449140628799992,False,NORMAL GİRİŞ,20.6,⭐,İşlem Açma (Yetersiz Güven)
RTALB,2.78,2.78,2.78,2.74,4654561.0,0.724637681159421,12939679.579999998,0.3888169377448295,1.0,-6.39730639730641,-19.18604651162791,1.459854014598525,2026-09-07,-1.34,-2.0,0.89,2.2,0,False,20.5,NÖTR REJİM,0.0,2.766666666666666,2.899901045683102,3.139200000000001,False,NORMAL GİRİŞ,20.5,⭐,İşlem Açma (Yetersiz Güven)
ODAS,7.36,7.29,7.39,7.25,28713363.0,1.657458563535913,211330351.68,0.447579248365304,1.0,-3.1578947368420964,-1.8666666666666625,2.068965517241372,2026-09-07,-1.22,-2.0,0.15,2.16,0,True,20.0,NÖTR REJİM,-2.4,7.333333333333333,7.3947119555320375,7.872200000000022,False,NORMAL GİRİŞ,20.0,⭐,İşlem Açma (Yetersiz Güven)
ARSAN,3.92,3.91,3.98,3.86,11464836.0,0.7712082262210747,44942157.12,0.31227422271164856,1.0,18.42900302114803,13.953488372093023,3.1088082901554435,2026-09-07,-1.51,-2.0,0.32,0.15,0,True,19.9,NÖTR REJİM,19.9,3.92,3.8778733601449877,3.575800000000001,True,NORMAL GİRİŞ,19.9,⭐,İşlem Açma (Yetersiz Güven)
AKSEN,79.6,79.0,80.0,78.7,2387770.0,1.0152284263959355,190066492.0,0.36428269900897325,1.0,-16.605552645364074,0.568540745420074,1.6518424396442148,2026-09-07,-1.4,0.75,0.1,1.68,0,True,19.8,NÖTR REJİM,1.3,79.43333333333332,83.04065590632305,89.72099999999992,False,NORMAL GİRİŞ,19.8,⭐,İşlem Açma (Yetersiz Güven)
TSPOR,1.05,1.04,1.06,1.04,208198477.0,1.9417475728155356,218608400.85000002,0.476370355309842,1.0,8.24742268041238,10.526315789473694,2.8846153846153872,2026-09-07,-1.15,-2.0,0.17,0.9,0,True,19.2,NÖTR REJİM,-13.8,1.05,1.0674731950760148,0.9983999999999993,False,NORMAL GİRİŞ,19.2,⭐,İşlem Açma (Yetersiz Güven)
ORZAX,88.45,87.95,90.0,86.9,2076421.0,0.682982356289139,183659437.45000002,0.3681385642237683,1.0,-14.126213592233007,16.534914361001313,3.5673187571921683,2026-09-07,-1.39,5.25,0.07,0.29,0,True,18.5,NÖTR REJİM,-9.9,88.45,94.7481448619557,0.0,False,NORMAL GİRİŞ,18.5,⭐,İşlem Açma (Yetersiz Güven)
FONET,4.72,4.7,4.74,4.67,7476812.0,0.6396588486140588,35290552.64,0.42436311693800405,1.0,-6.534653465346536,-13.394495412844044,1.498929336188443,2026-09-07,-1.27,-2.0,0.33,1.46,0,False,18.4,NÖTR REJİM,-5.6,4.710000000000001,5.047527158849897,5.1515999999999975,False,NORMAL GİRİŞ,18.4,⭐,İşlem Açma (Yetersiz Güven)
EKDMR,46.78,46.12,46.88,45.92,2112457.0,1.4750542299349234,98820738.46000001,0.26070457174795714,1.0,-2.3382045929018735,-16.538804638715426,2.0905923344947754,2026-09-07,-1.63,-0.1,0.28,2.98,0,False,18.2,NÖTR REJİM,-3.1,46.52666666666667,47.18636573559691,50.655,False,NORMAL GİRİŞ,18.2,⭐,İşlem Açma (Yetersiz Güven)
JANTS,15.46,15.35,15.48,15.31,1530670.0,0.7822685788787549,23664158.200000003,0.3450708880166552,1.0,2.4519549370444067,-9.484777517564389,1.1103853690398426,2026-09-07,-1.44,-2.0,0.57,2.85,0,True,17.9,NÖTR REJİM,4.8,15.416666666666664,15.424697870727561,15.565199999999987,False,NORMAL GİRİŞ,17.9,⭐,İşlem Açma (Yetersiz Güven)
SKTAS,3.28,3.26,3.33,3.22,8786230.0,0.3058103975535103,28818834.4,0.46246666725583097,1.0,2.8213166144200583,-3.529411764705886,3.4161490683229774,2026-09-07,-1.18,-2.0,0.2,0.53,0,True,17.8,NÖTR REJİM,-10.5,3.276666666666667,3.2507241387785237,3.336000000000001,False,NORMAL GİRİŞ,17.8,⭐,İşlem Açma (Yetersiz Güven)
ASGYO,11.16,11.11,11.2,11.09,1389848.0,0.4500450045004565,15510703.68,0.3967982586930805,1.0,1.270417422867519,-4.615384615384609,0.9918845807033312,2026-09-07,-1.33,-2.0,0.51,1.42,0,True,17.4,NÖTR REJİM,17.4,11.15,11.14150656306732,11.497999999999992,False,NORMAL GİRİŞ,17.4,⭐,İşlem Açma (Yetersiz Güven)
ALTNY,17.05,16.7,17.34,16.7,9156705.0,0.9473060982830085,156121820.25,0.3709145471267583,1.0,7.979734008866381,3.3333333333333375,3.832335329341321,2026-09-07,-1.38,-0.9,0.12,1.19,0,True,17.4,NÖTR REJİM,-11.1,17.03,17.275609251290373,16.697800000000008,False,NORMAL GİRİŞ,17.4,⭐,İşlem Açma (Yetersiz Güven)
ISFIN,19.27,19.23,19.38,19.03,752547.0,0.20800832033280886,14501580.69,0.37065352157711523,1.0,-4.224652087475156,-1.2807377049180328,1.8392012611665678,2026-09-07,-1.38,-1.63,0.27,1.02,0,True,16.8,NÖTR REJİM,0.0,19.226666666666663,19.68953606727076,19.759800000000006,False,NORMAL GİRİŞ,16.8,⭐,İşlem Açma (Yetersiz Güven)
EDIP,35.68,35.26,35.9,35.1,602063.0,1.1911514463981898,21481607.84,0.15841493238666196,1.0,-10.171198388721045,-3.982777179763178,2.279202279202271,2026-09-07,-1.85,-0.5,0.88,1.94,0,True,16.8,NÖTR REJİM,-11.1,35.56,36.330820458724226,36.846000000000025,False,NORMAL GİRİŞ,16.8,⭐,İşlem Açma (Yetersiz Güven)
DOHOL,21.82,21.78,21.88,21.68,1824247.0,0.0917431192660531,39805069.54,0.20020801693811655,1.0,4.9038461538461515,-0.8181818181818169,0.9225092250922476,2026-09-07,-1.76,-2.0,0.05,1.24,0,True,16.8,NÖTR REJİM,16.8,21.793333333333333,21.563353054969692,21.158799999999992,True,NORMAL GİRİŞ,16.8,⭐,İşlem Açma (Yetersiz Güven)
DSTKF,2322.0,2321.0,2396.0,2313.0,581112.0,0.08620689655172414,1349342064.0,0.21763962917459842,1.0,35.15715948777648,-6.446414182111201,3.5884133160397753,2026-09-07,-1.72,6.0,0.0,0.02,1,False,16.0,NÖTR REJİM,-7.1,2343.6666666666665,2169.5897699512825,2429.0899999999992,False,NORMAL GİRİŞ,16.0,⭐,İşlem Açma (Yetersiz Güven)
EUREN,3.86,3.82,3.88,3.82,11541371.0,0.5208333333333338,44549692.059999995,0.3715769517359911,1.0,-0.7712082262210861,-18.220338983050844,1.5706806282722527,2026-09-07,-1.38,-2.0,0.22,1.93,0,False,15.8,NÖTR REJİM,15.8,3.853333333333333,3.8809137955392004,4.013799999999992,False,NORMAL GİRİŞ,15.8,⭐,İşlem Açma (Yetersiz Güven)
RUBNS,30.82,30.8,31.32,30.6,820387.0,0.06493506493506354,25284327.34,0.4035313785295967,1.0,6.129476584022043,-8.437314319667252,2.3529411764705843,2026-09-07,-1.31,-0.7,0.05,0.05,0,True,15.8,NÖTR REJİM,-5.2,30.913333333333338,31.209189412030295,26.983600000000013,False,NORMAL GİRİŞ,15.8,⭐,İşlem Açma (Yetersiz Güven)
CEMAS,4.13,4.1,4.14,4.08,5154612.0,1.225490196078427,21288547.56,0.26258451680669376,1.0,0.9779951100244508,-12.869198312236293,1.470588235294108,2026-09-07,-1.62,-2.0,0.91,2.37,0,False,14.6,NÖTR REJİM,4.7,4.116666666666666,4.166073766949307,4.193399999999996,False,NORMAL GİRİŞ,14.6,⭐,İşlem Açma (Yetersiz Güven)
PRDGS,7.12,7.17,7.17,7.01,2622896.0,0.56497175141243,18675019.52,0.36423429056178347,1.0,-16.3337250293772,-10.440251572327044,2.282453637660487,2026-09-07,-1.4,-2.0,0.53,0.83,0,False,14.2,NÖTR REJİM,14.2,7.1000000000000005,7.635804232121094,7.500800000000001,False,NORMAL GİRİŞ,14.2,⭐,İşlem Açma (Yetersiz Güven)
TKNSA,16.8,16.73,16.83,16.55,1665297.0,0.840336134453785,27976989.6,0.2365375678383098,1.0,4.347826086956517,-18.997107039537116,1.6918429003021,2026-09-07,-1.68,-1.8,0.53,2.18,0,False,13.6,NÖTR REJİM,-6.6,16.726666666666663,17.85026133319258,17.99999999999996,False,NORMAL GİRİŞ,13.6,⭐,İşlem Açma (Yetersiz Güven)
BJKAS,2.2,2.09,2.2,2.08,126088862.0,10.000000000000009,277395496.40000004,0.21855049379658265,1.0,25.000000000000007,34.96932515337425,9.615384615384624,2026-09-07,-1.72,-2.0,0.62,3.85,1,False,12.9,NÖTR REJİM,-15.5,2.16,2.2224485371396234,1.9673999999999927,False,⚠️ GEÇ KALINDI (Tepeden Alım Riski),12.9,⭐,İşlem Açma (Yetersiz Güven)
OYAKC,21.72,21.62,21.76,21.48,5607780.0,0.7421150278293143,121800981.6,0.2595872388017338,1.0,4.927536231884056,4.3227665706051805,1.3035381750465602,2026-09-07,-1.63,-1.8,0.12,2.21,0,True,11.9,NÖTR REJİM,-1.3,21.653333333333336,21.82781945688332,21.135999999999967,False,NORMAL GİRİŞ,11.9,⭐,İşlem Açma (Yetersiz Güven)
ESCAR,45.84,46.1,47.0,45.6,1152948.0,0.8358996920369612,52851136.32,0.268956804568805,1.0,2.3214285714285854,-7.54336425978216,3.377192982456138,2026-09-07,-1.61,1.0,0.29,0.0,0,True,10.9,NÖTR REJİM,-7.0,46.14666666666667,45.700350242564404,46.62240000000001,False,NORMAL GİRİŞ,10.9,⭐,İşlem Açma (Yetersiz Güven)
GOLDA,12.3,12.5,12.5,12.0,8177935.0,0.8196721311475527,100588600.5,0.2562423970321317,1.0,-3.225806451612904,21.5415019762846,4.166666666666667,2026-09-07,-1.64,-1.25,0.16,0.44,0,True,9.7,NÖTR REJİM,-6.7,12.266666666666666,12.812237418473226,0.0,False,NORMAL GİRİŞ,9.7,⭐,İşlem Açma (Yetersiz Güven)
PAHOL,1.31,1.3,1.32,1.3,62704582.0,0.7692307692307698,82143002.42,0.3001381905176771,1.0,-2.2388059701492558,-21.556886227544904,1.5384615384615399,2026-09-07,-1.54,-2.0,0.18,0.9,0,False,9.4,NÖTR REJİM,-7.8,1.31,1.3274410559856615,1.3742000000000005,False,NORMAL GİRİŞ,9.4,⭐,İşlem Açma (Yetersiz Güven)
PAPIL,12.59,12.61,12.82,12.49,2595891.0,0.31872509960158685,32682267.69,0.25311025206451915,1.0,12.51117068811439,-14.932432432432437,2.6421136909527627,2026-09-07,-1.64,-1.67,0.19,0.0,0,False,5.6,NÖTR REJİM,-12.5,12.633333333333335,12.7503221474033,13.158999999999999,False,NORMAL GİRİŞ,5.6,⭐,İşlem Açma (Yetersiz Güven)
AVPGY,54.0,54.0,54.35,53.3,320121.0,0.0,17286534.0,0.40671119656723204,1.0,5.365853658536586,-9.54773869346734,1.9699812382739292,2026-09-07,-1.31,0.13,0.0,0.73,0,True,0.0,NÖTR REJİM,0.0,53.88333333333333,53.681630110010644,53.27000000000002,True,NORMAL GİRİŞ,0.0,⭐,İşlem Açma (Yetersiz Güven)
ISCTR,12.96,13.0,13.12,12.91,462537450.0,-0.38431975403534924,5994485352.0,0.6900365165506681,1.0,4.854368932038847,-6.3583815028901665,1.6266460108442995,2026-09-07,-0.68,-1.98,0.0,0.0,0,True,0.0,NÖTR REJİM,0.0,12.996666666666668,12.744146244953752,13.071800000000001,False,NORMAL GİRİŞ,0.0,⭐,İşlem Açma (Yetersiz Güven)
OZKGY,13.17,13.27,13.29,13.1,1082939.0,-0.3782148260211854,14262306.63,0.28709048894104494,1.0,3.132341425215351,-6.1965811965811906,1.4503816793893092,2026-09-07,-1.57,-2.0,0.47,0.0,0,True,0.0,NÖTR REJİM,0.0,13.186666666666667,13.231481134367243,13.314999999999982,False,NORMAL GİRİŞ,0.0,⭐,İşlem Açma (Yetersiz Güven)
RAYSG,151.6,154.1,154.7,150.2,94908.0,-1.4944769330734318,14388052.799999999,0.7556441622053713,1.0,-7.2782874617737034,-25.831702544031316,2.9960053262316912,2026-09-07,-0.54,6.0,1.42,0.0,2,False,0.0,🪤 DÜŞEN BIÇAK TUZAĞI,0.0,152.16666666666666,158.81985138618145,167.218,False,NORMAL GİRİŞ,0.0,⭐,İşlem Açma (Yetersiz Güven)
KONKA,9.34,9.19,9.36,9.15,1628924.0,1.7429193899782152,15214150.16,0.48111939169966844,1.0,-20.713073005093374,-37.608550434201746,2.2950819672131044,2026-09-07,-1.14,-1.98,1.53,3.07,1,False,0.0,🪤 DÜŞEN BIÇAK TUZAĞI,0.0,9.283333333333333,10.798153177280039,12.302199999999997,False,NORMAL GİRİŞ,0.0,⭐,İşlem Açma (Yetersiz Güven)
BIENY,20.72,20.88,20.88,20.5,718854.0,-0.2887391722810504,14894654.879999999,0.16112375782309374,1.0,2.9821073558648004,-11.528608027327083,1.853658536585361,2026-09-07,-1.85,-1.55,0.35,0.35,0,False,0.0,NÖTR REJİM,0.0,20.7,21.410892379570964,21.382599999999996,False,NORMAL GİRİŞ,0.0,⭐,İşlem Açma (Yetersiz Güven)
SOKE,11.71,11.55,11.75,11.42,1335173.0,2.539404553415069,15634875.830000002,0.37012695705606063,1.0,-24.4516129032258,-28.379204892966364,2.889667250437829,2026-09-07,-1.39,-1.67,1.93,2.54,1,False,0.0,🪤 DÜŞEN BIÇAK TUZAĞI,0.0,11.626666666666667,13.439247845930005,15.42639999999999,False,🎯 İDEAL GİRİŞ BÖLGESİ,0.0,⭐,İşlem Açma (Yetersiz Güven)
PENGD,9.24,8.94,9.26,8.94,1711362.0,3.4714445688689866,15812984.88,0.7150396687864664,1.0,-2.941176470588229,-30.9932785660941,3.691275167785236,2026-09-07,-0.63,-1.7,2.32,3.61,2,False,0.0,🪤 DÜŞEN BIÇAK TUZAĞI,0.0,9.146666666666667,9.307792279617642,9.93699999999999,False,🎯 İDEAL GİRİŞ BÖLGESİ,0.0,⭐,İşlem Açma (Yetersiz Güven)
CMBTN,1520.0,1534.0,1546.0,1510.0,10436.0,-0.8480104370515329,15862720.0,0.566130878435925,1.0,-0.9126466753585397,-3.85831752055661,2.384105960264901,2026-09-07,-0.95,6.0,0.86,0.0,1,True,0.0,NÖTR REJİM,0.0,1525.3333333333333,1548.4652159740922,1594.9399999999996,False,NORMAL GİRİŞ,0.0,⭐,İşlem Açma (Yetersiz Güven)
THYAO,295.25,295.0,296.5,292.25,25648021.0,-0.2533783783783784,7572578200.25,0.4740133728732528,1.0,-5.368589743589744,-1.0887772194304857,1.4542343883661248,2026-09-07,-1.16,6.0,0.0,1.01,1,True,0.0,NÖTR REJİM,0.0,294.6666666666667,302.13653231686976,315.0199999999999,False,NORMAL GİRİŞ,0.0,⭐,İşlem Açma (Yetersiz Güven)
HKTM,12.85,12.8,13.25,12.78,7385847.0,-0.3875968992248117,94908133.95,0.3637916134435144,1.0,13.616268788682573,-12.346521145975448,3.677621283255091,2026-09-07,-1.4,-1.32,0.08,0.19,0,False,0.0,NÖTR REJİM,-18.0,12.96,13.054795309401525,11.750400000000004,False,NORMAL GİRİŞ,0.0,⭐,İşlem Açma (Yetersiz Güven)
KLRHO,63.0,63.95,64.05,62.5,976894.0,-0.3952569169960474,61544322.0,0.35120835073537277,1.0,-18.02212101496421,-39.42307692307692,2.4799999999999955,2026-09-07,-1.43,1.37,0.12,0.0,0,False,0.0,🪤 DÜŞEN BIÇAK TUZAĞI,0.0,63.18333333333334,67.99103624713891,77.24000000000007,False,NORMAL GİRİŞ,0.0,⭐,İşlem Açma (Yetersiz Güven)
LYDHO,145.0,149.5,151.5,140.5,432157.0,-0.48043925875085014,62662765.0,0.8402481175656211,1.0,-20.32967032967033,-22.37687366167024,7.829181494661921,2026-09-07,-0.35,6.0,0.15,0.0,1,False,0.0,NÖTR REJİM,0.0,145.66666666666666,159.7132819939804,175.9399999999995,False,NORMAL GİRİŞ,0.0,⭐,İşlem Açma (Yetersiz Güven)
ENSRI,4.61,4.64,4.68,4.47,14255732.0,-0.43196544276456966,65718924.52,0.4462127815478031,1.0,-12.523719165085376,-64.42901234567901,4.697986577181208,2026-09-07,-1.22,-1.98,0.13,0.73,0,False,0.0,🪤 DÜŞEN BIÇAK TUZAĞI,0.0,4.586666666666666,5.144335572681375,5.478199999999988,False,NORMAL GİRİŞ,0.0,⭐,İşlem Açma (Yetersiz Güven)
TARKM,517.5,513.5,521.5,508.0,127369.0,-0.5763688760806917,65913457.5,0.4738153314705949,1.0,13.986784140969164,-8.970976253298153,2.65748031496063,2026-09-07,-1.16,6.0,0.17,1.43,1,True,0.0,NÖTR REJİM,0.0,515.6666666666666,508.1835822673876,488.5599999999998,True,NORMAL GİRİŞ,0.0,⭐,İşlem Açma (Yetersiz Güven)
GRSEL,295.0,297.75,297.75,293.5,226201.0,-1.006711409395973,66729295.0,0.6271085461320576,1.0,-13.805697589481372,-5.524419535628502,1.5332197614991483,2026-09-07,-0.82,6.0,0.28,0.0,1,True,0.0,NÖTR REJİM,0.0,295.4166666666667,315.76788139148294,324.0699999999993,False,NORMAL GİRİŞ,0.0,⭐,İşlem Açma (Yetersiz Güven)
ANHYT,103.3,104.7,105.0,102.9,652511.0,-1.337153772683864,67404386.3,1.1422867968577401,1.0,-10.948275862068968,1.0763209393346325,2.0408163265306065,2026-09-07,0.31,2.75,0.36,0.0,0,True,0.0,NÖTR REJİM,0.0,103.73333333333333,105.70954255043671,105.8369999999998,False,NORMAL GİRİŞ,0.0,⭐,İşlem Açma (Yetersiz Güven)
KLGYO,4.73,4.88,4.88,4.68,3790895.0,-0.4210526315789384,17930933.35,0.31296162034039066,1.0,10.514018691588788,-4.056795131845828,4.273504273504278,2026-09-07,-1.51,-2.0,0.42,0.0,0,True,0.0,NÖTR REJİM,0.0,4.763333333333333,4.758012858457859,4.733599999999992,False,NORMAL GİRİŞ,0.0,⭐,İşlem Açma (Yetersiz Güven)
HUNER,3.89,3.9,3.95,3.88,17535236.0,0.0,68212068.04,0.3830748003546864,1.0,14.749262536873156,-4.656862745098038,1.8041237113402135,2026-09-07,-1.36,-2.0,0.0,0.0,0,True,0.0,NÖTR REJİM,-22.5,3.9066666666666663,3.8283895887724886,3.7028000000000016,True,NORMAL GİRİŞ,0.0,⭐,İşlem Açma (Yetersiz Güven)
SAFKR,14.66,14.46,14.68,14.08,4694163.0,1.45328719723184,68775674.78,0.9941539155627255,1.0,-32.38007380073801,-38.24768323504633,4.261363636363634,2026-09-07,-0.01,-1.0,0.38,2.65,0,False,0.0,🪤 DÜŞEN BIÇAK TUZAĞI,0.0,14.473333333333333,17.915527527558982,19.728400000000022,False,NORMAL GİRİŞ,0.0,⭐,İşlem Açma (Yetersiz Güven)
KATMR,1.85,1.84,1.86,1.82,39720070.0,0.5434782608695656,73482129.5,0.5467604343741921,1.0,-16.28959276018099,-33.453237410071935,2.1978021978021998,2026-09-07,-1.0,-2.0,0.14,1.55,0,False,0.0,🪤 DÜŞEN BIÇAK TUZAĞI,0.0,1.8433333333333337,2.062299489749999,2.289600000000002,False,NORMAL GİRİŞ,0.0,⭐,İşlem Açma (Yetersiz Güven)
ZGYO,21.58,21.02,22.1,20.8,3279328.0,2.7619047619047534,70767898.24,0.28984857797177926,1.0,-37.44927536231885,-51.176470588235304,6.250000000000003,2026-09-07,-1.56,0.75,0.66,1.22,0,False,0.0,🪤 DÜŞEN BIÇAK TUZAĞI,0.0,21.49333333333334,28.00745661945696,33.77199999999999,False,🎯 İDEAL GİRİŞ BÖLGESİ,0.0,⭐,İşlem Açma (Yetersiz Güven)
FENER,2.94,2.93,2.95,2.86,128698457.0,-4.854368932038832,378373463.58,0.8248264327434788,1.0,-2.325581395348832,-18.1058495821727,8.041958041958042,2026-09-07,-0.39,-2.0,0.24,1.91,0,False,0.0,NÖTR REJİM,0.0,2.9166666666666665,3.1123351997149524,3.107200000000002,False,NORMAL GİRİŞ,0.0,⭐,İşlem Açma (Yetersiz Güven)
FZLGY,8.26,7.96,8.37,7.96,9364377.0,3.379224030037541,77349754.02,0.551227372472539,1.0,-24.220183486238536,-45.65789473684211,5.150753768844212,2026-09-07,-0.99,-1.48,0.72,2.34,0,False,0.0,🪤 DÜŞEN BIÇAK TUZAĞI,0.0,8.196666666666665,9.567192929433293,11.480199999999998,False,🎯 İDEAL GİRİŞ BÖLGESİ,0.0,⭐,İşlem Açma (Yetersiz Güven)
TNZTP,29.0,28.98,29.42,28.68,2676013.0,0.0,77604377.0,0.5081780182247401,1.0,-1.0238907849829375,15.079365079365083,2.5801952580195326,2026-09-07,-1.08,-0.65,0.0,0.05,0,True,0.0,NÖTR REJİM,-35.4,29.033333333333328,29.459681739693853,27.155999999999995,False,NORMAL GİRİŞ,0.0,⭐,İşlem Açma (Yetersiz Güven)
TRENJ,104.3,104.1,105.5,103.7,787972.0,-0.8555133079847963,82185479.6,0.4358693626550401,1.0,2.7586206896551695,15.248618784530384,1.7357762777242016,2026-09-07,-1.24,2.0,0.2,0.2,0,True,0.0,NÖTR REJİM,0.0,104.5,103.41409490970027,97.66899999999991,True,NORMAL GİRİŞ,0.0,⭐,İşlem Açma (Yetersiz Güven)
ISKPL,7.26,7.25,7.34,7.19,11523290.0,0.13793103448275568,83659085.39999999,0.29821688775391264,1.0,-2.811244979919678,-42.05905826017558,2.0862308762169604,2026-09-07,-1.54,-2.0,0.03,0.12,0,False,0.0,🪤 DÜŞEN BIÇAK TUZAĞI,0.0,7.263333333333333,7.913162249048702,7.721599999999999,False,NORMAL GİRİŞ,0.0,⭐,İşlem Açma (Yetersiz Güven)
IMASM,2.23,2.21,2.23,2.19,7894398.0,0.9049773755656116,17604507.54,0.5255985829287636,1.0,-7.851239669421485,-30.312500000000004,1.8264840182648419,2026-09-07,-1.04,-2.0,0.83,3.1,1,False,0.0,🪤 DÜŞEN BIÇAK TUZAĞI,0.0,2.216666666666667,2.357447586750163,2.601199999999999,False,NORMAL GİRİŞ,0.0,⭐,İşlem Açma (Yetersiz Güven)
TEZOL,8.83,8.75,8.89,8.68,1995008.0,0.914285714285715,17615920.64,0.40512013753966486,1.0,-15.259117082533589,-52.7807486631016,2.4193548387096873,2026-09-07,-1.31,-1.97,0.84,1.63,0,False,0.0,🪤 DÜŞEN BIÇAK TUZAĞI,0.0,8.799999999999999,9.757850363606897,12.144200000000026,False,NORMAL GİRİŞ,0.0,⭐,İşlem Açma (Yetersiz Güven)
BIGEN,136.4,136.4,136.4,136.4,102112.0,-9.966996699669965,13928076.8,0.022645637750742964,1.0,30.65134099616858,126.01491300745651,11.07038123167155,2026-09-07,-2.0,-2.0,4.2,0.0,1,False,0.0,NÖTR REJİM,0.0,136.4,152.71654615602685,123.509,False,NORMAL GİRİŞ,0.0,⭐,İşlem Açma (Yetersiz Güven)
SELVA,1.56,1.55,1.56,1.53,8963085.0,1.2987012987012998,13982412.6,0.352695099375024,1.0,-9.302325581395344,-28.44036697247707,1.960784313725492,2026-09-07,-1.42,-2.0,1.31,2.8,1,False,0.0,🪤 DÜŞEN BIÇAK TUZAĞI,0.0,1.55,1.6687834017591154,1.7897999999999987,False,NORMAL GİRİŞ,0.0,⭐,İşlem Açma (Yetersiz Güven)
NATEN,5.14,5.05,5.15,5.04,3257137.0,1.7821782178217795,16741684.18,0.47793269772767893,1.0,-8.377896613190742,-26.988636363636367,2.182539682539689,2026-09-07,-1.15,-2.0,1.45,3.27,2,False,0.0,🪤 DÜŞEN BIÇAK TUZAĞI,0.0,5.11,5.454049770291093,5.9028000000000045,False,NORMAL GİRİŞ,0.0,⭐,İşlem Açma (Yetersiz Güven)
KRONT,24.0,25.18,25.18,23.9,700990.0,-3.2258064516129057,16823760.0,0.5756650196061505,1.0,-2.1207177814029348,16.504854368932033,5.355648535564859,2026-09-07,-0.93,0.7,2.14,0.0,1,True,0.0,🚨 VWAP ALTI (SABAH TUZAĞI),0.0,24.36,24.671756973543328,24.648799999999998,False,NORMAL GİRİŞ,0.0,⭐,İşlem Açma (Yetersiz Güven)
DITAS,20.5,20.62,20.98,20.36,615184.0,-0.4854368932038904,12611272.0,0.1911484351878249,1.0,-17.604501607717037,-54.30227374052608,3.0451866404715178,2026-09-07,-1.78,-0.95,0.65,0.0,0,False,0.0,🪤 DÜŞEN BIÇAK TUZAĞI,0.0,20.613333333333333,23.69184418046328,25.24560000000001,False,NORMAL GİRİŞ,0.0,⭐,İşlem Açma (Yetersiz Güven)
TATEN,7.63,7.65,7.67,7.51,10047575.0,0.13123359580052213,76731904.52,0.38309417386303374,1.0,-25.463414634146346,-45.968882602545975,2.1304926764314267,2026-09-07,-1.36,-2.0,0.03,1.1,0,False,0.0,🪤 DÜŞEN BIÇAK TUZAĞI,0.0,7.606666666666666,8.886422272712727,10.800800000000008,False,NORMAL GİRİŞ,0.0,⭐,İşlem Açma (Yetersiz Güven)
AKHAN,39.78,40.5,40.64,39.16,1852886.0,-0.5499999999999972,73707805.08,0.8844349067887635,1.0,-4.512722035525673,25.647504737839547,3.779366700715026,2026-09-07,-0.25,1.2,0.14,0.0,0,True,0.0,NÖTR REJİM,-43.1,39.86,40.4542254525033,39.86280000000001,False,NORMAL GİRİŞ,0.0,⭐,İşlem Açma (Yetersiz Güven)
BIGTK,318.75,329.25,330.0,313.5,296770.0,-3.4090909090909087,94595437.5,0.27759576642369904,1.0,-14.08355795148248,46.88940092165899,5.2631578947368425,2026-09-07,-1.59,6.0,0.62,0.0,1,True,0.0,NÖTR REJİM,0.0,320.75,338.6790600597345,324.97300000000007,False,NORMAL GİRİŞ,0.0,⭐,İşlem Açma (Yetersiz Güven)
ALARK,112.0,112.5,112.7,111.2,2158705.0,0.0,241774960.0,0.4180061133276672,1.0,11.000991080277498,10.78140454995055,1.3489208633093526,2026-09-07,-1.28,1.25,0.0,0.15,0,True,0.0,NÖTR REJİM,-24.0,111.96666666666665,108.1668088369172,105.22300000000013,True,NORMAL GİRİŞ,0.0,⭐,İşlem Açma (Yetersiz Güven)
TRMET,136.5,135.3,138.4,135.0,1849795.0,-0.5826656955571824,252497017.5,0.30421203738282165,1.0,-0.2921840759678639,13.184079601990055,2.5185185185185226,2026-09-07,-1.53,6.0,0.05,0.64,1,True,0.0,NÖTR REJİM,0.0,136.63333333333333,136.781771664762,128.884,False,NORMAL GİRİŞ,0.0,⭐,İşlem Açma (Yetersiz Güven)
DMRGD,10.68,10.75,11.03,10.65,23717469.0,-0.1869158878504633,253302568.92,0.6782492312195417,1.0,-1.1111111111111203,-0.3731343283582175,3.5680751173708827,2026-09-07,-0.71,-1.55,0.01,0.0,0,True,0.0,NÖTR REJİM,-38.8,10.786666666666667,11.2122603356248,11.707199999999998,False,NORMAL GİRİŞ,0.0,⭐,İşlem Açma (Yetersiz Güven)
GEREL,37.18,38.52,39.06,36.18,6608964.0,-3.4787123572170384,245721281.52,1.218957318628987,1.0,-16.486972147349512,-5.2980132450331086,7.960199004975131,2026-09-07,0.48,4.7,0.26,0.0,0,True,0.0,NÖTR REJİM,0.0,37.473333333333336,39.08337078742581,39.178000000000004,False,NORMAL GİRİŞ,0.0,⭐,İşlem Açma (Yetersiz Güven)
BORLS,3.43,3.85,4.07,3.4,71080185.0,-7.297297297297297,243805034.55,3.7400613508427663,1.0,-36.83241252302025,-41.36752136752136,19.705882352941188,2026-09-07,6.0,-0.82,0.52,0.0,1,False,0.0,🚨 VWAP ALTI (SABAH TUZAĞI),0.0,3.6333333333333333,4.368708335320869,5.355999999999983,False,NORMAL GİRİŞ,0.0,⭐,İşlem Açma (Yetersiz Güven)
LYDYE,12662.5,13037.5,13295.0,12440.0,4323.0,-2.876318312559923,54739987.5,2.1996641734086397,1.0,-1.8410852713178294,-16.598056973489214,6.872990353697749,2026-09-07,2.64,6.0,0.84,0.0,2,False,0.0,🚨 VWAP ALTI (SABAH TUZAĞI),0.0,12799.166666666666,12578.43450950359,13066.549999999994,False,NORMAL GİRİŞ,0.0,⭐,İşlem Açma (Yetersiz Güven)
AAGYO,11.86,11.67,12.08,11.67,4834027.0,1.6281062553556085,57331560.22,0.7502274104436163,1.0,-8.698999230177066,-31.046511627906977,3.5132819194515865,2026-09-07,-0.55,-1.47,0.5,0.83,0,False,0.0,🪤 DÜŞEN BIÇAK TUZAĞI,0.0,11.87,12.616838170764666,13.646000000000004,False,NORMAL GİRİŞ,0.0,⭐,İşlem Açma (Yetersiz Güven)
SNGYO,3.2,3.25,3.26,3.18,18576100.0,-1.234567901234569,59443520.0,0.9008430130437252,1.0,-0.3115264797507722,-11.357340720221599,2.51572327044024,2026-09-07,-0.22,-2.0,0.38,0.0,0,False,0.0,NÖTR REJİM,0.0,3.2133333333333334,3.3146467586257344,3.4250000000000016,False,NORMAL GİRİŞ,0.0,⭐,İşlem Açma (Yetersiz Güven)
CGCAM,32.62,32.68,32.76,31.86,1844482.0,1.3043478260869397,60167002.839999996,0.8225951544948675,1.0,-17.998994469582712,-34.047715325515576,2.8248587570621426,2026-09-07,-0.39,-0.25,0.39,1.52,0,False,0.0,🪤 DÜŞEN BIÇAK TUZAĞI,0.0,32.413333333333334,35.74249236912228,40.20999999999995,False,NORMAL GİRİŞ,0.0,⭐,İşlem Açma (Yetersiz Güven)
SOHOE,10.46,10.41,10.55,10.35,5760771.0,0.38387715930903,60257664.660000004,0.30258635105139203,1.0,-2.1515434985968067,-35.630769230769225,1.9323671497584645,2026-09-07,-1.53,-2.0,0.12,0.67,0,False,0.0,🪤 DÜŞEN BIÇAK TUZAĞI,0.0,10.453333333333333,10.858062809239598,0.0,False,NORMAL GİRİŞ,0.0,⭐,İşlem Açma (Yetersiz Güven)
TAVHL,268.0,268.25,269.5,263.5,1762054.0,-0.09319664492078285,472230472.0,0.40420321760675443,1.0,-2.010968921389397,5.098039215686274,2.2770398481973433,2026-09-07,-1.31,6.0,0.0,1.1,1,True,0.0,NÖTR REJİM,-47.4,267.0,272.5648705393311,272.9900000000001,False,NORMAL GİRİŞ,0.0,⭐,İşlem Açma (Yetersiz Güven)
EMPAE,67.3,68.65,69.1,65.25,3949434.0,-1.3196480938416504,265796908.2,0.37770498237490746,1.0,0.4477611940298465,-50.69597069597069,5.900383141762443,2026-09-07,-1.37,6.0,0.1,0.14,1,False,0.0,🪤 DÜŞEN BIÇAK TUZAĞI,0.0,67.21666666666665,70.1570804309949,69.62119999999997,False,NORMAL GİRİŞ,0.0,⭐,İşlem Açma (Yetersiz Güven)
MIATK,33.76,33.76,33.76,33.76,7329242.0,9.967426710097715,247435209.92,0.43958450278102873,1.0,13.593539703903092,-28.383538396266445,9.063981042654026,2026-09-07,-1.23,-2.0,0.68,0.0,0,False,0.0,🪤 DÜŞEN BIÇAK TUZAĞI,0.0,33.76,30.2514263944416,31.948800000000006,True,⚠️ GEÇ KALINDI (Tepeden Alım Riski),0.0,⭐,İşlem Açma (Yetersiz Güven)
BKRGY,9.2,9.65,9.78,9.17,60057204.0,-4.066736183524511,552526276.8,1.0,1.0,-20.962199312714784,-20.962199312714784,6.652126499454738,2026-09-07,0.0,-0.98,0.14,0.0,0,False,0.0,🚨 VWAP ALTI (SABAH TUZAĞI),0.0,9.383333333333333,0.0,0.0,True,NORMAL GİRİŞ,0.0,⭐,İşlem Açma (Yetersiz Güven)
KUYAS,68.55,68.5,70.25,68.45,8771538.0,-0.21834061135372007,601288929.9,0.8921848848474736,1.0,-1.366906474820148,-6.095890410958908,2.6296566837107336,2026-09-07,-0.24,2.0,0.01,0.05,0,True,0.0,NÖTR REJİM,-45.0,69.08333333333333,66.56173069848612,68.13000000000002,True,NORMAL GİRİŞ,0.0,⭐,İşlem Açma (Yetersiz Güven)
BURVA,622.5,616.5,630.5,585.0,1087157.0,-4.157043879907621,676755232.5,50.70884174782641,1.0,-22.957920792079207,-44.419642857142854,11.025641025641026,2026-09-07,6.0,6.0,0.12,1.66,2,False,0.0,NÖTR REJİM,0.0,612.6666666666666,738.3525078136781,820.3300000000004,False,NORMAL GİRİŞ,0.0,⭐,İşlem Açma (Yetersiz Güven)
ALTIN,74.38,74.69,74.99,74.0,8370315.0,-0.8134417922389645,622584029.6999999,0.39391098652635115,1.0,3.3773453787352223,-2.745815899581601,1.3378378378378308,2026-09-07,-1.33,-0.03,0.03,0.0,0,True,0.0,NÖTR REJİM,0.0,74.45666666666666,74.83043871442737,71.92219999999999,False,NORMAL GİRİŞ,0.0,⭐,İşlem Açma (Yetersiz Güven)
TMPOL,361.5,365.5,378.0,360.5,613892.0,-0.9589041095890412,221921958.0,0.34336547068697926,1.0,-28.273809523809526,-3.920265780730897,4.854368932038835,2026-09-07,-1.44,6.0,0.08,0.0,1,True,0.0,🚨 VWAP ALTI (SABAH TUZAĞI),0.0,366.6666666666667,441.84736547528826,458.1249999999998,False,NORMAL GİRİŞ,0.0,⭐,İşlem Açma (Yetersiz Güven)
GENKM,10.83,11.15,11.23,10.64,20603329.0,-2.869955156950675,223134053.07,0.9188768256832779,1.0,4.1346153846153815,-37.75862068965517,5.545112781954885,2026-09-07,-0.18,-1.03,0.24,0.0,0,False,0.0,🪤 DÜŞEN BIÇAK TUZAĞI,0.0,10.9,10.579295510609397,11.485799999999998,False,NORMAL GİRİŞ,0.0,⭐,İşlem Açma (Yetersiz Güven)
EKIM,17.88,17.62,18.01,17.53,6582585.0,1.5909090909090773,117696619.8,0.4608614422160517,1.0,-1.106194690265483,-37.30715287517532,2.7381631488876237,2026-09-07,-1.19,-1.3,0.25,1.98,0,False,0.0,🪤 DÜŞEN BIÇAK TUZAĞI,0.0,17.80666666666667,18.79027203832479,0.0,False,NORMAL GİRİŞ,0.0,⭐,İşlem Açma (Yetersiz Güven)
SURGY,31.2,29.92,31.48,29.76,3259259.0,4.6979865771812035,101688880.8,0.729138595346367,1.0,-39.76833976833977,-59.42782834850455,5.7795698924731145,2026-09-07,-0.6,1.8,0.76,2.82,0,False,0.0,🪤 DÜŞEN BIÇAK TUZAĞI,0.0,30.813333333333333,36.99588340500631,54.293199999999985,False,🎯 İDEAL GİRİŞ BÖLGESİ,0.0,⭐,İşlem Açma (Yetersiz Güven)
YEOTK,32.28,32.5,32.6,31.82,8970558.0,0.12406947890818594,289569612.24,0.7010882228772284,1.0,-17.40020470829068,-35.21833477516991,2.4512884978001295,2026-09-07,-0.66,-0.55,0.01,0.39,0,False,0.0,🪤 DÜŞEN BIÇAK TUZAĞI,0.0,32.233333333333334,35.22542530261305,38.55717947120001,False,NORMAL GİRİŞ,0.0,⭐,İşlem Açma (Yetersiz Güven)
CANTE,1.32,1.33,1.34,1.29,237709424.0,-0.7518796992481209,313776439.68,0.48067693297752034,1.0,10.924369747899169,-13.725490196078429,3.8759689922480653,2026-09-07,-1.14,-2.0,0.05,0.44,0,False,0.0,NÖTR REJİM,0.0,1.3166666666666667,1.2738328797821947,1.2583999999999977,True,NORMAL GİRİŞ,0.0,⭐,İşlem Açma (Yetersiz Güven)
KARCL,182.0,181.6,187.0,179.0,1730984.0,-1.56841535965387,315039088.0,0.2068526877857366,1.0,258.974358974359,372.72727272727275,4.4692737430167595,2026-09-07,-1.74,6.0,0.1,0.09,1,False,0.0,NÖTR REJİM,0.0,182.66666666666666,125.95218065623212,0.0,True,NORMAL GİRİŞ,0.0,⭐,İşlem Açma (Yetersiz Güven)
RALYH,267.25,271.75,277.0,266.5,1188691.0,-1.4746543778801844,317677669.75,0.5632313872223537,1.0,10.160758450123662,12.763713080168776,3.9399624765478425,2026-09-07,-0.96,6.0,0.09,0.0,1,True,0.0,🚨 VWAP ALTI (SABAH TUZAĞI),-46.1,270.25,260.1011403018689,241.9780000000001,True,NORMAL GİRİŞ,0.0,⭐,İşlem Açma (Yetersiz Güven)
TRHOL,3557.5,3625.0,3662.5,3550.0,89534.0,-1.862068965517241,318286260.0,0.24336245299958842,1.0,91.64420485175202,113.25734853029394,3.1690140845070425,2026-09-07,-1.66,6.0,0.11,0.0,1,False,0.0,NÖTR REJİM,0.0,3589.1666666666665,2874.892048274032,2130.979999999999,True,NORMAL GİRİŞ,0.0,⭐,İşlem Açma (Yetersiz Güven)
SKBNK,6.22,6.25,6.27,6.19,51929226.0,-0.3205128205128279,322999785.71999997,0.3705303629830543,1.0,-0.480000000000004,-52.08012326656395,1.292407108239082,2026-09-07,-1.38,-2.0,0.02,0.0,0,False,0.0,🪤 DÜŞEN BIÇAK TUZAĞI,0.0,6.226666666666667,6.767614705474474,10.632400000000002,False,NORMAL GİRİŞ,0.0,⭐,İşlem Açma (Yetersiz Güven)
BTCIM,3.89,3.84,4.01,3.81,139502908.0,1.8324607329843006,542666312.12,1.2112743128803956,1.0,-22.817460317460313,-35.808580858085804,5.2493438320209895,2026-09-07,0.46,-2.0,0.07,0.45,0,False,0.0,🪤 DÜŞEN BIÇAK TUZAĞI,0.0,3.903333333333334,4.381771961734073,5.013600000000003,False,NORMAL GİRİŞ,0.0,⭐,İşlem Açma (Yetersiz Güven)
MEYSU,11.1,11.06,11.2,11.01,4816884.0,0.6346328195829581,53467412.4,0.3316626460869021,1.0,3.5447761194029757,-38.84297520661157,1.7257039055404133,2026-09-07,-1.47,-2.0,0.22,0.38,0,False,0.0,🪤 DÜŞEN BIÇAK TUZAĞI,0.0,11.103333333333333,11.796991132606584,12.277600000000007,False,NORMAL GİRİŞ,0.0,⭐,İşlem Açma (Yetersiz Güven)
BALSU,8.6,8.73,8.92,8.5,39679984.0,-0.9216589861751161,341247862.4,0.8566660428488809,1.0,-36.95014662756599,-38.615274803711635,4.941176470588235,2026-09-07,-0.32,-1.45,0.05,0.0,0,False,0.0,🪤 DÜŞEN BIÇAK TUZAĞI,0.0,8.673333333333334,10.613817792534899,13.470400000000005,False,NORMAL GİRİŞ,0.0,⭐,İşlem Açma (Yetersiz Güven)
AYGAZ,323.25,326.25,328.0,319.5,1048570.0,-0.7674597083653107,338950252.5,0.976447170843567,1.0,10.702054794520548,38.14102564102564,2.6604068857589986,2026-09-07,-0.05,6.0,0.04,0.0,1,True,0.0,NÖTR REJİM,0.0,323.5833333333333,316.68446987623577,280.2879999999999,True,NORMAL GİRİŞ,0.0,⭐,İşlem Açma (Yetersiz Güven)
BULGS,31.64,31.7,32.16,31.48,1481444.0,-0.06317119393556403,46872888.160000004,0.43213822785300476,1.0,-13.17233809001097,-23.01703163017032,2.1601016518424276,2026-09-07,-1.25,-0.8,0.03,0.0,0,False,0.0,NÖTR REJİM,-29.4,31.760000000000005,33.453092607850174,36.74039999999999,False,NORMAL GİRİŞ,0.0,⭐,İşlem Açma (Yetersiz Güven)
ENJSA,113.3,113.7,114.3,112.2,2009664.0,-0.3518029903254228,227694931.2,0.4257843899565882,1.0,-0.8748906386701663,5.986903648269402,1.87165775401069,2026-09-07,-1.26,2.75,0.03,0.1,0,True,0.0,NÖTR REJİM,0.0,113.26666666666667,111.71951002298539,108.27200000000008,True,NORMAL GİRİŞ,0.0,⭐,İşlem Açma (Yetersiz Güven)
EGEEN,5047.5,5145.0,5152.5,5005.0,9488.0,-1.799610894941634,47890680.0,0.8241261899798485,1.0,-3.4894837476099427,-14.30390492359932,2.947052947052947,2026-09-07,-0.39,6.0,0.64,0.0,1,False,0.0,NÖTR REJİM,0.0,5068.333333333333,5124.579756765204,5336.749999999983,False,NORMAL GİRİŞ,0.0,⭐,İşlem Açma (Yetersiz Güven)
KLYPV,61.9,62.4,62.8,61.75,778544.0,-0.5622489959839381,48191873.6,0.20614513984760527,1.0,5.272108843537417,-0.3220611916264136,1.7004048582995905,2026-09-07,-1.75,0.12,0.22,0.0,0,True,0.0,NÖTR REJİM,0.0,62.15,61.53385976778019,60.652,True,NORMAL GİRİŞ,0.0,⭐,İşlem Açma (Yetersiz Güven)
TRGYO,93.1,94.05,94.35,92.45,548100.0,-1.010101010101013,51028110.0,0.44643511663025787,1.0,1.2506797172376198,-5.289928789420145,2.0551649540291956,2026-09-07,-1.22,2.25,0.36,0.0,0,True,0.0,NÖTR REJİM,0.0,93.3,94.67664585084695,95.92699999999999,False,NORMAL GİRİŞ,0.0,⭐,İşlem Açma (Yetersiz Güven)
CATES,65.2,71.95,71.95,64.8,3658399.0,-9.44444444444444,238527614.8,1.1483345127223346,1.0,32.89849164288626,60.987654320987666,11.111111111111114,2026-09-07,0.33,6.0,0.67,0.0,1,False,0.0,🚨 VWAP ALTI (SABAH TUZAĞI),0.0,67.31666666666666,62.64972173581994,51.5266,True,NORMAL GİRİŞ,0.0,⭐,İşlem Açma (Yetersiz Güven)
EGEPO,14.36,13.9,14.4,13.25,3585705.0,3.012912482065997,51490723.8,0.8678656590270779,1.0,-23.819628647214863,-26.358974358974358,8.67924528301887,2026-09-07,-0.29,0.38,0.92,2.77,0,False,0.0,🪤 DÜŞEN BIÇAK TUZAĞI,0.0,14.003333333333332,16.50038596874154,17.869199999999992,False,🎯 İDEAL GİRİŞ BÖLGESİ,0.0,⭐,İşlem Açma (Yetersiz Güven)
SMRVA,10.5,10.4,10.52,10.29,4905779.0,0.9615384615384581,51510679.5,0.541899739525138,1.0,-7.4074074074074066,-29.29292929292929,2.2351797862001987,2026-09-07,-1.01,-1.92,0.34,2.6,0,False,0.0,🪤 DÜŞEN BIÇAK TUZAĞI,0.0,10.436666666666666,11.291403288256241,12.19680000000001,False,NORMAL GİRİŞ,0.0,⭐,İşlem Açma (Yetersiz Güven)
DGATE,95.45,87.95,98.2,87.95,544199.0,6.886898096304598,51943794.550000004,1.9289765275523008,1.0,-11.53846153846154,-26.236476043276664,11.654349061967027,2026-09-07,2.04,6.0,1.69,2.34,3,False,0.0,🪤 DÜŞEN BIÇAK TUZAĞI,0.0,93.86666666666667,98.76458877569881,105.35899999999998,False,NORMAL GİRİŞ,0.0,⭐,İşlem Açma (Yetersiz Güven)
UCAYM,22.02,21.9,22.5,21.72,2380844.0,0.27322404371584114,52426184.88,0.378549704432047,1.0,-17.835820895522392,-41.560509554140125,3.5911602209944804,2026-09-07,-1.37,-0.55,0.1,0.28,0,False,0.0,🪤 DÜŞEN BIÇAK TUZAĞI,0.0,22.08,24.74438810420816,27.604400000000005,False,NORMAL GİRİŞ,0.0,⭐,İşlem Açma (Yetersiz Güven)
ALVES,1.28,1.25,1.28,1.22,41739410.0,3.2258064516129057,53426444.800000004,0.3458073467810957,1.0,-36.0,-52.94117647058824,4.9180327868852505,2026-09-07,-1.44,-2.0,0.94,3.1,1,False,0.0,🪤 DÜŞEN BIÇAK TUZAĞI,0.0,1.26,1.623816796035778,2.0899999999999963,False,🎯 İDEAL GİRİŞ BÖLGESİ,0.0,⭐,İşlem Açma (Yetersiz Güven)
ENERY,10.68,11.1,11.18,10.67,42205686.0,-3.2608695652173862,450756726.47999996,0.8101167384678581,1.0,26.991676575505345,20.677966101694917,4.779756326148076,2026-09-07,-0.42,-1.23,0.14,0.0,0,False,0.0,🚨 VWAP ALTI (SABAH TUZAĞI),0.0,10.843333333333334,9.74464065444008,9.437200000000008,True,NORMAL GİRİŞ,0.0,⭐,İşlem Açma (Yetersiz Güven)
KARTN,158.0,160.2,161.1,157.0,255362.0,-1.25,40347196.0,0.29302093311565114,1.0,-12.222222222222221,17.647058823529402,2.6114649681528626,2026-09-07,-1.56,6.0,0.54,0.0,1,True,0.0,NÖTR REJİM,0.0,158.70000000000002,169.43927737822418,183.79800000000017,False,NORMAL GİRİŞ,0.0,⭐,İşlem Açma (Yetersiz Güven)
SSAAT,32.96,32.68,33.06,32.5,1426673.0,0.8567931456548383,47023142.08,0.349296051205268,1.0,-14.919979349509553,-38.96296296296296,1.72307692307693,2026-09-07,-1.43,-1.1,0.33,2.31,0,False,0.0,🪤 DÜŞEN BIÇAK TUZAĞI,0.0,32.84,36.406802880014524,0.0,False,NORMAL GİRİŞ,0.0,⭐,İşlem Açma (Yetersiz Güven)
VBTYZ,37.76,39.1,40.0,37.5,1073996.0,-3.1794871794871846,40554088.96,0.3774495344754163,1.0,24.538258575197883,22.836694860117113,6.666666666666667,2026-09-07,-1.37,3.75,1.16,0.0,1,False,0.0,🚨 VWAP ALTI (SABAH TUZAĞI),0.0,38.419999999999995,36.19706077452027,32.51760000000001,True,NORMAL GİRİŞ,0.0,⭐,İşlem Açma (Yetersiz Güven)
VAKFA,11.12,11.18,11.2,11.08,3657011.0,-0.53667262969589,40665962.32,0.4449840886117501,1.0,-0.08984725965859446,-9.00163666121114,1.0830324909747222,2026-09-07,-1.22,-2.0,0.25,0.0,0,True,0.0,NÖTR REJİM,0.0,11.133333333333335,11.177681695491902,11.338199999999995,False,NORMAL GİRİŞ,0.0,⭐,İşlem Açma (Yetersiz Güven)
REEDR,5.56,5.51,5.58,5.48,7384780.0,1.4598540145985253,41059376.8,0.6576820847317473,1.0,-9.59349593495936,-25.568942436412318,1.8248175182481685,2026-09-07,-0.75,-2.0,0.61,2.22,0,False,0.0,🪤 DÜŞEN BIÇAK TUZAĞI,0.0,5.54,5.870343352830918,6.314999999999978,False,NORMAL GİRİŞ,0.0,⭐,İşlem Açma (Yetersiz Güven)
ICUGS,3.97,4.08,4.09,3.88,10257017.0,-1.4888337468982642,40720357.49,0.6793455864281269,1.0,-26.75276752767527,-28.597122302158265,5.412371134020618,2026-09-07,-0.71,-1.98,0.62,0.0,0,False,0.0,🪤 DÜŞEN BIÇAK TUZAĞI,0.0,3.9799999999999995,4.835556495415215,5.403200000000005,False,NORMAL GİRİŞ,0.0,⭐,İşlem Açma (Yetersiz Güven)
ARFYE,19.72,19.05,19.84,19.05,2117336.0,3.5170603674540586,41753865.919999994,0.7219452836631057,1.0,-36.99680511182109,-37.476220672162334,4.146981627296583,2026-09-07,-0.61,-0.53,1.22,3.06,1,False,0.0,🪤 DÜŞEN BIÇAK TUZAĞI,0.0,19.536666666666665,21.751195505181617,26.905799999999985,False,🎯 İDEAL GİRİŞ BÖLGESİ,0.0,⭐,İşlem Açma (Yetersiz Güven)
TRCAS,48.38,49.5,49.9,48.38,872271.0,-1.666666666666667,42200470.980000004,0.980656599696563,1.0,9.854677565849236,9.705215419501137,3.1417941298056964,2026-09-07,-0.04,1.3,0.67,0.0,0,True,0.0,🚨 VWAP ALTI (SABAH TUZAĞI),-42.9,48.88666666666666,46.82300867056872,44.75920000000001,True,NORMAL GİRİŞ,0.0,⭐,İşlem Açma (Yetersiz Güven)
TUREX,6.07,6.0,6.11,5.97,6986185.0,1.5050167224080242,42406142.95,0.5175731125265571,1.0,-8.721804511278195,-27.13085234093637,2.345058626465671,2026-09-07,-1.06,-2.0,0.61,1.84,0,False,0.0,🪤 DÜŞEN BIÇAK TUZAĞI,0.0,6.05,6.4560584961693435,6.784399999999994,False,NORMAL GİRİŞ,0.0,⭐,İşlem Açma (Yetersiz Güven)
RUZYE,8.39,8.06,8.43,7.99,4965670.0,3.965303593556385,41661971.300000004,0.8855307183486705,1.0,-3.5632183908045834,-26.07929515418501,5.506883604505625,2026-09-07,-0.25,-1.4,1.34,3.15,2,False,0.0,🪤 DÜŞEN BIÇAK TUZAĞI,0.0,8.270000000000001,8.65355596364271,8.9682,False,🎯 İDEAL GİRİŞ BÖLGESİ,0.0,⭐,İşlem Açma (Yetersiz Güven)
LINK,5.27,5.22,5.3,5.2,8068412.0,0.9578544061302648,42520531.239999995,0.610400208796448,1.0,-11.12984822934233,-26.086956521739136,1.9230769230769162,2026-09-07,-0.86,-2.0,0.41,1.78,0,False,0.0,🪤 DÜŞEN BIÇAK TUZAĞI,0.0,5.256666666666667,5.540347157597523,6.096600000000002,False,NORMAL GİRİŞ,0.0,⭐,İşlem Açma (Yetersiz Güven)
OZATD,4577.5,4677.5,4677.5,4577.5,19051.0,-2.19017094017094,87205952.5,0.034009385383586985,1.0,2.3476802683063163,214.60481099656357,2.239213544511196,2026-09-07,-2.0,6.0,0.45,0.0,1,True,0.0,NÖTR REJİM,0.0,4610.833333333333,4484.864813491383,3574.16,True,NORMAL GİRİŞ,0.0,⭐,İşlem Açma (Yetersiz Güven)
MAVI,36.22,36.22,36.48,35.96,2428908.0,0.0,87975047.75999999,0.6099048482266238,1.0,-6.019719771665803,-18.60674157303371,1.4460511679643937,2026-09-07,-0.86,-1.2,0.0,0.0,0,False,0.0,NÖTR REJİM,0.0,36.22,37.60716074851435,38.70480000000005,False,NORMAL GİRİŞ,0.0,⭐,İşlem Açma (Yetersiz Güven)
CEMZY,14.4,14.5,14.5,14.2,6252745.0,-0.6896551724137907,90039528.0,0.13980412158598265,1.0,16.129032258064516,8.27067669172932,2.1126760563380333,2026-09-07,-1.89,-1.75,0.15,0.73,0,True,0.0,NÖTR REJİM,0.0,14.366666666666667,14.920956095111638,13.929800000000007,False,NORMAL GİRİŞ,0.0,⭐,İşlem Açma (Yetersiz Güven)
MPARK,424.25,427.75,429.25,422.0,222202.0,-0.5858230814294083,94269198.5,0.38878591928757983,1.0,4.430769230769231,-6.758241758241758,1.7180094786729858,2026-09-07,-1.34,6.0,0.12,0.0,1,True,0.0,NÖTR REJİM,0.0,425.1666666666667,426.31343356932734,421.69000000000153,False,NORMAL GİRİŞ,0.0,⭐,İşlem Açma (Yetersiz Güven)
OSTIM,1.58,1.53,1.58,1.52,8936682.0,3.947368421052635,14119957.56,0.8330154069151005,1.0,0.6369426751592362,-26.448195462337797,3.947368421052635,2026-09-07,-0.37,-2.0,2.67,3.7,2,False,0.0,🪤 DÜŞEN BIÇAK TUZAĞI,0.0,1.5599999999999998,1.5841529949258522,1.672,False,🎯 İDEAL GİRİŞ BÖLGESİ,0.0,⭐,İşlem Açma (Yetersiz Güven)
FORMT,1.48,1.48,1.51,1.46,9551350.0,0.680272108843538,14135998.0,0.5878560420819354,1.0,-14.450867052023122,-34.22222222222222,3.4246575342465784,2026-09-07,-0.91,-2.0,0.79,0.0,0,False,0.0,🪤 DÜŞEN BIÇAK TUZAĞI,0.0,1.4833333333333332,1.6220220728267098,1.8251999999999982,False,NORMAL GİRİŞ,0.0,⭐,İşlem Açma (Yetersiz Güven)
DARDL,1.58,1.58,1.59,1.55,10777222.0,0.6369426751592362,17028010.76,0.6188077010361271,1.0,-4.242424242424233,-29.46428571428572,2.5806451612903247,2026-09-07,-0.84,-2.0,0.64,1.1,0,False,0.0,🪤 DÜŞEN BIÇAK TUZAĞI,0.0,1.5733333333333333,1.6500495738225218,1.7679999999999998,False,NORMAL GİRİŞ,0.0,⭐,İşlem Açma (Yetersiz Güven)
DUNYH,120.6,120.5,123.0,117.8,312304.0,-2.030869212022746,37663862.4,0.2258558293127461,1.0,-19.760479041916177,4.235090751944677,4.499151103565363,2026-09-07,-1.7,6.0,0.86,0.2,1,True,0.0,NÖTR REJİM,0.0,120.46666666666664,143.02427179504687,143.88600000000008,False,NORMAL GİRİŞ,0.0,⭐,İşlem Açma (Yetersiz Güven)
AKENR,10.35,10.2,10.4,10.18,3605274.0,1.769911504424776,37314585.9,0.4013217476190432,1.0,2.780536246276061,-27.62237762237763,2.259332023575643,2026-09-07,-1.32,-1.95,0.78,2.43,0,False,0.0,🪤 DÜŞEN BIÇAK TUZAĞI,0.0,10.310000000000002,10.440474569288375,10.617200000000018,False,NORMAL GİRİŞ,0.0,⭐,İşlem Açma (Yetersiz Güven)
ALFAS,39.66,38.88,39.66,38.38,929671.0,2.8526970954356696,36870751.86,0.5300097373870053,1.0,-6.506364922206518,-38.03125000000001,3.335070349140161,2026-09-07,-1.03,0.7,1.15,3.3,2,False,0.0,🪤 DÜŞEN BIÇAK TUZAĞI,0.0,39.23333333333333,40.77792661448441,43.16359999999986,False,🎯 İDEAL GİRİŞ BÖLGESİ,0.0,⭐,İşlem Açma (Yetersiz Güven)
ELITE,26.38,26.44,26.44,25.78,1392803.0,0.9954058192955513,36742143.14,0.7657307212119998,1.0,-8.083623693379792,-32.49744114636643,2.5601241272304116,2026-09-07,-0.52,-0.85,0.48,1.8,0,False,0.0,🪤 DÜŞEN BIÇAK TUZAĞI,0.0,26.200000000000003,27.63040603692684,29.60399999999995,False,NORMAL GİRİŞ,0.0,⭐,İşlem Açma (Yetersiz Güven)
KAREL,8.03,8.11,8.18,8.03,4521765.0,-0.8641975308642011,36309772.949999996,0.48813215860019854,1.0,-9.470124013528748,-31.42613151152862,1.8679950186799548,2026-09-07,-1.13,-2.0,0.43,0.0,0,False,0.0,🪤 DÜŞEN BIÇAK TUZAĞI,0.0,8.08,8.8051923663206,9.66239999999999,False,NORMAL GİRİŞ,0.0,⭐,İşlem Açma (Yetersiz Güven)
EGEGY,25.24,25.7,26.2,24.94,1763714.0,-1.7133956386292886,44516141.36,0.35041566155833814,1.0,-14.14965986394558,-12.42192921582235,5.052125100240569,2026-09-07,-1.43,0.65,0.65,0.0,0,False,0.0,NÖTR REJİM,0.0,25.459999999999997,28.572676908764848,29.89799999999999,False,NORMAL GİRİŞ,0.0,⭐,İşlem Açma (Yetersiz Güven)
DOGUB,68.0,63.5,71.7,62.0,625576.0,2.5641025641025683,42539168.0,1.524875733460216,1.0,-12.258064516129032,-33.65853658536585,15.645161290322584,2026-09-07,1.15,6.0,0.94,1.36,2,False,0.0,🪤 DÜŞEN BIÇAK TUZAĞI,0.0,67.23333333333333,71.05935268018168,79.16199999999996,False,🎯 İDEAL GİRİŞ BÖLGESİ,0.0,⭐,İşlem Açma (Yetersiz Güven)
QUAGR,3.06,3.08,3.09,3.03,12354931.0,-0.3257328990227944,37806088.86,0.3000611518570903,1.0,-7.552870090634441,-24.06947890818859,1.9801980198019822,2026-09-07,-1.54,-2.0,0.17,0.0,0,False,0.0,NÖTR REJİM,0.0,3.06,3.2622357443919188,3.459199999999998,False,NORMAL GİRİŞ,0.0,⭐,İşlem Açma (Yetersiz Güven)
TKFEN,204.9,211.5,213.3,204.3,1938291.0,-2.798861480075904,397155825.90000004,0.38954024029858825,1.0,4.969262295081976,41.995841995841985,4.405286343612334,2026-09-07,-1.34,6.0,0.14,0.0,1,True,0.0,🚨 VWAP ALTI (SABAH TUZAĞI),0.0,207.5,209.32443269646788,179.61,False,NORMAL GİRİŞ,0.0,⭐,İşlem Açma (Yetersiz Güven)
SMRTG,8.59,8.41,8.7,8.27,11937175.0,0.5854800936768234,102540333.25,0.46052669168288757,1.0,-19.944082013047534,-25.756266205704414,5.199516324062874,2026-09-07,-1.19,-1.43,0.11,1.83,0,False,0.0,🪤 DÜŞEN BIÇAK TUZAĞI,0.0,8.52,9.9143589440924,10.748600000000005,False,NORMAL GİRİŞ,0.0,⭐,İşlem Açma (Yetersiz Güven)
KBORU,17.34,17.64,17.93,16.76,5976313.0,-1.4772727272727362,103629267.42,0.2785934836993985,1.0,-28.641975308641978,-28.700657894736842,6.980906921241038,2026-09-07,-1.59,0.42,0.27,0.0,0,False,0.0,🪤 DÜŞEN BIÇAK TUZAĞI,0.0,17.343333333333334,21.15899976359679,24.116799999999994,False,NORMAL GİRİŞ,0.0,⭐,İşlem Açma (Yetersiz Güven)
MARMR,2.17,2.19,2.22,2.12,47918087.0,-0.45871559633028575,103982248.78999999,1.048994178230797,1.0,-4.824561403508767,-14.229249011857704,4.7169811320754755,2026-09-07,0.11,-2.0,0.09,0.0,0,False,0.0,NÖTR REJİM,0.0,2.17,2.308546078068698,2.3126000000000038,False,NORMAL GİRİŞ,0.0,⭐,İşlem Açma (Yetersiz Güven)
HRKET,88.7,89.5,91.1,86.55,1646465.0,-0.3370786516853901,146041445.5,1.5422792552426665,1.0,-9.165386584741425,-26.08333333333333,5.257076834199881,2026-09-07,1.19,6.0,0.05,0.0,2,False,0.0,🪤 DÜŞEN BIÇAK TUZAĞI,0.0,88.7833333333333,95.17263344046827,97.83700000000003,False,NORMAL GİRİŞ,0.0,⭐,İşlem Açma (Yetersiz Güven)
AYDEM,25.64,26.14,26.14,25.48,1480674.0,-1.3846153846153824,37964481.36,0.5470063152686931,1.0,7.101086048454467,-1.7624521072796966,2.590266875981162,2026-09-07,-1.0,-0.85,0.62,0.0,0,True,0.0,NÖTR REJİM,0.0,25.753333333333334,26.202396010306586,25.738400000000027,False,NORMAL GİRİŞ,0.0,⭐,İşlem Açma (Yetersiz Güven)
YUNSA,7.47,7.4,7.55,7.35,5171705.0,1.4945652173912967,38632636.35,1.0709085429623764,1.0,-13.741339491916865,-26.62082514734774,2.7210884353741522,2026-09-07,0.16,-2.0,0.65,1.07,0,False,0.0,🪤 DÜŞEN BIÇAK TUZAĞI,0.0,7.456666666666666,8.143230007771274,8.759999999999996,False,NORMAL GİRİŞ,0.0,⭐,İşlem Açma (Yetersiz Güven)
LMKDC,22.46,21.94,22.48,21.82,1729021.0,2.3701002734731063,38786690.58,0.43125377254621955,1.0,-8.02620802620803,-25.57985420808482,3.024747937671861,2026-09-07,-1.25,-0.85,0.95,3.48,1,False,0.0,🪤 DÜŞEN BIÇAK TUZAĞI,0.0,22.25333333333333,23.60779162768802,24.26920000000002,False,🎯 İDEAL GİRİŞ BÖLGESİ,0.0,⭐,İşlem Açma (Yetersiz Güven)
AKFYE,22.24,22.5,22.66,21.82,5079093.0,-0.9795191451469386,112959028.32,0.9010227032453307,1.0,-8.852459016393443,-23.31034482758621,3.8496791934005494,2026-09-07,-0.22,-0.4,0.17,0.0,0,False,0.0,NÖTR REJİM,0.0,22.24,23.127944940416597,23.955199999999994,False,NORMAL GİRİŞ,0.0,⭐,İşlem Açma (Yetersiz Güven)
BRKVY,88.95,90.7,93.0,88.3,449243.0,-1.9294377067254687,39960164.85,0.5383235415039238,1.0,15.820312500000007,-4.6112600536193,5.3227633069082705,2026-09-07,-1.02,6.0,0.79,0.0,1,True,0.0,🚨 VWAP ALTI (SABAH TUZAĞI),0.0,90.08333333333333,84.5450403999803,81.63799999999988,True,NORMAL GİRİŞ,0.0,⭐,İşlem Açma (Yetersiz Güven)
INVES,738.0,765.0,770.0,732.5,46593.0,-3.5294117647058822,34385634.0,0.44040583918423826,1.0,-2.251655629139073,15.85557299843014,5.1194539249146755,2026-09-07,-1.23,6.0,1.41,0.0,2,True,0.0,🚨 VWAP ALTI (SABAH TUZAĞI),0.0,746.8333333333334,784.2059377657527,728.4599999999997,False,NORMAL GİRİŞ,0.0,⭐,İşlem Açma (Yetersiz Güven)
PGSUS,148.7,148.7,149.2,147.8,4734300.0,0.0,703990410.0,0.4209015534710588,1.0,-3.8784744667097613,-12.734741784037569,0.947225981055465,2026-09-07,-1.27,1.0,0.0,0.63,0,False,0.0,NÖTR REJİM,0.0,148.56666666666666,151.07276961698616,158.46000000000015,False,NORMAL GİRİŞ,0.0,⭐,İşlem Açma (Yetersiz Güven)
PASEU,147.2,152.0,163.0,145.0,5774810.0,-7.070707070707082,850052031.9999999,0.49970664740392085,1.0,-16.8361581920904,36.29629629629629,12.413793103448276,2026-09-07,-1.1,6.0,0.16,0.0,1,True,0.0,🚨 VWAP ALTI (SABAH TUZAĞI),0.0,151.73333333333332,190.84255721941932,151.037,False,NORMAL GİRİŞ,0.0,⭐,İşlem Açma (Yetersiz Güven)
RGYAS,196.5,202.1,203.2,195.0,4548925.0,-3.6764705882352944,893863762.5,2.0077046107173557,1.0,-2.7709054923305265,0.30627871362939985,4.615384615384615,2026-09-07,2.22,6.0,0.08,0.0,2,True,0.0,NÖTR REJİM,0.0,198.23333333333335,204.95950858575748,201.72000000000003,False,NORMAL GİRİŞ,0.0,⭐,İşlem Açma (Yetersiz Güven)
TTKOM,51.9,51.9,52.05,51.45,19261349.0,0.0,999664013.1,0.5816088597863798,1.0,-3.4418604651162816,-19.534883720930235,1.1661807580174817,2026-09-07,-0.92,-1.0,0.0,1.1,0,False,0.0,NÖTR REJİM,-35.2,51.800000000000004,52.93484060400927,55.27700000000002,False,NORMAL GİRİŞ,0.0,⭐,İşlem Açma (Yetersiz Güven)
VAKBN,33.16,33.62,33.78,32.94,34634157.0,-1.3682331945270698,1148468646.12,0.4685820285841751,1.0,7.0367979341510525,1.4067278287461582,2.5500910746812493,2026-09-07,-1.17,-0.4,0.02,0.0,0,True,0.0,NÖTR REJİM,0.0,33.29333333333333,32.13556498254553,31.298,True,NORMAL GİRİŞ,0.0,⭐,İşlem Açma (Yetersiz Güven)
MARKA,82.55,83.2,85.0,80.6,431050.0,-0.7812500000000068,35583177.5,0.8719006868607266,1.0,1.7879161528976608,37.12624584717607,5.459057071960305,2026-09-07,-0.28,6.0,0.4,0.0,1,True,0.0,NÖTR REJİM,0.0,82.71666666666665,85.36242368276756,84.87100000000008,False,NORMAL GİRİŞ,0.0,⭐,İşlem Açma (Yetersiz Güven)
ALGYO,3.53,3.59,3.59,3.5,10166762.0,-1.3966480446927447,35888669.86,0.4191886122766605,1.0,5.3731343283582005,-49.42693409742121,2.571428571428567,2026-09-07,-1.28,-2.0,0.66,0.0,0,False,0.0,🪤 DÜŞEN BIÇAK TUZAĞI,0.0,3.5399999999999996,3.5987011986148234,3.5706,False,NORMAL GİRİŞ,0.0,⭐,İşlem Açma (Yetersiz Güven)
ANSGR,25.9,26.1,26.12,25.82,1388804.0,-1.0695187165775444,35970023.6,0.2939659181705183,1.0,-8.221119773210491,-5.128205128205137,1.3942680092951178,2026-09-07,-1.55,-1.75,0.52,0.0,0,True,0.0,NÖTR REJİM,0.0,25.946666666666665,27.274038651053594,27.601599999999998,False,NORMAL GİRİŞ,0.0,⭐,İşlem Açma (Yetersiz Güven)
BMSTL,43.22,43.5,43.62,43.02,711790.0,-0.04625346901018299,30763563.8,0.3853835261550396,1.0,-11.069958847736629,1.6941176470588208,1.3947001394700007,2026-09-07,-1.35,-1.0,0.03,0.0,0,True,0.0,NÖTR REJİM,0.0,43.28666666666667,44.52681102078508,44.85529999999992,False,NORMAL GİRİŞ,0.0,⭐,İşlem Açma (Yetersiz Güven)
ARMGD,185.8,186.2,187.7,183.5,563411.0,-0.05379236148466612,104681763.80000001,0.7465974096464492,1.0,-6.1616161616161556,48.04780876494025,2.2888283378746532,2026-09-07,-0.56,6.0,0.01,0.21,1,True,0.0,NÖTR REJİM,0.0,185.66666666666666,194.1260948334435,192.4,False,NORMAL GİRİŞ,0.0,⭐,İşlem Açma (Yetersiz Güven)
BINHO,9.39,9.4,9.54,9.17,15848370.0,-0.21253985122209962,148816194.3,0.5304261438131099,1.0,-3.2955715756951625,2.9605263157894885,4.034896401308607,2026-09-07,-1.03,-1.58,0.03,0.42,0,True,0.0,NÖTR REJİM,-14.8,9.366666666666667,10.052568572332234,10.236799999999967,False,NORMAL GİRİŞ,0.0,⭐,İşlem Açma (Yetersiz Güven)
DAPGM,7.84,7.65,7.85,7.6,19293152.0,2.4836601307189476,151258311.68,0.19145806523949097,1.0,-9.048723897911827,-29.999999999999996,3.2894736842105265,2026-09-07,-1.78,-1.88,0.3,3.39,1,False,0.0,🪤 DÜŞEN BIÇAK TUZAĞI,0.0,7.763333333333332,8.281424344673514,8.880199999999993,False,🎯 İDEAL GİRİŞ BÖLGESİ,0.0,⭐,İşlem Açma (Yetersiz Güven)
BAHKM,167.8,176.2,176.2,155.2,2271776.0,-1.9286966686148352,381204012.8,1.140122700741228,1.0,43.29632792485057,43.17406143344711,13.530927835051548,2026-09-07,0.31,6.0,0.1,0.44,1,False,0.0,NÖTR REJİM,0.0,166.4,145.60056607934195,126.78399999999996,True,NORMAL GİRİŞ,0.0,⭐,İşlem Açma (Yetersiz Güven)
AKSGY,9.88,9.96,9.98,9.82,3230336.0,-0.8032128514056232,31915719.680000003,0.5446028984123342,1.0,1.2295081967213217,7.158351409978309,1.6293279022403273,2026-09-07,-1.0,-2.0,0.45,0.0,0,True,0.0,NÖTR REJİM,0.0,9.893333333333333,9.922719073021407,9.696600000000014,False,NORMAL GİRİŞ,0.0,⭐,İşlem Açma (Yetersiz Güven)
KONYA,3837.5,3877.5,3930.0,3810.0,8244.0,-0.967741935483871,31636350.0,0.5682930528173383,1.0,5.570839064649244,0.7879185817465528,3.1496062992125986,2026-09-07,-0.95,6.0,0.53,0.0,1,True,0.0,NÖTR REJİM,0.0,3859.1666666666665,3798.4925316604513,3809.79999999999,True,NORMAL GİRİŞ,0.0,⭐,İşlem Açma (Yetersiz Güven)
ZERGY,9.58,9.51,9.76,9.5,3247163.0,0.8421052631578954,31107821.54,0.16043017713764482,1.0,7.039106145251406,-38.39228295819936,2.7368421052631557,2026-09-07,-1.85,-1.85,0.48,0.48,0,False,0.0,🪤 DÜŞEN BIÇAK TUZAĞI,0.0,9.613333333333332,9.512136488556758,9.751200000000017,False,NORMAL GİRİŞ,0.0,⭐,İşlem Açma (Yetersiz Güven)
ADESE,0.85,0.85,0.85,0.84,36484397.0,0.0,31011737.45,0.36782597342042084,1.0,0.0,-15.000000000000002,1.1904761904761916,2026-09-07,-1.39,-2.0,0.0,2.2,0,False,0.0,NÖTR REJİM,0.0,0.8466666666666667,0.8596310078304602,0.8876000000000033,False,NORMAL GİRİŞ,0.0,⭐,İşlem Açma (Yetersiz Güven)
GLYHO,16.47,16.47,16.69,16.21,1972825.0,-1.0216346153846256,32492427.749999996,0.6430638789227255,1.0,-3.4017595307917996,4.571428571428564,2.9611351017890217,2026-09-07,-0.79,-1.3,0.55,0.18,0,True,0.0,NÖTR REJİM,0.0,16.456666666666667,16.80809408143149,17.128799999999988,False,NORMAL GİRİŞ,0.0,⭐,İşlem Açma (Yetersiz Güven)
HDFGS,2.4,2.41,2.43,2.38,13623732.0,-0.4149377593361091,32696956.799999997,0.2900730400781295,1.0,-11.111111111111121,-9.433962264150944,2.100840336134465,2026-09-07,-1.56,-2.0,0.24,0.0,0,True,0.0,NÖTR REJİM,0.0,2.4033333333333338,2.495003641888241,2.592999999999999,False,NORMAL GİRİŞ,0.0,⭐,İşlem Açma (Yetersiz Güven)
VKGYO,1.9,1.9,1.91,1.88,17038617.0,0.0,32373372.299999997,0.6987980772010951,1.0,-3.8417298844452463,-11.884057971014496,1.5957446808510654,2026-09-07,-0.66,-2.0,0.0,0.73,0,False,0.0,NÖTR REJİM,0.0,1.8966666666666665,1.929156546924173,2.0032090920000005,False,NORMAL GİRİŞ,0.0,⭐,İşlem Açma (Yetersiz Güven)
OTTO,136.8,134.0,142.4,133.0,235579.0,1.9374068554396595,32227207.200000003,1.009916584428579,1.0,-24.21052631578947,-35.714285714285715,7.0676691729323355,2026-09-07,0.02,6.0,0.94,0.54,1,False,0.0,🪤 DÜŞEN BIÇAK TUZAĞI,0.0,137.4,156.36348745015152,172.632,False,NORMAL GİRİŞ,0.0,⭐,İşlem Açma (Yetersiz Güven)
CCOLA,78.9,79.0,79.6,78.6,1561905.0,-0.12658227848100545,123234304.50000001,0.264083314865821,1.0,-10.08547008547008,-2.7726432532347505,1.272264631043257,2026-09-07,-1.62,0.0,0.02,0.0,0,True,0.0,NÖTR REJİM,0.0,79.03333333333333,80.36285011868759,84.47300000000001,False,NORMAL GİRİŞ,0.0,⭐,İşlem Açma (Yetersiz Güven)
TGSAS,235.5,238.0,250.0,234.9,530602.0,0.9862778730703308,124956771.0,0.41403241551031683,1.0,34.57142857142857,37.31778425655977,7.151979565772674,2026-09-07,-1.29,6.0,0.15,0.0,1,False,0.0,🚨 VWAP ALTI (SABAH TUZAĞI),0.0,240.13333333333333,219.286082593486,194.94399999999993,True,NORMAL GİRİŞ,0.0,⭐,İşlem Açma (Yetersiz Güven)
AHGAZ,38.64,39.78,39.84,38.38,3335042.0,-2.670025188916882,128866022.88,0.4555577772349704,1.0,19.92551210428306,20.5240174672489,3.8040646169880166,2026-09-07,-1.2,1.15,0.38,0.0,0,True,0.0,NÖTR REJİM,0.0,38.95333333333333,36.4291886550926,35.2828,True,NORMAL GİRİŞ,0.0,⭐,İşlem Açma (Yetersiz Güven)
GENIL,11.1,11.49,11.49,11.07,11921079.0,-0.8928571428571397,132323976.89999999,0.36610890222707493,1.0,16.47429171038825,30.281690140845072,3.794037940379403,2026-09-07,-1.39,-1.45,0.13,0.0,0,True,0.0,🚨 VWAP ALTI (SABAH TUZAĞI),0.0,11.22,11.184951212796634,10.146999999999998,False,NORMAL GİRİŞ,0.0,⭐,İşlem Açma (Yetersiz Güven)
NETAS,103.3,105.9,108.2,101.8,1292030.0,0.19398642095053625,133466699.0,0.3765209658587633,1.0,56.16024187452757,57.70992366412213,6.286836935167,2026-09-07,-1.37,6.0,0.03,0.0,1,False,0.0,🚨 VWAP ALTI (SABAH TUZAĞI),-40.5,104.43333333333332,89.02515855019772,72.64800000000001,True,NORMAL GİRİŞ,0.0,⭐,İşlem Açma (Yetersiz Güven)
OBAMS,5.25,5.07,5.37,5.07,25655703.0,2.539062499999998,134692440.75,0.41962964085664184,1.0,8.024691358024684,-28.082191780821915,5.917159763313606,2026-09-07,-1.28,-1.75,0.35,1.52,0,False,0.0,🪤 DÜŞEN BIÇAK TUZAĞI,0.0,5.23,5.301206311981284,5.275400000000002,False,🎯 İDEAL GİRİŞ BÖLGESİ,0.0,⭐,İşlem Açma (Yetersiz Güven)
IZENR,6.86,6.76,6.96,6.76,26824844.0,-0.4354136429608035,184018429.84,0.6402702401513803,1.0,-22.045454545454547,-30.707070707070706,2.9585798816568074,2026-09-07,-0.79,-2.0,0.05,0.9,0,False,0.0,🪤 DÜŞEN BIÇAK TUZAĞI,0.0,6.859999999999999,7.851775776129281,8.751400000000002,False,NORMAL GİRİŞ,0.0,⭐,İşlem Açma (Yetersiz Güven)
BLUME,39.12,42.0,42.0,38.72,3078959.0,-3.882063882063895,120448876.08,0.8006159234096529,1.0,13.720930232558137,21.641791044776124,8.471074380165293,2026-09-07,-0.44,5.7,0.56,0.0,0,True,0.0,🚨 VWAP ALTI (SABAH TUZAĞI),0.0,39.946666666666665,39.80983568970499,36.746400000000065,False,NORMAL GİRİŞ,0.0,⭐,İşlem Açma (Yetersiz Güven)
RYGYO,44.88,49.5,49.84,44.76,3248314.0,-9.186564144071225,145784332.32000002,0.8116644902351509,1.0,11.199207135778007,38.86138613861387,11.349419124218064,2026-09-07,-0.41,6.0,0.98,0.0,1,True,0.0,🚨 VWAP ALTI (SABAH TUZAĞI),0.0,46.49333333333333,44.711523911750064,38.18159999999999,True,NORMAL GİRİŞ,0.0,⭐,İşlem Açma (Yetersiz Güven)
OFSYM,69.05,69.4,70.45,68.55,2066988.0,-1.3571428571428612,142693067.9,0.719589603847175,1.0,24.41441441441441,19.77450130095403,2.7716994894237867,2026-09-07,-0.62,2.25,0.18,0.0,0,False,0.0,NÖTR REJİM,0.0,69.35000000000001,64.7599512288985,58.153999999999996,True,NORMAL GİRİŞ,0.0,⭐,İşlem Açma (Yetersiz Güven)
MOPAS,25.68,25.44,25.78,25.24,1311591.0,0.9433962264150882,33681656.88,0.5488040855137699,1.0,-11.448275862068966,-40.69284064665127,2.1394611727416906,2026-09-07,-0.99,-1.15,0.49,2.19,0,False,0.0,🪤 DÜŞEN BIÇAK TUZAĞI,0.0,25.566666666666663,27.29056584061905,29.58239999999997,False,NORMAL GİRİŞ,0.0,⭐,İşlem Açma (Yetersiz Güven)
PCILT,31.12,31.14,31.9,30.72,1074886.0,-0.06422607578676806,33450452.32,0.5818626570796571,1.0,-2.506265664160403,-9.218203033838973,3.8411458333333326,2026-09-07,-0.92,0.45,0.04,0.0,0,True,0.0,NÖTR REJİM,0.0,31.246666666666666,32.82046562088352,32.5008,False,NORMAL GİRİŞ,0.0,⭐,İşlem Açma (Yetersiz Güven)
A1YEN,2.63,2.55,2.65,2.52,10702810.0,3.137254901960787,28148390.299999997,0.6086617407392175,1.0,-3.6630036630036664,-27.747252747252755,5.158730158730155,2026-09-07,-0.86,-2.0,1.5,2.63,1,False,0.0,🪤 DÜŞEN BIÇAK TUZAĞI,0.0,2.6,2.728662520185162,2.814599999999998,False,🎯 İDEAL GİRİŞ BÖLGESİ,0.0,⭐,İşlem Açma (Yetersiz Güven)
BYDNR,35.52,35.8,36.54,35.46,794896.0,-0.6711409395973011,28234705.92,0.886547156370909,1.0,-5.582137161084515,-15.38828013339684,3.045685279187812,2026-09-07,-0.25,0.2,0.43,0.0,0,False,0.0,NÖTR REJİM,0.0,35.84,37.89575806056895,38.20640000000004,False,NORMAL GİRİŞ,0.0,⭐,İşlem Açma (Yetersiz Güven)
GOKNR,17.03,16.7,17.09,16.66,1674121.0,1.9150209455415936,28510280.630000003,0.26397700998957774,1.0,-25.17574692442882,-29.453189726594864,2.5810324129651843,2026-09-07,-1.62,-1.43,1.03,2.97,0,False,0.0,🪤 DÜŞEN BIÇAK TUZAĞI,0.0,16.926666666666666,18.691728377588525,21.610000000000014,False,NORMAL GİRİŞ,0.0,⭐,İşlem Açma (Yetersiz Güven)
AGROT,1.96,1.94,1.96,1.93,14239859.0,1.0309278350515474,27910123.64,0.10590434624733604,1.0,-15.879828326180263,-32.41379310344828,1.5544041450777217,2026-09-07,-1.97,-2.0,0.63,3.4,1,False,0.0,🪤 DÜŞEN BIÇAK TUZAĞI,0.0,1.95,2.172552055489154,2.394400000000002,False,NORMAL GİRİŞ,0.0,⭐,İşlem Açma (Yetersiz Güven)
VSNMD,41.3,40.76,41.34,40.44,690577.0,1.3248282630029422,28520830.099999998,0.7042355786238519,1.0,-18.96831796612284,-29.46002335342925,2.225519287833842,2026-09-07,-0.65,-0.25,0.76,3.08,0,False,0.0,🪤 DÜŞEN BIÇAK TUZAĞI,0.0,41.026666666666664,45.268397283940985,50.52837907000006,False,NORMAL GİRİŞ,0.0,⭐,İşlem Açma (Yetersiz Güven)
PRKME,18.94,19.06,19.25,18.77,1508611.0,-0.7857517024620145,28573092.340000004,0.3622288750685657,1.0,2.934782608695667,5.456570155902007,2.5572722429408654,2026-09-07,-1.4,-1.3,0.49,0.0,0,True,0.0,NÖTR REJİM,0.0,18.986666666666665,18.54519040061822,18.948599999999995,False,NORMAL GİRİŞ,0.0,⭐,İşlem Açma (Yetersiz Güven)
KAPLM,376.75,356.75,380.0,356.25,78261.0,5.754385964912281,29484831.75,0.8182471166724345,1.0,-13.787185354691076,-35.043103448275865,6.666666666666667,2026-09-07,-0.4,6.0,2.16,3.11,3,False,0.0,🪤 DÜŞEN BIÇAK TUZAĞI,0.0,371.0,410.8080291001474,447.14,False,NORMAL GİRİŞ,0.0,⭐,İşlem Açma (Yetersiz Güven)
EDATA,17.59,17.75,17.87,17.39,1643902.0,-0.9014084507042261,28916236.18,0.5105214209577342,1.0,-6.436170212765962,13.191763191763195,2.760207015526167,2026-09-07,-1.08,-1.3,0.54,0.0,0,True,0.0,NÖTR REJİM,0.0,17.61666666666667,18.718013323624525,18.62540000000001,False,NORMAL GİRİŞ,0.0,⭐,İşlem Açma (Yetersiz Güven)
A1CAP,7.34,7.2,7.39,7.2,4024017.0,0.9628610729023425,29536284.78,0.5070132653840991,1.0,-20.64864864864865,-25.40650406504065,2.6388888888888817,2026-09-07,-1.08,-2.0,0.56,2.37,0,False,0.0,🪤 DÜŞEN BIÇAK TUZAĞI,0.0,7.31,8.089741376214466,9.06860000000001,False,NORMAL GİRİŞ,0.0,⭐,İşlem Açma (Yetersiz Güven)
SDTTR,21.64,21.7,22.44,21.54,5043199.0,0.09250693802034955,109134826.36,0.4260927085662871,1.0,-1.6362652726289006,0.8645076441686672,4.1782729805014025,2026-09-07,-1.26,-0.25,0.02,0.0,0,True,0.0,🚨 VWAP ALTI (SABAH TUZAĞI),-29.2,21.873333333333335,22.339844245414472,22.60238092400001,False,NORMAL GİRİŞ,0.0,⭐,İşlem Açma (Yetersiz Güven)
BRLSM,19.03,19.89,19.9,18.5,5798002.0,-1.142857142857137,110335978.06,0.25183292216128494,1.0,17.978921264724132,-19.839932603201337,7.5675675675675595,2026-09-07,-1.65,1.0,0.2,0.0,0,False,0.0,NÖTR REJİM,0.0,19.143333333333334,19.46863576168041,17.733400000000007,False,NORMAL GİRİŞ,0.0,⭐,İşlem Açma (Yetersiz Güven)
HLGYO,4.54,4.63,4.65,4.51,24620500.0,-2.365591397849469,111777070.0,0.6794152251177586,1.0,-2.7837259100642378,-27.0096463022508,3.104212860310434,2026-09-07,-0.71,-2.0,0.38,0.0,0,False,0.0,🪤 DÜŞEN BIÇAK TUZAĞI,0.0,4.566666666666666,4.511314349398279,4.890399999999997,False,NORMAL GİRİŞ,0.0,⭐,İşlem Açma (Yetersiz Güven)
NTGAZ,11.15,11.3,11.39,11.05,2226452.0,-1.3274336283185872,24824939.8,0.6083409121430484,1.0,2.670349907918977,-12.685982772122156,3.0769230769230753,2026-09-07,-0.86,-1.65,0.86,0.0,0,False,0.0,NÖTR REJİM,0.0,11.196666666666667,11.21572199232982,11.200200000000006,False,NORMAL GİRİŞ,0.0,⭐,İşlem Açma (Yetersiz Güven)
ULUSE,223.0,230.0,230.3,221.7,135546.0,-2.4923480542194967,30226758.0,0.7866609017123656,1.0,-27.53858651502843,-35.31544597534445,3.879115922417692,2026-09-07,-0.47,6.0,1.2,0.0,2,False,0.0,🪤 DÜŞEN BIÇAK TUZAĞI,0.0,225.0,257.11401848583057,280.3950000000002,False,NORMAL GİRİŞ,0.0,⭐,İşlem Açma (Yetersiz Güven)
METRO,8.35,8.5,8.5,8.34,3557428.0,-1.648998822143705,29704523.799999997,0.4383789668477136,1.0,14.383561643835614,-10.695187165775401,1.9184652278177476,2026-09-07,-1.24,-2.0,0.88,0.0,0,False,0.0,NÖTR REJİM,0.0,8.396666666666667,8.468690451415796,8.414399999999995,False,NORMAL GİRİŞ,0.0,⭐,İşlem Açma (Yetersiz Güven)
ERCB,44.58,43.76,45.18,43.22,570325.0,2.908587257617724,25425088.5,0.8366668466186822,1.0,-6.9311064718162845,-29.57345971563981,4.534937528921797,2026-09-07,-0.36,2.4,1.53,1.61,1,False,0.0,🪤 DÜŞEN BIÇAK TUZAĞI,0.0,44.326666666666675,45.84586283957243,48.18839999999993,False,🎯 İDEAL GİRİŞ BÖLGESİ,0.0,⭐,İşlem Açma (Yetersiz Güven)
EMKEL,13.05,12.9,13.05,12.8,2021967.0,1.1627906976744213,26386669.35,0.5439350826825738,1.0,-28.727471327143626,-40.73569482288828,1.953125,2026-09-07,-1.0,-1.88,0.73,3.28,1,False,0.0,🪤 DÜŞEN BIÇAK TUZAĞI,0.0,12.966666666666669,15.370638925014926,17.91640000000002,False,NORMAL GİRİŞ,0.0,⭐,İşlem Açma (Yetersiz Güven)
ISGYO,23.48,23.68,23.8,22.52,1126272.0,-0.9282700421940882,26444866.56,0.7041205423319629,1.0,-10.107197549770293,13.980582524271838,5.683836589698052,2026-09-07,-0.65,0.7,0.6,1.1,0,True,0.0,NÖTR REJİM,0.0,23.266666666666666,26.087520459848314,26.383199999999984,False,NORMAL GİRİŞ,0.0,⭐,İşlem Açma (Yetersiz Güven)
TBORG,139.3,143.8,144.4,138.5,187874.0,-3.129346314325452,26170848.200000003,0.4920274756414003,1.0,3.1851851851851936,4.344569288389522,4.259927797833939,2026-09-07,-1.12,6.0,1.57,0.0,2,True,0.0,🚨 VWAP ALTI (SABAH TUZAĞI),0.0,140.73333333333332,148.06153239178803,137.74400000000003,False,NORMAL GİRİŞ,0.0,⭐,İşlem Açma (Yetersiz Güven)
KZBGY,1.86,1.85,1.86,1.82,13838738.0,1.0869565217391313,25740052.68,0.3994674509366587,1.0,-8.823529411764703,-37.37373737373738,2.1978021978021998,2026-09-07,-1.32,-2.0,0.7,2.65,0,False,0.0,🪤 DÜŞEN BIÇAK TUZAĞI,0.0,1.8466666666666665,1.9684070150726405,2.1246000000000027,False,NORMAL GİRİŞ,0.0,⭐,İşlem Açma (Yetersiz Güven)
LXGYO,9.12,9.03,9.13,8.97,2928889.0,0.9966777408637859,26711467.679999996,0.3853067762665026,1.0,-18.20627802690584,-47.88571428571429,1.7837235228539592,2026-09-07,-1.35,-2.0,0.63,2.94,0,False,0.0,🪤 DÜŞEN BIÇAK TUZAĞI,0.0,9.073333333333332,10.393310425705293,11.911000000000001,False,NORMAL GİRİŞ,0.0,⭐,İşlem Açma (Yetersiz Güven)
DURKN,21.2,22.0,22.06,21.1,1261598.0,-3.1963470319634673,26745877.599999998,0.4557778130216968,1.0,5.894105894105893,2.3166023166023186,4.549763033175342,2026-09-07,-1.2,-0.1,1.57,0.0,1,True,0.0,🚨 VWAP ALTI (SABAH TUZAĞI),0.0,21.453333333333333,21.65245789201889,20.763999999999974,False,NORMAL GİRİŞ,0.0,⭐,İşlem Açma (Yetersiz Güven)
AGESA,255.0,257.75,260.25,253.75,107700.0,-1.5444015444015444,27463500.0,0.4217528943135022,1.0,6.694560669456067,7.504215851602029,2.561576354679803,2026-09-07,-1.27,6.0,0.89,0.0,1,True,0.0,NÖTR REJİM,0.0,256.3333333333333,250.8750674340818,243.424,True,NORMAL GİRİŞ,0.0,⭐,İşlem Açma (Yetersiz Güven)
IHLAS,1.06,1.05,1.06,1.04,25449579.0,0.9523809523809532,26976553.740000002,0.30510702728543326,1.0,4.950495049504955,-27.3972602739726,1.9230769230769247,2026-09-07,-1.53,-2.0,0.6,3.1,1,False,0.0,🪤 DÜŞEN BIÇAK TUZAĞI,0.0,1.0533333333333335,1.0627112141435144,1.082800000000002,False,NORMAL GİRİŞ,0.0,⭐,İşlem Açma (Yetersiz Güven)
EBEBK,80.55,81.8,82.0,80.45,256588.0,-1.4678899082568844,20668163.4,0.4155372868227223,1.0,-7.4137931034482785,-3.705917513448904,1.9266625233063979,2026-09-07,-1.29,1.37,1.07,0.0,0,True,0.0,NÖTR REJİM,0.0,81.0,82.22945716233174,81.60500000000006,False,NORMAL GİRİŞ,0.0,⭐,İşlem Açma (Yetersiz Güven)
NTHOL,42.48,42.76,42.88,42.3,489769.0,-0.42194092827004154,20805387.119999997,0.3099724146329132,1.0,-6.01769911504426,7.110438729198185,1.371158392435001,2026-09-07,-1.52,-1.05,0.37,0.0,0,True,0.0,NÖTR REJİM,0.0,42.553333333333335,43.729671316140916,44.50599999999994,False,NORMAL GİRİŞ,0.0,⭐,İşlem Açma (Yetersiz Güven)
MERKO,1.23,1.24,1.24,1.21,21511284.0,-0.8064516129032264,26458879.32,0.8889528819619896,1.0,-11.51079136690647,-43.57798165137615,2.479338842975209,2026-09-07,-0.24,-2.0,0.53,0.73,0,False,0.0,🪤 DÜŞEN BIÇAK TUZAĞI,0.0,1.2266666666666668,1.313826153648162,1.422799999999997,False,NORMAL GİRİŞ,0.0,⭐,İşlem Açma (Yetersiz Güven)
GZNMI,51.85,52.85,52.95,51.45,508512.0,-2.0774315391879155,26366347.2,0.2983333678496213,1.0,-12.044105173876167,-21.617535903250193,2.9154518950437316,2026-09-07,-1.54,1.25,1.16,0.0,1,False,0.0,NÖTR REJİM,0.0,52.083333333333336,56.52927458072597,59.467000000000034,False,NORMAL GİRİŞ,0.0,⭐,İşlem Açma (Yetersiz Güven)
KMPUR,17.95,17.96,18.22,17.84,1197652.0,-1.1019283746556436,21497853.4,0.4947012550929703,1.0,-18.70471014492753,-15.648496240601512,2.1300448430493217,2026-09-07,-1.11,-1.55,0.83,0.0,0,False,0.0,NÖTR REJİM,0.0,18.003333333333334,19.670533065666582,19.912199999999988,False,NORMAL GİRİŞ,0.0,⭐,İşlem Açma (Yetersiz Güven)
DOCO,11342.5,11707.5,11707.5,11242.5,1955.0,-1.4980460269214069,22174587.5,0.5368666758204037,1.0,0.08824178248400617,17.599792638672888,4.136090727151434,2026-09-07,-1.02,6.0,1.03,0.0,1,True,0.0,NÖTR REJİM,0.0,11430.833333333334,11402.41732024973,11311.29999999999,False,NORMAL GİRİŞ,0.0,⭐,İşlem Açma (Yetersiz Güven)
KUVVA,182.7,189.9,189.9,178.3,123376.0,-4.094488188976384,22540795.2,0.7890897671476531,1.0,14.54545454545454,10.060240963855415,6.84240044868199,2026-09-07,-0.46,6.0,2.07,0.0,2,True,0.0,NÖTR REJİM,0.0,183.63333333333335,179.7338581805722,159.12799999999996,True,NORMAL GİRİŞ,0.0,⭐,İşlem Açma (Yetersiz Güven)
BURCE,32.32,33.02,33.06,32.06,700276.0,-2.0606060606060597,22632920.32,0.39566624671005785,1.0,-10.619469026548664,-31.61235717308506,3.119151590767311,2026-09-07,-1.33,0.0,1.29,0.0,1,False,0.0,🪤 DÜŞEN BIÇAK TUZAĞI,0.0,32.48,34.94963264634165,37.671999999999954,False,NORMAL GİRİŞ,0.0,⭐,İşlem Açma (Yetersiz Güven)
SUNTK,33.2,33.0,34.48,33.0,496261.0,1.4050091631032402,16475865.200000001,0.33465558415340957,1.0,-21.1775878442545,5.732484076433135,5.272727272727257,2026-09-07,-1.46,1.2,1.23,0.24,1,True,0.0,🚨 VWAP ALTI (SABAH TUZAĞI),0.0,33.559999999999995,36.44459203625976,37.524800000000006,False,NORMAL GİRİŞ,0.0,⭐,İşlem Açma (Yetersiz Güven)
MAALT,1000.0,1006.0,1011.0,998.0,16612.0,-0.5964214711729622,16612000.0,0.34953719776878617,1.0,0.6542526421741318,-14.236706689536879,1.3026052104208417,2026-09-07,-1.43,6.0,0.61,0.0,1,False,0.0,NÖTR REJİM,0.0,1003.0,1015.2939049788447,1051.749999999999,False,NORMAL GİRİŞ,0.0,⭐,İşlem Açma (Yetersiz Güven)
ATATP,307.75,312.0,317.0,307.0,494318.0,-1.045016077170418,152126364.5,0.3324958572376799,1.0,22.123015873015873,19.747081712062258,3.257328990228013,2026-09-07,-1.47,6.0,0.13,0.0,1,False,0.0,NÖTR REJİM,-35.7,310.5833333333333,294.66609311513014,258.351,True,NORMAL GİRİŞ,0.0,⭐,İşlem Açma (Yetersiz Güven)
ISMEN,33.9,34.54,34.68,33.64,4491779.0,-1.7391304347826129,152271308.1,0.5380680685762439,1.0,-1.7391304347826129,-8.870967741935495,3.091557669441139,2026-09-07,-1.02,0.1,0.22,0.0,0,True,0.0,NÖTR REJİM,0.0,34.07333333333333,33.8333830509151,34.5932,False,NORMAL GİRİŞ,0.0,⭐,İşlem Açma (Yetersiz Güven)
SOKM,57.95,58.4,58.95,56.75,2649380.0,-0.08620689655171923,153531571.0,0.6038304206018085,1.0,13.962635201573256,19.731404958677697,3.8766519823788594,2026-09-07,-0.87,3.0,0.01,0.2,0,True,0.0,NÖTR REJİM,0.0,57.88333333333333,56.10130743037003,52.34820000000004,True,NORMAL GİRİŞ,0.0,⭐,İşlem Açma (Yetersiz Güven)
KGYO,11.94,12.04,12.4,11.92,13083468.0,-1.9704433497536964,156216607.92,0.689290366101087,1.0,24.24557752341311,-4.480000000000004,4.026845637583897,2026-09-07,-0.68,-1.3,0.24,0.0,0,False,0.0,🚨 VWAP ALTI (SABAH TUZAĞI),0.0,12.086666666666666,12.076075568774733,10.882,False,NORMAL GİRİŞ,0.0,⭐,İşlem Açma (Yetersiz Güven)
RYSAS,26.6,28.3,28.7,26.58,5958514.0,-6.007067137809185,158496472.4,0.2517872585424601,1.0,3.5019455252918372,3.6632891660171523,7.9759217456734435,2026-09-07,-1.65,2.8,0.64,0.0,0,True,0.0,🚨 VWAP ALTI (SABAH TUZAĞI),0.0,27.293333333333333,25.964681965662297,23.254800000000003,True,NORMAL GİRİŞ,0.0,⭐,İşlem Açma (Yetersiz Güven)
ISVEA,89.85,90.9,93.3,87.65,1870573.0,-2.2838499184339405,168070984.04999998,0.2604897807740616,1.0,85.25773195876286,290.99216710182765,6.446092413006264,2026-09-07,-1.63,6.0,0.25,0.0,1,False,0.0,NÖTR REJİM,-35.5,90.26666666666665,74.82416494405416,0.0,True,NORMAL GİRİŞ,0.0,⭐,İşlem Açma (Yetersiz Güven)
AVOD,4.7,4.88,5.06,4.41,36635816.0,-0.21231422505307404,172188335.20000002,3.5383771848280077,1.0,24.338624338624353,6.334841628959282,14.739229024943297,2026-09-07,5.58,-0.88,0.02,0.0,1,False,0.0,NÖTR REJİM,0.0,4.723333333333333,4.1103715143088735,4.022199999999999,True,NORMAL GİRİŞ,0.0,⭐,İşlem Açma (Yetersiz Güven)
BSOKE,24.86,24.02,26.0,24.02,7000658.0,3.669724770642198,174036357.88,0.36794772656430336,1.0,-31.211953514111787,-28.97142857142857,8.409658617818483,2026-09-07,-1.39,2.45,0.38,0.76,0,False,0.0,🪤 DÜŞEN BIÇAK TUZAĞI,0.0,24.959999999999997,29.415606931104417,33.82320000000001,False,🎯 İDEAL GİRİŞ BÖLGESİ,0.0,⭐,İşlem Açma (Yetersiz Güven)
GENTS,5.21,5.15,5.21,5.1,4025373.0,1.1650485436893128,20972193.33,0.5630409675406536,1.0,0.3853564547206083,-26.30834512022631,2.1568627450980458,2026-09-07,-0.96,-2.0,0.88,3.18,1,False,0.0,🪤 DÜŞEN BIÇAK TUZAĞI,0.0,5.173333333333333,5.257313394890488,5.5905999999999985,False,NORMAL GİRİŞ,0.0,⭐,İşlem Açma (Yetersiz Güven)
EGPRO,37.66,37.4,37.98,37.06,560718.0,-0.21197668256493213,21116639.88,0.286376310396419,1.0,10.375146541617816,-2.6873385012920057,2.4824608742579453,2026-09-07,-1.57,-0.2,0.19,1.18,0,True,0.0,NÖTR REJİM,0.0,37.56666666666666,37.13389778739405,36.31680000000003,True,NORMAL GİRİŞ,0.0,⭐,İşlem Açma (Yetersiz Güven)
PKART,127.0,126.7,130.5,126.3,186334.0,-0.78125,23664418.0,0.31936228322077137,1.0,4.958677685950414,-7.636363636363637,3.325415676959622,2026-09-07,-1.5,6.0,0.57,0.13,1,True,0.0,NÖTR REJİM,0.0,127.93333333333334,128.05253522554372,127.85600000000001,False,NORMAL GİRİŞ,0.0,⭐,İşlem Açma (Yetersiz Güven)
TCKRC,137.5,141.5,142.5,136.9,1302152.0,-2.8954802259886967,179045900.0,0.5062231943441177,1.0,-5.498281786941581,-6.271301976823442,4.0905770635500325,2026-09-07,-1.09,6.0,0.3,0.0,1,True,0.0,🚨 VWAP ALTI (SABAH TUZAĞI),0.0,138.96666666666667,151.84924200019503,146.91599999999994,False,NORMAL GİRİŞ,0.0,⭐,İşlem Açma (Yetersiz Güven)
ICBCT,19.3,19.46,19.53,19.27,689238.0,-0.8221993833504632,13302293.4,0.42849927584382574,1.0,-10.065237651444548,-8.182683158896284,1.34924753502855,2026-09-07,-1.26,-1.85,0.96,0.0,0,True,0.0,NÖTR REJİM,0.0,19.366666666666664,20.18755319523126,21.2246,False,NORMAL GİRİŞ,0.0,⭐,İşlem Açma (Yetersiz Güven)
TEKTU,7.24,7.19,7.25,7.1,3417473.0,0.9762900976290136,24742504.52,0.2885950474080751,1.0,-6.940874035989717,-33.33333333333333,2.1126760563380333,2026-09-07,-1.57,-2.0,0.67,2.51,0,False,0.0,🪤 DÜŞEN BIÇAK TUZAĞI,0.0,7.196666666666666,7.708174723534781,8.276600000000029,False,NORMAL GİRİŞ,0.0,⭐,İşlem Açma (Yetersiz Güven)
ARZUM,1.55,1.53,1.55,1.5,8675709.0,1.9736842105263175,13447348.950000001,0.70473180570578,1.0,-3.1250000000000027,-31.11111111111111,3.333333333333336,2026-09-07,-0.65,-2.0,1.81,2.92,1,False,0.0,🪤 DÜŞEN BIÇAK TUZAĞI,0.0,1.5333333333333332,1.6304896826893636,1.7561999999999984,False,NORMAL GİRİŞ,0.0,⭐,İşlem Açma (Yetersiz Güven)
HTTBT,35.64,36.44,36.44,35.3,387253.0,-2.1953896816684884,13801696.92,0.7218970319030341,1.0,-6.896551724137932,-14.73684210526315,3.2294617563739396,2026-09-07,-0.61,0.35,1.9,0.0,1,False,0.0,NÖTR REJİM,0.0,35.79333333333333,36.441735205075354,37.40840000000004,False,NORMAL GİRİŞ,0.0,⭐,İşlem Açma (Yetersiz Güven)
CRDFA,25.9,26.2,26.9,25.58,738125.0,-0.3846153846153901,19117437.5,0.3557880307821178,1.0,-15.469973890339432,-29.92424242424243,5.16028146989836,2026-09-07,-1.42,0.8,0.37,0.0,0,False,0.0,🪤 DÜŞEN BIÇAK TUZAĞI,0.0,26.126666666666665,28.209760331434225,34.2712,False,NORMAL GİRİŞ,0.0,⭐,İşlem Açma (Yetersiz Güven)
LRSHO,2.43,2.42,2.44,2.4,5452333.0,0.8298755186721999,13249169.190000001,0.38720044086455047,1.0,-10.989010989010982,-27.245508982035922,1.6666666666666683,2026-09-07,-1.35,-2.0,0.97,1.55,0,False,0.0,🪤 DÜŞEN BIÇAK TUZAĞI,0.0,2.4233333333333333,2.580336642343833,2.8334000000000055,False,NORMAL GİRİŞ,0.0,⭐,İşlem Açma (Yetersiz Güven)
AVHOL,33.18,33.6,33.76,33.0,598031.0,-1.1911852293031524,19842668.58,0.2999605557268731,1.0,-14.923076923076923,-32.451140065146575,2.303030303030297,2026-09-07,-1.54,-0.6,0.94,0.0,0,False,0.0,🪤 DÜŞEN BIÇAK TUZAĞI,0.0,33.31333333333333,35.86509846948233,37.83199999999996,False,NORMAL GİRİŞ,0.0,⭐,İşlem Açma (Yetersiz Güven)
SKYLP,183.5,200.0,200.0,183.5,108892.0,-9.960745829244361,19981682.0,1.7731070406802458,1.0,-26.6,-41.51394422310757,11.062670299727527,2026-09-07,1.7,6.0,3.58,0.0,3,False,0.0,🚨 VWAP ALTI (SABAH TUZAĞI),0.0,189.0,234.7159149209375,248.69000000000003,False,NORMAL GİRİŞ,0.0,⭐,İşlem Açma (Yetersiz Güven)
MRSHL,1573.0,1597.0,1597.0,1550.0,9224.0,-0.44303797468354433,14509352.0,0.32085375483072043,1.0,1.4838709677419355,0.5111821086261981,3.032258064516129,2026-09-07,-1.49,6.0,0.53,0.0,1,True,0.0,NÖTR REJİM,0.0,1573.3333333333333,1645.3368953202212,1785.5600000000015,False,NORMAL GİRİŞ,0.0,⭐,İşlem Açma (Yetersiz Güven)
HALKB,51.05,54.35,54.35,50.3,72080506.0,-6.071757129714819,3679709831.2999997,1.3334302690375548,1.0,37.08378088077335,11.365619546247803,8.051689860835,2026-09-07,0.73,6.0,0.03,0.0,1,False,0.0,🚨 VWAP ALTI (SABAH TUZAĞI),0.0,51.9,41.99344675260417,39.151599999999966,True,NORMAL GİRİŞ,0.0,⭐,İşlem Açma (Yetersiz Güven)
ECILC,72.1,73.15,74.0,71.7,2574059.0,-1.4354066985646088,185589653.89999998,0.4031779467783148,1.0,4.492753623188397,-15.869311551925332,3.207810320781028,2026-09-07,-1.31,3.25,0.15,0.0,0,False,0.0,NÖTR REJİM,0.0,72.6,74.27409362308185,73.44999999999996,False,NORMAL GİRİŞ,0.0,⭐,İşlem Açma (Yetersiz Güven)
MAGEN,33.76,33.9,34.42,32.9,5738662.0,-0.4129793510324501,193737229.11999997,0.3163246046725169,1.0,-9.635974304068526,-21.851851851851862,4.620060790273566,2026-09-07,-1.5,1.3,0.04,0.29,0,False,0.0,NÖTR REJİM,0.0,33.69333333333333,34.538283604323674,35.470800000000004,False,NORMAL GİRİŞ,0.0,⭐,İşlem Açma (Yetersiz Güven)
MEGMT,48.06,46.44,48.44,46.3,4133095.0,4.025974025974024,198636545.70000002,0.5080321065961333,1.0,-29.6854425749817,-38.77707006369427,4.838012958963272,2026-09-07,-1.08,2.85,0.37,2.78,0,False,0.0,🪤 DÜŞEN BIÇAK TUZAĞI,0.0,47.6,53.013085072348616,64.96860000000001,False,🎯 İDEAL GİRİŞ BÖLGESİ,0.0,⭐,İşlem Açma (Yetersiz Güven)
USHOL,77.75,78.0,79.95,75.9,254332.0,-0.8290816326530683,19774313.0,1.0,1.0,-7.824540604623586,-7.824540604623586,5.335968379446636,2026-09-07,0.0,6.0,0.7,0.0,1,True,0.0,NÖTR REJİM,0.0,77.86666666666667,0.0,0.0,True,NORMAL GİRİŞ,0.0,⭐,İşlem Açma (Yetersiz Güven)
LIDER,22.48,23.24,23.3,22.08,9311976.0,-3.931623931623924,209333220.48,0.2845687477404161,1.0,-60.97222222222223,-82.15873015873017,5.9782608695652195,2026-09-07,-1.57,0.55,0.34,0.0,0,False,0.0,🪤 DÜŞEN BIÇAK TUZAĞI,0.0,22.62,39.354587103199464,70.93479999999995,False,NORMAL GİRİŞ,0.0,⭐,İşlem Açma (Yetersiz Güven)
NETCD,116.2,117.4,117.7,114.4,1818036.0,-1.0221465076661012,211255783.20000002,0.5568876417194316,1.0,-15.058479532163748,-38.28996282527881,2.884615384615382,2026-09-07,-0.97,5.75,0.09,0.2,0,False,0.0,🪤 DÜŞEN BIÇAK TUZAĞI,0.0,116.10000000000001,126.07164022748057,136.24199999999996,False,NORMAL GİRİŞ,0.0,⭐,İşlem Açma (Yetersiz Güven)
SANFM,9.52,9.5,9.7,9.46,1670285.0,-0.6263048016701513,15901113.2,0.2663257067476822,1.0,4.961411245865483,-5.742574257425743,2.5369978858350786,2026-09-07,-1.61,-1.9,0.66,0.15,0,True,0.0,NÖTR REJİM,0.0,9.56,9.924579407386702,9.568200000000004,False,NORMAL GİRİŞ,0.0,⭐,İşlem Açma (Yetersiz Güven)
ONCSM,183.1,193.1,193.1,180.3,1174839.0,-6.7718940936863605,215113020.9,1.1804374607450756,1.0,-25.295797633618932,-34.07740774077408,8.929561841375483,2026-09-07,0.4,6.0,0.55,0.0,1,False,0.0,🚨 VWAP ALTI (SABAH TUZAĞI),0.0,185.5,226.57586483781816,246.2300000000003,False,NORMAL GİRİŞ,0.0,⭐,İşlem Açma (Yetersiz Güven)
FADE,15.84,16.1,16.1,15.77,1008521.0,0.0,15974972.64,0.3452541500327921,1.0,-5.770374776918494,-3.119266055045881,2.09258084971466,2026-09-07,-1.44,-1.67,0.0,0.0,0,True,0.0,NÖTR REJİM,-14.9,15.903333333333334,15.799444806077192,15.7502,True,NORMAL GİRİŞ,0.0,⭐,İşlem Açma (Yetersiz Güven)
IHAAS,50.5,50.4,50.95,49.98,396152.0,0.0,20005676.0,0.2856054224022669,1.0,3.061224489795918,-42.61363636363637,1.9407763105242217,2026-09-07,-1.57,-0.07,0.0,0.34,0,False,0.0,🪤 DÜŞEN BIÇAK TUZAĞI,0.0,50.47666666666667,54.118702398634994,56.03739999999997,False,NORMAL GİRİŞ,0.0,⭐,İşlem Açma (Yetersiz Güven)
PEKGY,10.5,10.49,10.94,10.45,132784924.0,0.0,1394241702.0,0.7012093276276908,1.0,-28.765264586160107,-12.5,4.6889952153110075,2026-09-07,-0.66,-1.27,0.0,0.04,0,False,0.0,🚨 VWAP ALTI (SABAH TUZAĞI),-37.2,10.63,13.979673023552163,14.614599999999998,False,NORMAL GİRİŞ,0.0,⭐,İşlem Açma (Yetersiz Güven)
HEKTS,2.79,2.65,2.84,2.64,568630245.0,5.681818181818178,1586478383.55,1.9563274146559357,1.0,-4.452054794520544,-34.04255319148937,7.575757575757565,2026-09-07,2.1,-2.0,0.07,2.36,1,False,0.0,🪤 DÜŞEN BIÇAK TUZAĞI,0.0,2.7566666666666664,2.792979703759268,2.9382000000000015,False,NORMAL GİRİŞ,0.0,⭐,İşlem Açma (Yetersiz Güven)
INFO,4.82,4.91,5.05,4.74,57829897.0,-0.20703933747411568,278740103.54,1.0290316466301388,1.0,-34.51086956521739,31.693989071038253,6.540084388185646,2026-09-07,0.06,-1.73,0.01,0.0,0,True,0.0,🚨 VWAP ALTI (SABAH TUZAĞI),0.0,4.87,6.073140703661105,6.615799999999997,False,NORMAL GİRİŞ,0.0,⭐,İşlem Açma (Yetersiz Güven)
DOFRB,113.7,113.6,115.5,109.0,2480237.0,0.08802816901409202,282002946.90000004,0.44618216992555404,1.0,-14.05895691609978,-33.03886925795053,5.963302752293578,2026-09-07,-1.22,6.0,0.01,1.01,1,False,0.0,🪤 DÜŞEN BIÇAK TUZAĞI,0.0,112.73333333333335,128.5519769931541,146.44799999999995,False,NORMAL GİRİŞ,0.0,⭐,İşlem Açma (Yetersiz Güven)
GUNDG,1131.0,1163.0,1227.0,1131.0,251032.0,-9.952229299363058,283917192.0,1.2112778268875188,1.0,-36.38920134983127,-20.90909090909091,11.052166224580018,2026-09-07,0.46,6.0,0.6,0.0,1,False,0.0,🚨 VWAP ALTI (SABAH TUZAĞI),0.0,1163.0,1639.53347143523,1863.3999999999994,False,NORMAL GİRİŞ,0.0,⭐,İşlem Açma (Yetersiz Güven)
ARDYZ,83.75,86.3,88.15,82.75,3396549.0,-2.3323615160349855,284460978.75,0.6819632781976704,1.0,7.509627727856218,29.54369682907965,6.525679758308164,2026-09-07,-0.7,6.0,0.16,0.0,1,True,0.0,🚨 VWAP ALTI (SABAH TUZAĞI),-34.1,84.88333333333335,84.9466193492192,76.04899999999999,False,NORMAL GİRİŞ,0.0,⭐,İşlem Açma (Yetersiz Güven)
BIOEN,19.43,19.11,20.4,19.08,14776862.0,0.5693581780538273,287114428.65999997,1.5021328411797201,1.0,10.6492027334852,10.901826484018265,6.918238993710694,2026-09-07,1.1,0.8,0.04,0.44,1,True,0.0,🚨 VWAP ALTI (SABAH TUZAĞI),-30.1,19.636666666666667,18.877995501471144,18.112199999999998,True,NORMAL GİRİŞ,0.0,⭐,İşlem Açma (Yetersiz Güven)
EKOS,4.84,4.83,4.87,4.8,3705696.0,0.20703933747411568,17935568.64,0.3346327105620156,1.0,-10.865561694290975,-40.61349693251534,1.4583333333333393,2026-09-07,-1.46,-2.0,0.22,0.57,0,False,0.0,🪤 DÜŞEN BIÇAK TUZAĞI,0.0,4.836666666666667,5.294805426457094,5.789,False,NORMAL GİRİŞ,0.0,⭐,İşlem Açma (Yetersiz Güven)
AYCES,440.5,447.0,447.0,437.75,41086.0,-0.05672149744753262,18098383.0,0.3376925030554736,1.0,-4.134929270946682,-26.583333333333332,2.11307824100514,2026-09-07,-1.46,6.0,0.06,0.0,1,False,0.0,🪤 DÜŞEN BIÇAK TUZAĞI,0.0,441.75,454.35736518080597,489.5449999999996,False,NORMAL GİRİŞ,0.0,⭐,İşlem Açma (Yetersiz Güven)
TRALT,50.35,50.35,51.35,50.0,51603612.0,-0.885826771653535,2598241864.2000003,0.48209579773671757,1.0,1.0638297872340448,8.512931034482765,2.700000000000003,2026-09-07,-1.14,0.88,0.01,0.0,0,True,0.0,NÖTR REJİM,0.0,50.56666666666666,51.18308485420505,50.04060000000003,False,NORMAL GİRİŞ,0.0,⭐,İşlem Açma (Yetersiz Güven)
